item_id,title,description,category
B000K2PJ4K,Five Stars,Five Stars Great product and price! Five Stars Great product and price! Five Stars Great product and price! Five Stars Great product and price! Five Stars Great product and price! Oops! Waaay too small. Will use for futur children! Great Stays vibrant after many washes Good Stays vibrant after many washes Great My son really likes the pink. Ones which I was nervous about Oops! Waaay too small. Will use for future child.,Fashion
B000KPIHQ4,These were recommended by my Podiatrist,"These were recommended by my Podiatrist Relieved my Plantar Fascitis for 3 Days. Then the unbearable pain returned in full force. These were recommended by my Podiatrist. Not the same as all my other pairs. This is my 6th pair and they are the best thing ever for my plantar fasciitis and resultant neuromas. Unfortunately, the ones I ordered from SmartDestination must be seconds as they kill my feet. The hard plastic insert rubs on the outside edges of my feet. I am unable to exchange them as I waited one day too late to use them in my walking shoes. Great inserts We have used these inserts for years.  They provide great support. Personal favorite Pinnacle seems to have more cushioning so my husband likes them better. He's tried all the other Powerstep inserts as well as other brands. This is his must have insert. He is 6'3"" and weighs 257lbs with bone spurs (plantar fasciitis) and a high instep. He is very active and wears these in all his shoes. His bone spurs rarely bother him any more. Remember to replace them every 3 months if you wear them every day, especially if you weigh more than average and/or run. Five Stars Excellent insole with good support. Great comfort! A little more cushion than the Powerstep Protech but the arch is maybe just a little lower. We love both styles. Excellent for plantar fasciitis and neuromas. These insoles help my heel feels much better. I would never wear a pair of athletic ... These insoles help my heels feel much better.  I would never wear a pair of athletic shoes with the original insoles.",Fashion
B000V0IBDM,These were recommended by my Podiatrist,"These were recommended by my Podiatrist Relieved my Plantar Fascitis for 3 Days. Then the unbearable pain returned in full force. These were recommended by my Podiatrist. Not the same as all my other pairs. This is my 6th pair and they are the best thing ever for my plantar fasciitis and resultant neuromas. Unfortunately, the ones I ordered from SmartDestination must be seconds as they kill my feet. The hard plastic insert rubs on the outside edges of my feet. I am unable to exchange them as I waited one day too late to use them in my walking shoes. Great inserts We have used these inserts for years.  They provide great support. Personal favorite Pinnacle seems to have more cushioning so my husband likes them better. He's tried all the other Powerstep inserts as well as other brands. This is his must have insert. He is 6'3"" and weighs 257lbs with bone spurs (plantar fasciitis) and a high instep. He is very active and wears these in all his shoes. His bone spurs rarely bother him any more. Remember to replace them every 3 months if you wear them every day, especially if you weigh more than average and/or run. Five Stars Excellent insole with good support. Great comfort! A little more cushion than the Powerstep Protech but the arch is maybe just a little lower. We love both styles. Excellent for plantar fasciitis and neuromas. These insoles help my heel feels much better. I would never wear a pair of athletic ... These insoles help my heels feel much better.  I would never wear a pair of athletic shoes with the original insoles.",Fashion
B000YFSR4W,size runs big,"size runs big great price for the product, though the sizes tend to be bigger (based on mens size i think).  there wasn't a size chart to refer to when i was ordering, so i ended up buying two, each at a difference size. One Star Waaaay too BIG Five Stars Comfortable Five Stars Good product for the price.  Used very day and no problem. Good fit Good fit even after washing in hot water to force shrinking. I have a 30 inch inseam and 34 waist and got a medium size. Note that these sweatpants are very thick so not good for warm climates. Good quality and great price. Excellent Product Excellent value.  Comfortable. Typical Quality Typical Hanes quality. Good weight, sized just right, made pretty well Don't sweat the pants The waist string broke first time trying them on. Luckily I don't really need the wast string but it would be nice if it did not break.

That being said the pants fit as expected and are comfortable. Probably shop around next time I make a sweatpant purchase. Five Stars Fit perfectly. I bought dark grey, and they didn't fade Three Stars They fit great. But they fade bad Four Stars I only give four stars because the pants have no pockets. Three Stars Average product.  As described. Five Stars comfy fit Returned also Nice pants but too small for a medium. Return it. Returned Nice pants but too small for a medium. Returned it. Comfy and warm. Very comfy. If they had pockets, theyd be awesome! I bought these for me to lounge around in and my husband has stolen them. I might have to buy another pair! Was terribly disappointed, the pants were way too large in ... Was terribly disappointed, the pants were way too large in the legs, my husband looked like he was wearing blown up clown pants. Three Stars As described. size runs big great price for the product, though the sizes tend to be bigger (based on mens size i think).  there wasn't a size chart to refer to when i was ordering, so i ended up buying two, each at a difference size. One Star Waaaay too BIG Five Stars Comfortable Five Stars Good product for the price.  Used very day and no problem. Good fit Good fit even after washing in hot water to force shrinking. I have a 30 inch inseam and 34 waist and got a medium size. Note that these sweatpants are very thick so not good for warm climates. Good quality and great price. Excellent Product Excellent value.  Comfortable. Typical Quality Typical Hanes quality. Good weight, sized just right, made pretty well Don't sweat the pants The waist string broke first time trying them on. Luckily I don't really need the wast string but it would be nice if it did not break.

That being said the pants fit as expected and are comfortable. Probably shop around next time I make a sweatpant purchase. Five Stars Fit perfectly. I bought dark grey, and they didn't fade Three Stars They fit great. But they fade bad Four Stars I only give four stars because the pants have no pockets. Three Stars Average product.  As described. Five Stars comfy fit Returned also Nice pants but too small for a medium. Return it. Returned Nice pants but too small for a medium. Returned it. Comfy and warm. Very comfy. If they had pockets, theyd be awesome! I bought these for me to lounge around in and my husband has stolen them. I might have to buy another pair! Was terribly disappointed, the pants were way too large in ... Was terribly disappointed, the pants were way too large in the legs, my husband looked like he was wearing blown up clown pants. Three Stars As described.",Fashion
B000YFSR5G,One Star,"One Star Waaaay too BIG Five Stars Comfortable Five Stars Good product for the price.  Used very day and no problem. Good fit Good fit even after washing in hot water to force shrinking. I have a 30 inch inseam and 34 waist and got a medium size. Note that these sweatpants are very thick so not good for warm climates. Good quality and great price. Excellent Product Excellent value.  Comfortable. Typical Quality Typical Hanes quality. Good weight, sized just right, made pretty well Don't sweat the pants The waist string broke first time trying them on. Luckily I don't really need the wast string but it would be nice if it did not break.

That being said the pants fit as expected and are comfortable. Probably shop around next time I make a sweatpant purchase. Five Stars Fit perfectly. I bought dark grey, and they didn't fade Three Stars They fit great. But they fade bad Four Stars I only give four stars because the pants have no pockets. Three Stars Average product.  As described. Five Stars comfy fit Returned also Nice pants but too small for a medium. Return it. Returned Nice pants but too small for a medium. Returned it. Comfy and warm. Very comfy. If they had pockets, theyd be awesome! I bought these for me to lounge around in and my husband has stolen them. I might have to buy another pair! Was terribly disappointed, the pants were way too large in ... Was terribly disappointed, the pants were way too large in the legs, my husband looked like he was wearing blown up clown pants. Three Stars As described. Five Stars Very comfy for wearing at home. Hanes pants So comfortable and soft. Was not comfortable. Switched to ""Fruit of the loom"" Did not fit well. Was not comfortable. Switched to ""Fruit of the loom"". Fruit of the loom are somewhat oversized but fit well and are very comfortable. large with no pockets No pockets and huge, the bottom of the pants go over shoes Fleece Pants Not much for wearing anything other than jeans. These fit OK for my size. Nice for lounging in around the house. Hanes pants So comfortable and soft. Was not comfortable. Switched to ""Fruit of the loom"" Did not fit well. Was not comfortable. Switched to ""Fruit of the loom"". Fruit of the loom are somewhat oversized but fit well and are very comfortable. large with no pockets No pockets and huge, the bottom of the pants go over shoes Fleece Pants Not much for wearing anything other than jeans. These fit OK for my size. Nice for lounging in around the house. Five Stars Love 'em, just the plain no frills no pockets not too heavy good ol sweatpants. size runs big great price for the product, though the sizes tend to be bigger (based on mens size i think).  there wasn't a size chart to refer to when i was ordering, so i ended up buying two, each at a difference size. One Star Waaaay too BIG Five Stars Comfortable Five Stars Good product for the price.  Used very day and no problem. Good fit Good fit even after washing in hot water to force shrinking. I have a 30 inch inseam and 34 waist and got a medium size. Note that these sweatpants are very thick so not good for warm climates. Good quality and great price. Excellent Product Excellent value.  Comfortable. Typical Quality Typical Hanes quality. Good weight, sized just right, made pretty well Don't sweat the pants The waist string broke first time trying them on. Luckily I don't really need the wast string but it would be nice if it did not break.

That being said the pants fit as expected and are comfortable. Probably shop around next time I make a sweatpant purchase. Five Stars Fit perfectly. I bought dark grey, and they didn't fade Three Stars They fit great. But they fade bad Four Stars I only give four stars because the pants have no pockets. Three Stars Average product.  As described. Five Stars comfy fit Returned also Nice pants but too small for a medium. Return it. Returned Nice pants but too small for a medium. Returned it. Comfy and warm. Very comfy. If they had pockets, theyd be awesome! I bought these for me to lounge around in and my husband has stolen them. I might have to buy another pair! Was terribly disappointed, the pants were way too large in ... Was terribly disappointed, the pants were way too large in the legs, my husband looked like he was wearing blown up clown pants. Three Stars As described. Five Stars Very comfy for wearing at home. Hanes pants So comfortable and soft. Was not comfortable. Switched to ""Fruit of the loom"" Did not fit well. Was not comfortable. Switched to ""Fruit of the loom"". Fruit of the loom are somewhat oversized but fit well and are very comfortable. large with no pockets No pockets and huge, the bottom of the pants go over shoes Fleece Pants Not much for wearing anything other than jeans. These fit OK for my size. Nice for lounging in around the house. Hanes pants So comfortable and soft. Was not comfortable. Switched to ""Fruit of the loom"" Did not fit well. Was not comfortable. Switched to ""Fruit of the loom"". Fruit of the loom are somewhat oversized but fit well and are very comfortable. large with no pockets No pockets and huge, the bottom of the pants go over shoes Fleece Pants Not much for wearing anything other than jeans. These fit OK for my size. Nice for lounging in around the house. Five Stars Love 'em, just the plain no frills no pockets not too heavy good ol sweatpants. size runs big great price for the product, though the sizes tend to be bigger (based on mens size i think).  there wasn't a size chart to refer to when i was ordering, so i ended up buying two, each at a difference size.",Fashion
B0012DR1LU,Five Stars,Five Stars Havaiana's are THE BEST!!! I love Havaianas! Perfect color! Five Stars Havaiana's are THE BEST!!! I love Havaianas! Perfect color!,Fashion
B0014F7B98,Love them! So light feeling,"Love them! So light feeling Put them on and walked 3 hours with no problem! Love them! So light feeling Five Stars excelente you feel like you have a lot of room The shoes fit well in the arch area. They are a little wider in the toe area of the shoe, you feel like you have a lot of room. This does not make the shoe uncomfortable, just had to get used to it. Love the shoe. Exactly What I Was Looking For Tried them on in a store before buying online so I knew they'd fit good. Overall I was looking for a durable cross training shoe that would hold up to my rigorous training and these have been great so far. They are really light and comfortable. Most importantly for me they have grips on the bottoms so my feet don't slide out from under me while doing planks, push-ups, etc. Highly satisfied with this purchase. Five Stars I recommend that! Good shoes, tolerable price. My son likes these, and this is the 2nd pair he's worn. Five Stars Really great for walking I'm very glad I got these and the color is fun Five Stars Love these shoes. My feet feel so much better. Lots of padding and light enough to run in. Three Stars ok but too big Five Stars Love these shoes.. they are so comfortable. Great Shoe In really like these. I wear between a 9-9.5 womens, I got the 9.5 and they fit perfectly. They are light weight but have good support. I will buy another pair. Love these shoes Love these shoes!
So stylish and comfortable. Just got back from a trip to NYC, Black and white Nikes and yoga pants are in high fashion right now! Its not as comfortable as I was expecting This shoe is JUST OK. Its not as comfortable as I was expecting, compared to my last pair of NIKE shoes. I hope they hold up. Very Comfortable Best tennis shoes I've had all my life. Very comfortable out the box. I would buy 10 pairs of these shoes if had the money. The color pattern and fit is what I liked the most what I liked the least is that ... The color pattern and fit is what I liked the most what I liked the least is that they are not easy to clean and stains do not come out very easy or at all Great shoe for the price! love these shoes. Workout in them 3-4 times a week at the gym. I do treadmill, stairmaster, cardio classes and weight lifting. lightweight and versatile shoe. Great shoe! Great shoe. I've had Nike's before and have always been pleased with the comfort, performance, and quality. Though I will say this was the first time I ordered a pair online without trying them on first, so I was nervous. But this turned out to be a great choice. Breathable, lightweight but sturdy, and comfortable during all my workouts. The built-in arch support is great and I've had no discomfort after 2 weeks of use. As far as the sole thickness and cushioning goes, I would consider these a 'medium' build (not thin, not overly thick) so if you're into heavy running outdoors then take that into consideration. Everyone is different in their preference for cushioning, but I think for light runs on a treadmill they would be sufficient. Love these, highly recommend! Three Stars The material is real then hope they don't fall apart . to expensive for what you get. Three Stars Nice Five Stars Gracias Love these shoes Love these shoes!! They are true to size and very comfortable!! This is my second pair - I wore out the first pair!! Good arch support - I have a high arch!! Five Stars  Great cross trainer Great arch support and comfortable. They are comfortable for the most but just a bit narrow It looks a bit nicer on the picture. Its very light in such a way that when I held the box I wondered if there was just paper filling inside. They are comfortable for the most. Good looking training shoes overall. staple sneakers second pair. Comfortable and great for people with bunion issues or previous surgeries.  Sole wears great Great looking shoe My daughter loves these shoes. Fit true to size. Great shoes. Purchased for my daughter for gym class.  She loves them.  Very cute and very comfortable. Style 10/10, Comfort 3/10 Great look but zero support inside the shoe. Had to buy expensive inserts to be wearable. Expected more from a nike shoe. these shoes are great! Very lightweight and fits comfortably on my feet ... Straight out of the box, these shoes are great! Very lightweight and fits comfortably on my feet like a glove! I love most especially that the sole is not bulky like my previous running shoes  I hated those things lol! I would give them a shot and they are great for the price! Great shoes. Fit perfectly Great shoes. Fit perfectly. Comfortable right from the start. Light weight and perfect for a 12 hour work shift. Good price also. Five Stars I love them! They fit perfect and are very comfortable!! Perfect. Lightweight and comfortable all day Love these lightweight shoes! Absolute favorite. Always order half a size bigger with nike shoes than with every other shoe in my closet. My knees feel better so so hard so good My knees were bothering me during HIIT workouts so i  purchased these shoes after researching many styles.  Fit true to size and are lightweight.  My knees feel better so so hard so good.  They are cute in too!! Five Stars Love the color! Comfortable, lightweight Xtrainer Comfortable athletic shoe,  good for the gym (ellipical, tredmill, etc.) Fit is good, and shoe is really lightweight and comfy. Great shoe! The shoes fit perfectly and came within the time frame i was given.  Very comfortable, which is needed since my job requires a lot if standing abd walking throughout the day. Returned...looked cheap They looked very cheap Fits to size The fit is as expected Very comfortable shoes. This is my second pair of this ... Very comfortable shoes. This is my second pair of this style of shoe because I loved them that much. Sleek and sporty Comfortable, consistent each time I order and good looking I love the shoes and the description and photos were accurate I love the shoe and it fit as expected the photos and description are accurate if you're looking for a shoe that has more cushion or support try a different style but as far as wanting a lightweight and breathable shoe this is it. I am very satisfied with this purchase Great fit! These are so cute and comfortable and very light. I just received them today and the fit is perfect. I normally wear an 8 1/2 and they are true to size! Lightweight I always order a 1/2 size up in workout shoes. Squeaky soles I wore these shoe one time, from the airport in Omaha, NE to the airport in Phoenix, AZ. When I arrived in Phoenix, the left shoe/sole started squeaking and won't stop. I want to return for a refund. Need instructions for returning as no paperwork was in my package when it arrived. Two Stars They run big and are super uncomfortable and the soles squeak. They don't breathe at all. Comfortable and Exactly what I expected! Comfortable and chic Their Cute and Pink They were a gift  to my daughter she loved them Five Stars Love these comfy shoes. they fit like a glove. Smooth and confortable. Very confortable. Five Stars i love these shoes. decent arch support and comfortably to wear all day doing regular activity and sprinting Lightweight, decent arch support and comfortably to wear all day doing regular activity and sprinting. Five Stars daughter loves them Good shoes I ordered a 1/2 size smaller than my usual size, and they are perfect. These shoes are hard to find. Great customer service as well. Good shoes Very good overall.
Now Ive been a huge Sketchers Go Walk fan for some time and the only reason I tried these instead of the latest number 4 of those is because the tread looked too slippery to me.
These shoes are very sturdy and the grip of the soles has been very solid so far. I use them for basic workout cardio and cross training, as well as work as a massage therapist (I go through shoes fast enough that Ive recently consolidated).
If you're a Go Walk fan, these do not offer the same level of cushion-comfort as those, HOWEVER, they offer the kind of long-term comfort to make them a durable option.
The material of the shoes seem very durable and the breathable. My feet do not feel hot in them.
Now these shoes are ideal for a basic workout or cross training, I would not get them to do 25,000 steps in Walt Disney World.
Solid choice, overall. Five Stars Wife loves them! Five Stars These shoes are extremely comfortable, and fit as expected.  Will purchase again. One Star Artculo equivocado en color Glad I read the reviews and ordered a half size ... Glad I read the reviews and ordered a half size too big. These are light weight. I worked out in them last night and had a great work out. They are very comfortable. I would recommend these to anyone. I am a Beach Body Coach and these are now my new favorite shoes to work out in. I feel like I am walking in slippers when I wear these shoes. They are so comfortable. I LOVE them so much. I never buy myself anything nice and for Christmas got an Amazon gift card and used it to buy myself these sneakers and they are so awesome. I really do love them and have been telling all my friends about them. GET THESE SHOES! Not in perfect condition On the left shoe, there were two stained yellow spots. Very comfortable, cute, and long-lasting I love these, I had the previous iteration (or maybe two earlier?) and finally wore them out after several years. They are definitely a light-weight training shoe so I wouldn't get them if you are going to be doing a lot of running. But this also makes them extremely comfortable, I hadn't realized how hot running shoes made my feet until I switched to these. Good support and my feet stay cool all day, also noticeably light but well-made and long lasting.

I have worn them hiking in a pinch but don't really recommend it because the material is mesh-like and will let a lot of dirt in. But if you mainly take cardio classes and/or do weight training or just need something to wear around town look no further. Super light-weight, nice tread and arch support - love them so far! Super light-weight, decent arch support (mine is higher than average).  I was pleasantly surprised by the sole/tread on these for my circuit training classes, as I couldn't really tell by online pics.  Also pleasantly surprised that these ran ever so slightly bigger than Nike running shoes I use to wear 15+years ago - I always wore one to 1.5 sizes larger in their ""Hurache's""/running shoes, so I was really worried my size 6 would be too small - there is actually more toe room in these shoes than any other size 6 shoe I own (athletic, heel, boot).  But it is the correct amount of room from big toe to edge of shoe for me (an inch or less, I don't want my big toe being jammed into edge of shoe when lunging, jumping, etc.).  Shoes arrived with an odd yellowish color on side of one shoe, but no damage to box, paper lining etc - I was happy that a clorox wipe easily cleaned the shoe and did not discolor any further.  I am very happy and highly recommend, although I have only worked out it once! Five Stars I Love it. It is very light and the color is great. My wife loves these shoes. We have both been ... My wife loves these shoes. We have both been wearing sketchers and new balance for several years and recently we have both purchased Nike. There is a reason why Nike is still number 1 after all these years, you just cant beat their comfort. New Favorite Shoes Absolutly love these shoes!! Beautiful color, comfy, and lightweight Foam compresses I **loved** these shoes when I got them. I've noticed that the foam inside tends to compress during a workout, though. I'll lace them tightly enough that they're nearly cutting off my circulation. 20 minutes later, I'm sliding out of them while doing sled pushes. Five Stars She loves them I usually wear a 9 but could have easily ordered a 8 These are a bit longer than they should be. I usually wear a 9 but could have easily ordered a 8.5. The width is accurate.

The pink is even pinker than shown and the light gray is over the very bright pink so it isn't as gray as shown in the picture. It makes the shoe a bit overwhelming. Also two grommets on each shoe is dark. I'm not referring to the dark grommets closer to the toe as shown in the photo, I'm talking about two grommets up at the top of of the laces (opposite side of side shown in photo). I thought it was faulty at first until I noticed they were on the same side of each shoe. Kind of odd and not pictured.

Overall, they are very comfortable shoes which is why I am keeping them...even if you can see me coming from a mile away. Five Stars great Five Stars c Five Stars Love them! Fits snug Very nice shoe, just a bit to snug/small for my foot. The Flex wire really makes it the shoe fit tight to your foot. I need more ""wiggle"" room in my footwear, otherwise I would have kept them. Not sure why, but my mid section of my ... Not sure why, but my mid section of my foot starts to hurt using these shoes for a long day or a tough workout at the gym. I've owned other nike shoes of this line but that never happened to me. Love My New Gym shoes! Love them Five Stars Perfect! Five Stars Perfect! TOO NARROW! I usually wear a size 8 and they fit fine. These are way too narrow. Thought they might stretch out but they didnt. Had to give away. Consider sizing down 1 size Great shoe! Outside arch is kind of high, but I'm still breaking them in. So I'm sure that will work it's way out. I originally ordered a 9, my regular size, and it was a tad too big. Returned and ordered an 8.5 and it fits perfect! Seem to Run Big I had to return the first pair and buy a 1/2 size smaller.  First time I've had to buy smaller for Nike. Five Stars Fit comfortable Perfect for trails My favorite running shoes!  The wall of the shoe is very thin, which makes them very comfortable to wear if your feet swell as you run.  I would not recommend for use on concrete or a treadmill, as there isn't very much impact absorption, but they are perfect for trail running! Four Stars Nice fit Zumba) - and really wanted to like them, since I loved the color and the ... I bought these for gym training - weight class and dance class (body jam, Zumba) - and really wanted to like them, since I loved the color and the light weight feel. But when I worked out high impact, my toes tingled, went numb and cramped because the toe bed is very narrow. Also, there wasn't enough cushion for me. When doing lunges, the ball of my feet hurt. Can't return them because I wore them several times. These might be fine for someone with a narrow foot. Five Stars They fit perfect, extremely comfortable Three Stars No arch support but l love the colors! Size problem Shoe was somewhat large Five Stars love them! True to size, would recommend This is a great shoe for in gym workouts. I did take a 10 mile hike and had a blister on my pinky, but other than that these are very comfortable shoes! Best birthday present Comfortable and light Purchased these for my wife as she has a similar ... Purchased these for my wife as she has a similar pair that is wearing out.  She has feet are difficult to fit and these fit perfectly without pressure on sensitive portions of her feet. I have pretty high arches and my calves always hurt at the ... I have pretty high arches and my calves always hurt at the gym with other shoes. I have been on the hunt for a good cross trainer that I can use to lift, take gym classes, and lightly jog/run on the treadmill. These have been wonderful! I don't ever have any pain in my calves or my feet when wearing these and they fit like a glove. Highly recommend! Five Stars Great shoes Five Stars These were exactly what I expected. Five Stars Love love love They are really light and not as sturdy as what I was looking for but over all ... I always wear a womans 9 in Nikes but these are bigger than usual. The right one almost slips off my foot a bit.  They are really light and not as sturdy as what I was looking for but over all not bad. Five Stars These shoes are awesome!! l always buy Nike shoes and been happy so far l always buy Nike shoes and been happy so far, but this time my left shoe fit perfectly while the right shoe was too loose on my heal and when I tighten it more it was hurting side of my foot. Honestly Fantastic Shoes Bought these as my back up shoes but they have turned into my daily ones I go to! So comfortable and my feet don't hurt after long hours on my feet. I own a cleaning business so I need my feet not to hurt in the middle of the day. Absolutely love these shoes and color Absolutely love these shoes and color!! They are perfect for running! I run roughly 4 miles 3x per week. This is my second or 3rd pair of this exact style. Fit is perfect! Five Stars Super comfy! Nike runs small Ordered half a size larger than my usual shoe size and fits perfectly. Five Stars Fit well. Five Stars The fit was perfect! I Highly recommend this shoe. Very Happy Customer Obsessed with these shoes! I was looking for good all around sneakers (running, walking, tennis, etc.) and these more than fit the bill. I was looking specifically for black nikes (I love the fit) with white soles (good for court sports); I was a little reluctant to purchase because I wasn't sure whether the black on the soles would contact the ground, but it doesn't! and very comfortable. Cute shoe, fit as expected, and very comfortable. nice sneakers. Fit as expected On time, nice sneakers. Fit as expected. 5 stars Perfect fit, as always. Five Stars Great shoe, very comfortable Five Stars Love these sneakers! Perfect fit and super light These shoes fit like a glove These shoes fit like a glove! Light but very supportive! I have worn them several times and feel very light on my feet. Five Stars Fit true to size Five Stars Love the fit Nike always makes a good shoe. Nike always makes a good shoe ..abit rough breaking them in but after 9 hours on my feet anyone's feet would hurt abit One Star Oops! I returned these because I ordered wrong size! Five Stars Extremely comfortable sneaker!  Shoes Good looking shoe Love these shoes I have had this style before in a different color and have received many compliments on the shoes.  They are great walking shoes!  I wear orthotics and these shoes are one of the best I have found to accommodate them for fit. I loved these shoes I loved these shoes...that is until after about an hour of wear, the green inserts on the sole of the right show began falling off. The wear was in my home, on smooth floors. I can only assume they were defective. perfect Great! Super comfy and cute! No issues and fit perfect! Five Stars Good shoes found a Ryka pair I liked I returned them...found a Ryka pair I liked better Five Stars BEST sneakers I've ever purchased!!!! Five Stars Excellent ...!!! the best sneakers by far the best sneakers by far! I had never owned a pair of Nike sneakers, and I went solely on the reviews by others...
And I absolutely loved them!! Classically comfortable and durable Love these shoes. I've been buying Nikes for years now. I bought this pair for work and everyday wear and another pair for working out and active wear. They also last a long time in my opinion, especially if you take care of them. Four Stars Right one is slightly tight.. hope it will stretch out.. !! the Nike Womens Flex Trainer 6 is way better looking and costs about the same They're ugly: the toe is rounded and the material is weird. the Nike Womens Flex Trainer 6 is way better looking and costs about the same. Five Stars So lightweight and awesome! Five Stars Luv them!! Love the color and fit Love the color and fit. I use them to work on at the gym on the treadmill and they are very light and comfortable. OK Bought these shoes with HIIT in mind, but not too sure how I like the fit on my foot. First time to wear them, not great for running. Maybe after they're broken in a little they'll get better. If you just need a comfortable pair of shoes for walking, they're fine. Great fit! My daughter loves them. Great fit! Very satisfied with the seller - delivered on time This is a very attractive shoe. It is true to size and fits as expected. Very satisfied with the seller - delivered on time. Four Stars Fits good, very lightweight. Comfortable shoe for both workout sessions and walking Comfortable shoe for both workout sessions and walking.  Neither too bulky nor too light.  This is my second pair because they fit and have no neon or pink colors, just nice basic B&W. Five Stars  Five Stars Nice These are the best shoes I have ever use for my workouts These are the best shoes I have ever use for my workouts!!! I love them and buy them in bulk!!! LOL I love these shoes I love these shoes.  They fit as expected and they look really nice on.  These shoes have a narrow base which I really like.  I don't like the ones that make your foot look wide. Five Stars Love this product.  Great fit. Low cut heels Very low cut heel so if you training and pushing sleds - I ran right out of shoes! Although the traction on toe and heel are great Perfect Just what I needed for Group Fight class. Quick movements and footwork are so easy in these sneakers. Love them. Exactly what I wanted Love! Great price too. Light shoes It's been a long time since I've worked a cross training shoe. This shoe is very light and minimally passed compared to running shoes. That's not meant to be a knock, just a fact.

I ordered the shoes half a size up because as a former runner, I'm used to my feet needing room to spread and swell. I wish I hadn't because they feel a little roomy. I have orthotics, so I think I can remedy the issue once I swap those in.

Otherwise, very good shoes Good indoor training shoes Good indoor training shoes for running on treadmill, doing lunges and regular exercises at the gym. These are very flexible, light weight and comfortable. Grip is okay - sticky rubber is used only at the edges of heel and toe areas so I slipped a little when I worked on cable machines, resistance band, etc. on un-carpeted floor.  I would emphasize that if you do lifting as a part of your everyday routine workout I would not recommend them because mine (cushion) lasted only for six months and this is the reason I gave three stars. Other than that, I liked them! So Perf. Perf. Five Stars Best shoes ever!!! Five Stars Fit good Great work out shoe I use these for my Cardio Dance class and they are perfect and very cute. I would definitely recommend. They also cam earlier than expected!! I love these shoes so much that I reordered another pair ... I love these shoes so much that  I reordered another pair online. It's hard to find shoes that fit my really wide feet! The heel back is my favorite part on them, they're thin and feel like another layer of skin, not bulky or tight at all.  I walked all over Europe in these! Comfortable, light weight, nice. Love these sneakers. Light weight and comfortable even without socks. Four Stars Nice product I feel like this pair of shoes was made for my feet I feel like this pair of shoes was made for my feet. Great fit and comfort! Very pleased with this purchase. Awesome shoes!!! Quick tranasaction!!!  Loved the shoes!!!  Would purchase from them again!!! Just wasn't what i was looking for I got the impression it's cushiony and comfy by reading the reviews on this product, when i tried it on it was a much firmer than my other work shoes, i'm standing all day and need enough support and comfort, this isn't the right product for that.
So i had to return it, but i would assume it would work fine for training.

It looks decent and clean. and seems sturdy.  just not the right thing for me.
I was refunded instantly upon returning so.. credit for that. So comfortable, I don't even feel like I have a ... So comfortable, I don't even feel like I have a sneaker on. Based on the other reviews I got a half a size up and glad I did. Five Stars they are very comfortable feel like you have nothing on. Five Stars My favorite nike shoe Five Stars Super comfortable and extremely lightweight. Great for crossfit! Five Stars Beautiful I love them comfy Falling apart already!! I've not even had them a month and the bottom is coming off. I'm not happy! Five Stars Love them! Fit exactly as expected in length and width! I would definitely buy these again. Five Stars Great shoes love the fit My second pair, love the fit, light weight and great support. Nike I have wide feet and these were too narrow but very nice looking. Nope Ugh... way to large - is this for a man? It is comfortable. The shoe fit has expected. It is comfortable. Perfect cross trainers They fit great, look great, are quite comfortable and are just what I was looking for! Great training shoes Super comfy, true Size , I use them for boot Camp,  cross fit and they are great , absolutely recommended it. Amazing training Sneakers. Love them absolutely comfortable. I'm very picky with sneakers and this ones for the price are great I use them for cross fit , boot camp & they work great . The sole is very flexible , true size . I have a wide feet and they fit perfectly. Very nice looking Great sneakers. HIIT shoes Wife happy with fit. Four Stars They run big. Order a full size smaller. Lack support but overall good shoe Super light and very comfortable. I'm a runner and they lack a bit in arch support, so the soles of my feet are a sore. I'm going to add an insert to try fix the problem. Adorable shoes Just because they are white, they do need a washing regularly but I have received many compliments on how pretty these white and pink shoes are. Extremely good Nike quality. Highly recommended. Wide sneaker for wide feet Arrived in time. Fit as exoected. They take some breaking in but I wore them 2 days in a row for more than five hours per day. I've been using these to exercise and they are nice a roomy and allow my feet to breath I've been using these to exercise and they are nice a roomy and allow my feet to breath. Also love the colors. Five Stars Comfortable from the start and very light. Five Stars As expected. Great training shoes Lightweight, comfortable, supportive. Very happy I bought these shoes for working out. Five Stars I love these and have them in a light blue too. Very light weight, airy, and comfortable. Five Stars good quality Four Stars Very comfortable sneakers and I also like the way it fits. and they were great! Super comfortable Purchased to wear for weightlifting and Zumba. Zumba trial was last night, and they were great! Super comfortable, good ventilation! Not too much padding, very minimalist, which is just what I wanted Five Stars Comfortable and lightweight. I love these shoes my second pair of 40 plus $ ... I love these shoes my second pair of 40 plus $ shoes and they both have certainly out done the $100 K-swiss that I'm looking to return . The shoes are extremely comfortable, all my clients love them, just wish they came in more colors. They fit as expected and perfect for training They fit as expected and perfect for training, the shoelaces are a little bit too long. Other than that these shoes are as I expected them ! Five Stars Extremely well fitting and light weight Five Stars Perfect Five Stars Love them Very Good For Everyday I love these shoes and have worn them for a long time. That are comfy, thinner on the top & sole and are very cute! Great shoes Fast shipping and turned out as expected. Couldn't be happier. Love these shoes I have been wearing for a solid week during my work outs & they are great for comfort and they are light weight. Five Stars Love these shoes for circuit training. Super comfortable. I joined Cross Fit and this is ... Super comfortable. I joined Cross Fit and this is the perfect shoe. Five Stars just do it :) Sooo comfortable Love these, comfortable, light weight, great fit. So happy. I love this show. the shoe is nice and provides well for my HIIT and Grit classes ... The shoes are true to size. I am used to wearing running shoes so these have been an adjustment. Overall, the shoe is nice and provides well for my HIIT and Grit classes I take. Look amazing, runs slightly big. Love them!  I ordered an 8.5 because I usually wear that size but these are a bit big. I wish I ordered an 8. They are really comfortable and I enjoy wearing them. Four Stars Very comfortable. Five Stars Very nice shoes.  Comfortable. Five Stars Very comfortable. I love wearing them. Five Stars Great fit so comfortable love them!!!!! Decent little shoe for the price. A nice lightweight shoe. Not a lot of cushion so I wouldn't run long distances in them. Attractive and fit well I really love these shoes.  They are attractive and very comfortable.  They work well for my daily workout and fit well. Runs large Comfortable shoe.  First time I've ever bought nikes that feel so large.  It feels about 1/2 size too big.  I bought 7.5.  I normally wear exactly that size and on occasion an 8. One Star Ordered 9(m) received 9 Wide for the second time. Returned them for the second time. Five Stars Nice shoes I love the fit and they provide support for walking This is my second pair of these shoes.  I love the fit and they provide support for walking.  I like the way the shoes fit around my ankle, as many shoes are uncomfortable because they come up too high in the back.  Try them! Good Shoes! There is about a 1/2 inch of extra space from the tip of my big toe to the front of the shoe. That's okay, though. I usually wear socks, so it doesn't feel too big, even if it does make your foot look a bit long.

The colors are vibrant, and the sole has plenty of grip, even on a slippery floor. I wore them for most of the day and they are comfortable.

Overall, I'm very pleased with this shoe. Great shoes Got them for my girlfriend. She loves them. Says it's like wearing slippers because they are incredibly light. Good shoe Serves intended purpose Five Stars They are super comfortable. Loving them. Love These Shoes! I have gotten so many compliments on the blue color and look of this shoe.  It is super comfortable.  The grip is wonderful for my indoor gym cross training classes.  I always order a half size larger in Nike brand shoes and thy fit perfectly as I did with this shoe. Not my favorites... Fit is fine, but not much cushioning in the footbed. The first time wearing them on a long walk I developed a blister on the bottom of my foot. Perfect for the gym Perfect for the gym, could use a little more support in the toe area but very comfortable and light. Fit true to size. Meh Meh, felt very comfortable but provided no support. Seem like a good option for walking around in the summer but not for aerobics or lateral movements Five Stars Love these! Super light and comfortable! Five Stars Loved the products and services!! Hurry before they're gone! It's hard to find a lightweight athletic shoe with a wide toe box. This shoe has that. I am happy with the support for walking and everyday wear. I wouldn't run in them. Now I just have to stock up on as many pair as I can afford before Nike discontinues them :). Don't you hate when that happens? Amazing The shoes are amazing,very comfortable and fit as expected highly recommended. :) Five Stars Super comfy!! Not quite wide enough I needed a wide size, that option was not available. So I went up a half size bigger hoping that would work. It's not quite comfortable but I am  able to wear them. I like the shoes. Not quite wide enough I needed a wide size, that option was not available. So I went up a half size bigger hoping that would work. It's not quite comfortable but I am  able to wear them. I like the shoes. Five Stars Look great Simple look, outstanding comfort! I love these shoes. I am rather basic when it comes to Nikes, I don't need all the cool colors, so these look amazing and feel amazing, like they were made for my feet. I definitely suggest purchasing them. My second favorite. Cute and comfy. Sleek design. My only complaint is the fly wire loosens up and my shoe sometimes slips off my heels during heavy sled runs. I have two pairs of this style. Five Stars I love them! Fit to actual size. normally Nike fits small so we go up a half size. These actually fit to my wife's appropriate size. So be ware when you order. Five Stars love these shoes. use them to workout inside and to work Too small, flimsy upper I was shocked at how small these shoes were, not true at all to size, and I own multiple shoes in this brand. The quality could have been better, in my opinion -- very little support from the upper. Great for kickboxing Great shoes - was looking for something to replace my barefeet so I can wear orthotics while kickboxing. These are light weight, hug my feet comfortably and have a thinner upper so I can still feel the bag when I kick AND they have good lateral stability. My feet are on the narrow side so it's hard to find shoes that are snug enough. These are perfect. Oh, and they are really cute too. These shoes are great for walking - so very comfortable They fit perfectly. These shoes are great for walking - so very comfortable. Love them. Good choice for training shoe Good fit and comfy.  Not so cushiony so definetly better for training and not for running or aerobics. Bought size 8 which is my usual size. Five Stars Light weight and comfortable They are slightly longer in look then I was would like but I think that is typical of cross trainers I was wearing running shoes for cardio dance classes at the gym because I thought they would be sufficient. After getting 2 blood blisters I did some research and found out cross trainers would be more appropriate which is how I ended up buying this pair. They are slightly longer in look then I  would like but I think that is typical of cross trainers. Also, the lacing is done in a way that allows you to tie too tightly if you're not careful (my toes were tingling during one particular work out when I had done this). Other then that I am very happy with the shoes. I love them but they are definitely bright orange/coral and not ... Nikes usually run small and I'm a 7.5, so I ordered these in an 8 and they were actually very roomy.  I love them but they are definitely bright orange/coral and not bright crimson like the description said.  I thought they'd be more red in hue to wear with my Ohio State clothes, but instead I use them for running. Color was not at all what i expected. It ... Color was not at all what i expected.  It was more orange then red.  Not sure that I am going to keep them. Super cute and on sale!! Perfect fit! Brand new in new box completely perfect condition and on sale!!! Awesome! Highly reccomend! Super cute shoes. Three Stars Squeaky then you should pretty much know your size If you wear Nike on the regular, then you should pretty much know your size. I wear only 7's in Nike, and it fit just as expected. I have many of the trail runner generations, and love them all. they're my go to sneakers for the gym use, or casual wear. I have a pair I used mostly for casual wear that have lasted about 5 years. Another pair that I used for cross fit/outdoor runs that lasted a little over a year (very vigorous daily use). All in all, these shoes are great for me. They're lightweight, and comfortable. Nice Support Great arch support and cushion both for the heel and ball of the foot. Great aerobic shoe! Good Sneaker Good quality, perfect fit.  It's a Nike! Satisfied Size 8, but purchased 8.5 for a more comfortable feel, considering shrinkage as a result of perspiration. Too large I've always gotten this size in Nike shoes with similar description, but these are too long- at least an inch and 1/2. colors look great together. Very lightweight. Normal Nike quality. Pink is very bright , colors look great together. Five Stars Love them!! but if I wear thick socks they are fine. Also Arrived on time. I probably should have gone with a 7.5 instead of an 8 because they do seem a little big, but if I wear thick socks they are fine. Also, they can sometimes make a very annoying squeaky noise when I run on certain surfaces so I'm trying to get them worn in. Over-all, I am satisfied with my purchase! Poor quality for Nike After less than a week the sole ripped off on the outside of the shoe 4/5 The lines don't really show up unless there is a bright light on them. But other than that they are perfect. They are very true to size and are comfortable the first time you put them on. LOVE! I love these!  I ordered an 8.5 which is my normal shoe size and they fit great.  I used them for my strength training class and they performed well, and they are sooooo pretty!  Comfortable, low profile and stylish! Five Stars Cute and comfortable Five Stars Very comfortable. Correct size Sizing was perfect as ordered. Quality appears good, still new, not too much more to report. Perfect for the gym Size really depends on the brand.  I wear a 6.5 in Nike and they fit me perfectly.  These shoes are comfortable, they wrap around my feet like a bandage but do not restrict movement. ... opened the box to see the color is exactly like the image shows I was really excited when I opened the box to see the color is exactly like the image shows! I have the Nike flex tr 5 and used the same size to order these. They are a little bigger than expected but still comfortable. I ordered the Nike Women's Flex Supreme TR3 instead and love them! Returning these. the pictures on here make the shoe appear all black with a touch of pink in the check. however, the whole shoe has pink coming through. I was looking for an all black shoe. I ordered the Nike Women's Flex Supreme TR3 instead and love them!!! so light & comfortable! wow these are the most comfortable, light weight shoes. I love them!! Five Stars love the lightweight and the fit Five Stars fits perfect, my daughter loves them these were a perfect fit. They are light and very comfortable Finally, after trying about 10 pairs of Nike's, these were a perfect fit.  They are light and very comfortable, I really just forget about my feet when I'm wearing them. Five Stars Came quick and my daughter LOVES them Five Stars Great Gift - she loved it!  It's a nice shoe! Just what I wanted! Perfect! Bought these for my daughter and she loves them. ... Bought these for my daughter and she loves them.  She tried them on at a retail store a couple months prior, so I knew her exact size. Five Stars Great product and fast shipping! Tried one in the store and bought it online but ... Tried one in the store and bought it online but it was a different  kind of shoe . Too big , different fit ! I had the older generation of this shoe that survived ... I had the older generation of this shoe that survived 2 or 3 mud runs and of all my aches and pains, my feet was not one of them. This is because of this shoe. Nike really dropped the mic with this. Five Stars This pair fits perfect.....the first pair was wrong size in the right box.....definitely order again!!!!! Not true to size I returned these as they were not true to size. They ran large. One Star wrong shoes Nice There very nice Great I actually have 3 pairs of these trainers.  They are very comfortable, there is a neoprene sleeve that goes around your ankle that makes them the most comfortable for me compared to normal athletic shoes.  They run a little narrow - for me this is perfect, but you may want to round up on the size or try on in the store first if your feet are on the wider side. Four Stars Just too big otherwise I liked them! Four Stars Comfortable shoe.  I would buy again Four Stars Light weight and comfortable. Five Stars Fit my size perfectly and very comfortable! Five Stars Love these shoes! Needed new running shoes and these are perfect. Light weight and fit great! Five Stars Purchased these for our teenage daughter. She loves them. For both casual wear and sports. Love them Love these shoes, I have worn them all day and found them really comfortable with no aching feet at the end of the day. Fantastic colour and true to size. I also bought  Nike Women's Flex Supreme Tr 3 Pnk Pw/Mtllc Slvr/Cl Gry/White Training Shoe and these shoes are slightly more comfortable than those even though they look very similar. Super light weight versatile Super light weight comfortable! Kick box in these and run too. Good support! very comfortable but limited use i bought a pair from DSW for 50$ and they are very comfortable but i bought a size 6.5 when I normally where a size 7.  and even the 6.5 feels a little roomy.  I have wide flat feet btw.  im not sure if I will keep them even though i love their look and comfort.  I've been having feet problems while taking a gym class and I think they won't give me enough support when running.  they're great for wearing at home or gym and doing exercises in one place- extremely light weight and flexible, but i don't know if they'll last long if you use them everywhere else.  :(  i really like them but i cant just buy 2 different shoes.
also, i really like the strings inside the lining on the side of the shoes to adjust and make the shoe fit snug. it makes me feel secure :D Four Stars Not a lot of arch support but really lightweight. Five Stars EXCELLENT Not for aerobic exercise Good for non-aerobic workout. Mesh was very comfortable but no support for lateral movrment. Favorite Nikes ever Favorite Nikes ever. I already owned this style and was ready for a new pair so I went with these. Love the color and they fit great. Four Stars Light-weight comfy shoes. ... of shoes for cross training and these were the best! Tried a lot of shoes for cross training and these were the best! Overall, a grwat shoe. Wish they had a little more support/cushion, but I love everything else about them! These are as far as comfort goes the most comfortable pair of sneakers I have I suffer from sciatica ... These are as far as comfort goes the most comfortable pair of sneakers I have I suffer from sciatica pain that goes into my feet I have difficulty finding the proper support and comfort in shoes I would recommend these most definitely. They feel good but I will not recommended if you need Wide ... After my purchased I found out they are overpriced. They feel good but I will not recommended if you need Wide fit. Get a half-size or more larger than usual. I bought a pair of these in my size, but they are too small. I can get my feet in them but not comfortably. It's too bad because I can tell the soles are comfortable. Of course, now I've work them to work so I can't return them. Love them! Very comfortable and great for weight training Love them!  Very comfortable and great for weight training! Not as expected Took other reviewers advice and went up half size and it was too large. I thought this was a more sock-like fit but it had a tongue that came up high on my ankle not at all sock like. Nice looking and very light weight with a rounded square toe that left plenty of room front foot and toes. These just weren't what I was looking for. Five Stars Really comfortable and very cute. Really Comfortable Shoes These shoes are great.  This is the second pair that I have purchased and I love them. Five Stars Fit to size. Comfortable Worth it. Picky daughter actually loves them. Great sneakers! Fit like a dream! Great for cross-training/HITT videos I do everyday. Great for walking too. Look amazing! Lightweight yet supportive Most comfortable training shoes I've worn in a long time. but like them so far I bought these sneakers for boot camp class.  They are very light weight and different than other sneakers that I have owned.  Have only used them a few times, but like them so far. Great red color I got a hot spot on the bottom of my foot the first day I wore them. they'll work great!: ) Still breaking them in for use at the gym.  I think once I get used to them, they'll work great!  :) Shoes looked great but too narrow for most feet Not a fan. Shoes looked great but too narrow for most feet. I love these shoes I love these shoes. I exercise in them as well as just take them on longer walks. Feels good, looks GREAT!! Five Stars fits perfect Very comfortable shoes. I have wide feet with falling arches Very comfortable shoes. I have wide feet with falling arches. These help both and are comfortable enough that I can be in them all day long. Did not fit my feet Unfortunately, this Flex Supreme does NOT have enough support over the toe and ankle are for my requirements.
Returning for credit.  Thanks anyway. Poor Quality. Don't buy. After using this shoes seven times for regular activities like walking or dancing the sole came out. I am very disappointed. I don't recommend this product at all. The worse part is that I can not return this item because the return window closed 4 days ago. Five Stars Fit like gloves to my feet! Perfect for workouts. Does the job! I've worn these to work out for 5 days in a row now. Initially, my arches ached but over time the discomfort subsided entirely. I've done everything from bootcamps, resistance training, running and Zumba. So yeah.., they are truly crosstrainers ;-) I liked these shoes a lot I liked these shoes a lot. Very light weight. I didn't give a 5 because the color was a little lighter than I thought it was going to be but still a great shoe. Very comfortable Five Stars Love them !!! Five Stars I love these shoes! Great arch support and perfect for cardio. ... crossfit and find that these shoes help give me good support with my endurance workouts I workout at the local crossfit and find that these shoes help give me good support  with my endurance workouts. Unnacceptable. Zero support These shoes look really great. However, slightly loose. The problems with lack of support arose when I exercised. It feels like there is little to no support in them. Possibly this is a shoe more geared for an office environment or short walking distances. Great for walking! These are my favorite walk around shoes! I can wear them all day and not be in pain! Love em! Simply Supreme. Favorite training and walking-around sneakers.
They look good with just about anything, and are comfortable for most situations.
With the exception of running (for which I use proper Mizuno running sneakers with an arch-support insole), these sneakers are my go-to.
If I could, I'd take away a 1/2 star for arch support - I have a slightly wider front of the foot and arches that are a little on the high side, so I do look for a good under the foot fit. I could probably tie the laces differently or put in an insole(they're pretty expensive), but as is, when I did a zumba class in these, my arch began to twinge :(
However, this is overall an awesome shoe that I will continue to stick with for going out, day to day walking, and for training and gym use (with the exception of running and zumba (although hip-hop was fine). The shoes have a great flexibility to them and don't look ""dirty"" easily. My previous pair of flex supreme TR 3s have lasted for a good 2 years and are just now on the verge of being worn out. This is the optimal sneaker that is flexible in more ways than one: from pointing you toes to leg-pressing, from gym use to shopping to adding a sporty edge to a dressy night out, the flex has it all. Soooo comfortable..... Love these! I have 3 pairs...they're so comfortable - I'm on my feet all day & my feet actually don't hurt at the end of the day when I wear these :)
I've learned to get these 1/2 size smaller....I'm normally a size 7 and the 6 1/2 fit perfectly Five Stars Great shoes. Lightweight and comfortable BEST SHOES EVER! BEST. SHOES. EVER.  I bought two pairs in different colors- black n' white and the pink and white...  They have AWESOME support for whatever you use them for.. I have one for work and the other for training/running/etc in... ... me the motivation to workout because they feel so good and are great for any training These sneakers give me the motivation to workout because they feel so good and are great for any training Hurt my knees and back running I LOVE the look and comfort of these shoes for style and lifting weights. Super cute and flezable. BUT for running, absolutely not!! It might just be my pronation/supnation and these shoes just do not work for my personal stride. I run about 2-4 miles every few days. Average of 8 miles a week and then sprints twice a week on a treadmill. Just after running with these 3 times, I am having major back issues that I have never had before.

MY STATS and other shoes:
I road and trail run. I run on my tip toes on the treadmill and a lot of heal on the road. I am 5'6 169lbs with more muscle than an average runner. Built more like a sprinter than a marathon runner.
I LOVE Nike FLEX bottoms. They really give me support and flex needed. I have also used Asics and Puma. Very comfortable shoes. Love Size 5. Very comfortable shoes. Love! Great shoes I bought a wide size of these at a local store and they are amazing!  Soft, comfy, with moderate support.  Not a cloud to walk on, but not minimalist.  The wide size is perfect for my wide feet with high arches.  The shoe tends to run about a half size long though, especially for Nike.  I am working on getting in shape, and these shoes feel good all day... No rubbing on my big toe joint or pinkie toe or heel.  Very pleased. large shoe I always buy the same size this ones came to large Five Stars Nice shoes, fit good My wife loves these shoes. I bought these for my wife. She saw them in the store but did not have their size so i ordered on amazon. She loves them . She already had for a couple of months and no complains at all. One of her favorites shoes for running or for her job since she walks a lot in the warehouse. Now she loves me more. :) Love Love Love Love these shoes. My feet have been weird since I was pregnant and my old shoes were uncomfortable. These are very comfy and help me get active. They are also stylish and go with anything. PERFECT Look better than the picture, very comfortable, great support. Nice shoe Love my new Nike's.  It's been years since I've been able to wear them (sizing changed years ago and I just couldn't wear them any more) but now the new styles and sizing are perfect.  Lightweight shoe with tons of style.  The Fog color is just what I was looking for...not black and not neon!  I wore them to participate in Relay for Life (24 hour walk) and they held up great! I am so happy with this purchase I am so happy with this purchase. I feel like I'm barely wearing a sneaker when working out. Another plus is that when I take off my sneaker, my sock is barely sweaty! I have never had that experience with a shoe. The shoe is also very attractive and flattering and looks nice on my feet. Five Stars Absolutely love them. Can even wear them without my insoles. Cute Super cute shoe however runs wide and big, I'm a size 10 however this size 10 is too big. I went to a sporting goods store and tried the same shoe on  turns out with this particular shoe I'm a 9.5, so order half the size u normally are. Love Wore these for the first time hiking the bluffs. Not the best traction on well worn rocks, but super comfy. No blisters, no achilles pain like with other shoes. Will continue to purchase Nike shoes, because my feet love them for all activities! ( except my home workouts, they drag pretty hard on the carpet) Absolutely Perfect Shoe!! A-MA-ZING!  I needed a good jogging shoe and these make me feel like ""Forest Gump"".  I felt like I was running on a cloud.  I have narrow feet and these fit perfectly.  I am so happy that I am going to purchase another two pair as back-ups for once it's time to replace them.  Highly recommend to women who like to walk or run and light a light weight, comfortable shoe. Comfortable and lightweight Comfortable and lightweight. Need a good training shoe that's also supportive and flexible.  I really like the fit, but had to get 1/2 size larger as this style in my size is too perfect from heel to toe. Five Stars Excellent Awesome shoes! These shoes are awesome!  They are nearly weightless and feel great on my feet.  The first day I wore them I wore them ALL day on vacation.  I put them on the next day and did the same.  Besides the comfort, they are really a cool color! Five Stars Super cute! Five Stars perfect Time to leave the fad of the month for something that works. This is the most comfortable shoe I've ever had. No other shoe can compare to how the individual nubs on the bottom allow your foot to be cushioned, yet work like it's suppose to. My feet feel cradled in this shoe and hard surfaces don't make my feet ache anymore.

These shoes have a small amount of support, but not much, which I like as I'm coming from vibram five fingers. (Sorry vffs, I'm bailing after 2 years of shin splints, no matter what I did).

Highly recommended for walking/running on concrete or tracks. As long as nike continues to make the flex supreme, they will get my money. Please don't change this shoe! A little annoying because I have to pay attention but they are ... I wear them for Zumba and my heel slips on turns. A little annoying because I have to pay attention but they are so cute and comfy, it balances out. Five Stars Nice shoes and the toe area is pretty wide plus plenty long even with socks These run large. I wear a 9.5 exactly in every shoe, but these I bought a 9, and the toe area is pretty wide plus plenty long even with socks. Very comfy and very nice looking shoe. I love them but glad I was able to try them on before purchasing. Five Stars Perfect fit, very comfortable, and a great color. They also fit as expected. Great and comfy for sports Really comfy and nice color A bit pointier toe than depicted... The picture makes the shoe look like it has a ""boxier"" toe rather than the ""pointier"" toe that it actually has. I have wider feet and generally need to buy a size or half size longer to get a comfortable width (in any brand of shoe). I was shooting for a rounder, broader toe design which is more comfortable for me, and I feel that the pictures of this shoe didn't accurately depict what I received, in that one detail. Otherwise, ""the shoe fits."" So I am wearing it. Best shoes ever!!! These are the most comfortable shoes I've used for working out. Extremely light weight and flexible. Loved them so much I purchased two more pair in different colors. Five Stars Very comfortable and looks great! Fits wonderful Love this shoes so comfy and great very everyday use. Runs big Four Stars Nice looking and fit nice Comfortable and lightweight I am a recess aide and on my feet all day long. I tried these shoes on in the store before purchasing them on Amazon. They are very lightweight and comfortable. I was surprised how great they felt. I haven't had a pair of Nikes since Nike shoxs came out. They are so much more lightweight than those. I wore them an entire day the first day and had no problems. The second day; however, I got a pain in my hip to the point where I started limping. As soon as I got home and took them off, the pain was gone the rest of the evening. I'm only 30 by the way. Nothing else in my daily routine changed except wearing these shoes two days in a row. I don't understand why it would make my hip hurt since they are comfortable on my feet, but I'm sure that was the problem. I wore different shoes today and had no pain. I don't think as much as I am on my feet I will be able to wear them an extended amount of time. I will have to rotate wearing them every other day. For normal wear, I believe, people will be fine. I am literally walking or standing six hours a day straight.

**UPDATE: So, initially after wearing them, I had hip pain after wearing them. I don't know if they just needed to be broken in, but I wear them all the time now and have not experienced any pain since the first couple times of wearing them. They are comfortable, and I love them even more now. nice Perfict fit for me. Great looking shoes at a great price. Five Stars The sneakers are very comfortable and fit to size. Wide Feet so Somewhat Tight I've had these shoes for about a week now and have so far enjoyed using them. Considering the fact that I have wide feet, the shoes are slightly tight. However, it doesn't feel uncomfortable nor does it bothers me as I use them throughout my workouts. I know some people personally like when the shoes are a bit tighter or a bit looser so it's all in personal preference. Four Stars I really like them! Four Stars Good light weight shoe...had to add insole for more support. Five Stars I love my tennis shoes LOOKS GOOD, FEELS ICKY! This is a shoe I will wear with black dress pants or jeans when I need comfort and a little style, but I am not impressed.  This is a very flimsy shoe with little support at all.  Not like any Nike I've ever purchased in the past.  It looks nice, but it's not comfortable. Love it!! Definetly recommend it Love it!! Super comfortable and nice!! Got more than I expected, super flexible great for training. Definetly recommend it. Five Stars Excelente Cheap These shoes are poorly constructed and I don't expect them to last more that one summer.  Would not recommend, and will not order another Nike downshifter series again Pretty comfortable pair of running shoes For the price I spent on the pair of shoes, I'd say it's as good as expected.
It's comfortable and doesn't hurt my feet when I run. I always get a half size up in my tennis ... I always get a half size up in my tennis shoes. For some reason these feel to big in the heel area and wide. Comfortable My favorite cross trainers! Five Stars Love them fit perfect Love them! Favorite Nike shoe ever! The flex sole is excellent for someone like me who loves the free feeling of sandals or being barefoot. These move effortlessly with the bend of my foot. I've worn these for multiple activities and I've had no foot or ankle pain. The white/green/dark grey color goes with so many outfits and the mesh breathes perfectly on hot summer days. Highly recommend! Five Stars I wear these everyday to work, the gym, etc. Five Stars Love these shoes! Great fit, very light weight. LOVE my new sneakers! Super comfortable and fit my small feet perfectly. I have flat feet so a lot of shoes are not comfortable for long periods of time. I can wear the shoe all day long and they are super comfortable. They are light colored so any dirt will be seen right away, but they are easy to clean compared to other shoes Ive had. Would definitely buy another pair in a different color. Very confortable! Love these shoes! Five Stars Comfortable Three Stars Fit fine...did not like color in person somewhat large fit The shoe is too large. When you do lunges it hurts the heel. The shoe size from a local store is the size I ordered from Amazon however the size or fitting seems to be large",Fashion
B0014F8TIU,One Star,One Star Should have listened to other reviews. The elastics does not hold up. One Star Constantly rolls down Great!!! Very high! Superrrr thigh high. Im 54 and it easily reaches 3/4 up my thigh!! Cute but will roll I just wish they would not roll down. One Star Should have listened to other reviews. The elastics does not hold up. One Star Constantly rolls down Great!!! Very high! Superrrr thigh high. Im 54 and it easily reaches 3/4 up my thigh!! Cute but will roll I just wish they would not roll down.,Fashion
B0014HA6VG,Four Stars,"Four Stars Sadly, not a true red. It's definitely orange Well made, soft, thick & so very colorful ... Well made, soft, thick & so very colorful. Bought the just as gorgeous rich, red Fireman's scarf, too. My little fella is quite the fashion plate! And toasty, too! Four Stars Sadly, not a true red. It's definitely orange Well made, soft, thick & so very colorful ... Well made, soft, thick & so very colorful. Bought the just as gorgeous rich, red Fireman's scarf, too. My little fella is quite the fashion plate! And toasty, too!",Fashion
B0017LD0BM,Three Stars,"Three Stars Not pretty for fashion but great around the house and work. Huh I'm not sure I was shipped the correct style.  The ones I received are a lot clunkier than I expected, although the quality is fine. excellent value and quality Excellent value loose screws they are fine for the value, particularly since I lose so many
reading glasses.  some of the screws do require constant
tightening. Good Value It is so handy to have this many reading glasses at such a reasonable price.  I like this style reading glasses instead of the ones with nose pieces, I find this style more comfortable.  These glasses are very nice...cheaper than Walmart! Three Stars Not pretty for fashion but great around the house and work. Huh I'm not sure I was shipped the correct style.  The ones I received are a lot clunkier than I expected, although the quality is fine. excellent value and quality Excellent value loose screws they are fine for the value, particularly since I lose so many
reading glasses.  some of the screws do require constant
tightening. Good Value It is so handy to have this many reading glasses at such a reasonable price.  I like this style reading glasses instead of the ones with nose pieces, I find this style more comfortable.  These glasses are very nice...cheaper than Walmart!",Fashion
B0017LGD34,Three Stars,"Three Stars Not pretty for fashion but great around the house and work. Huh I'm not sure I was shipped the correct style.  The ones I received are a lot clunkier than I expected, although the quality is fine. excellent value and quality Excellent value loose screws they are fine for the value, particularly since I lose so many
reading glasses.  some of the screws do require constant
tightening. Good Value It is so handy to have this many reading glasses at such a reasonable price.  I like this style reading glasses instead of the ones with nose pieces, I find this style more comfortable.  These glasses are very nice...cheaper than Walmart! Three Stars Not pretty for fashion but great around the house and work. Huh I'm not sure I was shipped the correct style.  The ones I received are a lot clunkier than I expected, although the quality is fine. excellent value and quality Excellent value loose screws they are fine for the value, particularly since I lose so many
reading glasses.  some of the screws do require constant
tightening. Good Value It is so handy to have this many reading glasses at such a reasonable price.  I like this style reading glasses instead of the ones with nose pieces, I find this style more comfortable.  These glasses are very nice...cheaper than Walmart!",Fashion
B001IKJOLW,Four Stars,"Four Stars Good light weight shoe...had to add insole for more support. Five Stars I love my tennis shoes LOOKS GOOD, FEELS ICKY! This is a shoe I will wear with black dress pants or jeans when I need comfort and a little style, but I am not impressed.  This is a very flimsy shoe with little support at all.  Not like any Nike I've ever purchased in the past.  It looks nice, but it's not comfortable. Love it!! Definetly recommend it Love it!! Super comfortable and nice!! Got more than I expected, super flexible great for training. Definetly recommend it. Five Stars Excelente Cheap These shoes are poorly constructed and I don't expect them to last more that one summer.  Would not recommend, and will not order another Nike downshifter series again Pretty comfortable pair of running shoes For the price I spent on the pair of shoes, I'd say it's as good as expected.
It's comfortable and doesn't hurt my feet when I run. I always get a half size up in my tennis ... I always get a half size up in my tennis shoes. For some reason these feel to big in the heel area and wide. Love them! So light feeling Put them on and walked 3 hours with no problem! Love them! So light feeling Five Stars excelente Love these shoes Love these shoes!
So stylish and comfortable. Just got back from a trip to NYC, Black and white Nikes and yoga pants are in high fashion right now! Its not as comfortable as I was expecting This shoe is JUST OK. Its not as comfortable as I was expecting, compared to my last pair of NIKE shoes. I hope they hold up. Very Comfortable Best tennis shoes I've had all my life. Very comfortable out the box. I would buy 10 pairs of these shoes if had the money. The color pattern and fit is what I liked the most what I liked the least is that ... The color pattern and fit is what I liked the most what I liked the least is that they are not easy to clean and stains do not come out very easy or at all Great shoe for the price! love these shoes. Workout in them 3-4 times a week at the gym. I do treadmill, stairmaster, cardio classes and weight lifting. lightweight and versatile shoe. Great shoe! Great shoe. I've had Nike's before and have always been pleased with the comfort, performance, and quality. Though I will say this was the first time I ordered a pair online without trying them on first, so I was nervous. But this turned out to be a great choice. Breathable, lightweight but sturdy, and comfortable during all my workouts. The built-in arch support is great and I've had no discomfort after 2 weeks of use. As far as the sole thickness and cushioning goes, I would consider these a 'medium' build (not thin, not overly thick) so if you're into heavy running outdoors then take that into consideration. Everyone is different in their preference for cushioning, but I think for light runs on a treadmill they would be sufficient. Love these, highly recommend! Three Stars The material is real then hope they don't fall apart . to expensive for what you get. Three Stars Nice Five Stars Gracias Love these shoes Love these shoes!! They are true to size and very comfortable!! This is my second pair - I wore out the first pair!! Good arch support - I have a high arch!! Five Stars  Great cross trainer Great arch support and comfortable. They are comfortable for the most but just a bit narrow It looks a bit nicer on the picture. Its very light in such a way that when I held the box I wondered if there was just paper filling inside. They are comfortable for the most. Good looking training shoes overall. staple sneakers second pair. Comfortable and great for people with bunion issues or previous surgeries.  Sole wears great Great looking shoe My daughter loves these shoes. Fit true to size. Great shoes. Purchased for my daughter for gym class.  She loves them.  Very cute and very comfortable. Style 10/10, Comfort 3/10 Great look but zero support inside the shoe. Had to buy expensive inserts to be wearable. Expected more from a nike shoe. these shoes are great! Very lightweight and fits comfortably on my feet ... Straight out of the box, these shoes are great! Very lightweight and fits comfortably on my feet like a glove! I love most especially that the sole is not bulky like my previous running shoes  I hated those things lol! I would give them a shot and they are great for the price! Great shoes. Fit perfectly Great shoes. Fit perfectly. Comfortable right from the start. Light weight and perfect for a 12 hour work shift. Good price also. Five Stars I love them! They fit perfect and are very comfortable!! Perfect. Lightweight and comfortable all day Love these lightweight shoes! Absolute favorite. Always order half a size bigger with nike shoes than with every other shoe in my closet. My knees feel better so so hard so good My knees were bothering me during HIIT workouts so i  purchased these shoes after researching many styles.  Fit true to size and are lightweight.  My knees feel better so so hard so good.  They are cute in too!! Five Stars Love the color! Comfortable, lightweight Xtrainer Comfortable athletic shoe,  good for the gym (ellipical, tredmill, etc.) Fit is good, and shoe is really lightweight and comfy. Great shoe! The shoes fit perfectly and came within the time frame i was given.  Very comfortable, which is needed since my job requires a lot if standing abd walking throughout the day. Returned...looked cheap They looked very cheap Fits to size The fit is as expected Very comfortable shoes. This is my second pair of this ... Very comfortable shoes. This is my second pair of this style of shoe because I loved them that much. Sleek and sporty Comfortable, consistent each time I order and good looking I love the shoes and the description and photos were accurate I love the shoe and it fit as expected the photos and description are accurate if you're looking for a shoe that has more cushion or support try a different style but as far as wanting a lightweight and breathable shoe this is it. I am very satisfied with this purchase Great fit! These are so cute and comfortable and very light. I just received them today and the fit is perfect. I normally wear an 8 1/2 and they are true to size! Lightweight I always order a 1/2 size up in workout shoes. Squeaky soles I wore these shoe one time, from the airport in Omaha, NE to the airport in Phoenix, AZ. When I arrived in Phoenix, the left shoe/sole started squeaking and won't stop. I want to return for a refund. Need instructions for returning as no paperwork was in my package when it arrived. Two Stars They run big and are super uncomfortable and the soles squeak. They don't breathe at all. Comfortable and Exactly what I expected! Comfortable and chic Their Cute and Pink They were a gift  to my daughter she loved them Five Stars Love these comfy shoes. they fit like a glove. Smooth and confortable. Very confortable. Five Stars i love these shoes. decent arch support and comfortably to wear all day doing regular activity and sprinting Lightweight, decent arch support and comfortably to wear all day doing regular activity and sprinting. Five Stars daughter loves them Good shoes I ordered a 1/2 size smaller than my usual size, and they are perfect. These shoes are hard to find. Great customer service as well. Good shoes Very good overall.
Now Ive been a huge Sketchers Go Walk fan for some time and the only reason I tried these instead of the latest number 4 of those is because the tread looked too slippery to me.
These shoes are very sturdy and the grip of the soles has been very solid so far. I use them for basic workout cardio and cross training, as well as work as a massage therapist (I go through shoes fast enough that Ive recently consolidated).
If you're a Go Walk fan, these do not offer the same level of cushion-comfort as those, HOWEVER, they offer the kind of long-term comfort to make them a durable option.
The material of the shoes seem very durable and the breathable. My feet do not feel hot in them.
Now these shoes are ideal for a basic workout or cross training, I would not get them to do 25,000 steps in Walt Disney World.
Solid choice, overall. Five Stars Wife loves them! Five Stars These shoes are extremely comfortable, and fit as expected.  Will purchase again. One Star Artculo equivocado en color Glad I read the reviews and ordered a half size ... Glad I read the reviews and ordered a half size too big. These are light weight. I worked out in them last night and had a great work out. They are very comfortable. I would recommend these to anyone. I am a Beach Body Coach and these are now my new favorite shoes to work out in. I feel like I am walking in slippers when I wear these shoes. They are so comfortable. I LOVE them so much. I never buy myself anything nice and for Christmas got an Amazon gift card and used it to buy myself these sneakers and they are so awesome. I really do love them and have been telling all my friends about them. GET THESE SHOES! Not in perfect condition On the left shoe, there were two stained yellow spots. Very comfortable, cute, and long-lasting I love these, I had the previous iteration (or maybe two earlier?) and finally wore them out after several years. They are definitely a light-weight training shoe so I wouldn't get them if you are going to be doing a lot of running. But this also makes them extremely comfortable, I hadn't realized how hot running shoes made my feet until I switched to these. Good support and my feet stay cool all day, also noticeably light but well-made and long lasting.

I have worn them hiking in a pinch but don't really recommend it because the material is mesh-like and will let a lot of dirt in. But if you mainly take cardio classes and/or do weight training or just need something to wear around town look no further. Super light-weight, nice tread and arch support - love them so far! Super light-weight, decent arch support (mine is higher than average).  I was pleasantly surprised by the sole/tread on these for my circuit training classes, as I couldn't really tell by online pics.  Also pleasantly surprised that these ran ever so slightly bigger than Nike running shoes I use to wear 15+years ago - I always wore one to 1.5 sizes larger in their ""Hurache's""/running shoes, so I was really worried my size 6 would be too small - there is actually more toe room in these shoes than any other size 6 shoe I own (athletic, heel, boot).  But it is the correct amount of room from big toe to edge of shoe for me (an inch or less, I don't want my big toe being jammed into edge of shoe when lunging, jumping, etc.).  Shoes arrived with an odd yellowish color on side of one shoe, but no damage to box, paper lining etc - I was happy that a clorox wipe easily cleaned the shoe and did not discolor any further.  I am very happy and highly recommend, although I have only worked out it once! Five Stars I Love it. It is very light and the color is great. My wife loves these shoes. We have both been ... My wife loves these shoes. We have both been wearing sketchers and new balance for several years and recently we have both purchased Nike. There is a reason why Nike is still number 1 after all these years, you just cant beat their comfort. New Favorite Shoes Absolutly love these shoes!! Beautiful color, comfy, and lightweight Foam compresses I **loved** these shoes when I got them. I've noticed that the foam inside tends to compress during a workout, though. I'll lace them tightly enough that they're nearly cutting off my circulation. 20 minutes later, I'm sliding out of them while doing sled pushes. Five Stars She loves them I usually wear a 9 but could have easily ordered a 8 These are a bit longer than they should be. I usually wear a 9 but could have easily ordered a 8.5. The width is accurate.

The pink is even pinker than shown and the light gray is over the very bright pink so it isn't as gray as shown in the picture. It makes the shoe a bit overwhelming. Also two grommets on each shoe is dark. I'm not referring to the dark grommets closer to the toe as shown in the photo, I'm talking about two grommets up at the top of of the laces (opposite side of side shown in photo). I thought it was faulty at first until I noticed they were on the same side of each shoe. Kind of odd and not pictured.

Overall, they are very comfortable shoes which is why I am keeping them...even if you can see me coming from a mile away. Five Stars great Five Stars c Five Stars Love them! Fits snug Very nice shoe, just a bit to snug/small for my foot. The Flex wire really makes it the shoe fit tight to your foot. I need more ""wiggle"" room in my footwear, otherwise I would have kept them. Not sure why, but my mid section of my ... Not sure why, but my mid section of my foot starts to hurt using these shoes for a long day or a tough workout at the gym. I've owned other nike shoes of this line but that never happened to me. Love My New Gym shoes! Love them Five Stars Perfect! Five Stars Perfect! TOO NARROW! I usually wear a size 8 and they fit fine. These are way too narrow. Thought they might stretch out but they didnt. Had to give away. Consider sizing down 1 size Great shoe! Outside arch is kind of high, but I'm still breaking them in. So I'm sure that will work it's way out. I originally ordered a 9, my regular size, and it was a tad too big. Returned and ordered an 8.5 and it fits perfect! Seem to Run Big I had to return the first pair and buy a 1/2 size smaller.  First time I've had to buy smaller for Nike. Five Stars Fit comfortable Perfect for trails My favorite running shoes!  The wall of the shoe is very thin, which makes them very comfortable to wear if your feet swell as you run.  I would not recommend for use on concrete or a treadmill, as there isn't very much impact absorption, but they are perfect for trail running! Four Stars Nice fit Zumba) - and really wanted to like them, since I loved the color and the ... I bought these for gym training - weight class and dance class (body jam, Zumba) - and really wanted to like them, since I loved the color and the light weight feel. But when I worked out high impact, my toes tingled, went numb and cramped because the toe bed is very narrow. Also, there wasn't enough cushion for me. When doing lunges, the ball of my feet hurt. Can't return them because I wore them several times. These might be fine for someone with a narrow foot. Five Stars They fit perfect, extremely comfortable Three Stars No arch support but l love the colors! Size problem Shoe was somewhat large Five Stars love them! True to size, would recommend This is a great shoe for in gym workouts. I did take a 10 mile hike and had a blister on my pinky, but other than that these are very comfortable shoes! Best birthday present Comfortable and light Purchased these for my wife as she has a similar ... Purchased these for my wife as she has a similar pair that is wearing out.  She has feet are difficult to fit and these fit perfectly without pressure on sensitive portions of her feet. I have pretty high arches and my calves always hurt at the ... I have pretty high arches and my calves always hurt at the gym with other shoes. I have been on the hunt for a good cross trainer that I can use to lift, take gym classes, and lightly jog/run on the treadmill. These have been wonderful! I don't ever have any pain in my calves or my feet when wearing these and they fit like a glove. Highly recommend! Five Stars Great shoes Five Stars These were exactly what I expected. Five Stars Love love love They are really light and not as sturdy as what I was looking for but over all ... I always wear a womans 9 in Nikes but these are bigger than usual. The right one almost slips off my foot a bit.  They are really light and not as sturdy as what I was looking for but over all not bad. Five Stars These shoes are awesome!! l always buy Nike shoes and been happy so far l always buy Nike shoes and been happy so far, but this time my left shoe fit perfectly while the right shoe was too loose on my heal and when I tighten it more it was hurting side of my foot. Honestly Fantastic Shoes Bought these as my back up shoes but they have turned into my daily ones I go to! So comfortable and my feet don't hurt after long hours on my feet. I own a cleaning business so I need my feet not to hurt in the middle of the day. Absolutely love these shoes and color Absolutely love these shoes and color!! They are perfect for running! I run roughly 4 miles 3x per week. This is my second or 3rd pair of this exact style. Fit is perfect! Five Stars Super comfy! Nike runs small Ordered half a size larger than my usual shoe size and fits perfectly. Five Stars Fit well. Five Stars The fit was perfect! I Highly recommend this shoe. Very Happy Customer Obsessed with these shoes! I was looking for good all around sneakers (running, walking, tennis, etc.) and these more than fit the bill. I was looking specifically for black nikes (I love the fit) with white soles (good for court sports); I was a little reluctant to purchase because I wasn't sure whether the black on the soles would contact the ground, but it doesn't! and very comfortable. Cute shoe, fit as expected, and very comfortable. nice sneakers. Fit as expected On time, nice sneakers. Fit as expected. 5 stars Perfect fit, as always. Five Stars Great shoe, very comfortable Five Stars Love these sneakers! Perfect fit and super light These shoes fit like a glove These shoes fit like a glove! Light but very supportive! I have worn them several times and feel very light on my feet. Five Stars Fit true to size Five Stars Love the fit Nike always makes a good shoe. Nike always makes a good shoe ..abit rough breaking them in but after 9 hours on my feet anyone's feet would hurt abit One Star Oops! I returned these because I ordered wrong size! Five Stars Extremely comfortable sneaker!  Shoes Good looking shoe Love these shoes I have had this style before in a different color and have received many compliments on the shoes.  They are great walking shoes!  I wear orthotics and these shoes are one of the best I have found to accommodate them for fit. I loved these shoes I loved these shoes...that is until after about an hour of wear, the green inserts on the sole of the right show began falling off. The wear was in my home, on smooth floors. I can only assume they were defective. perfect Great! Super comfy and cute! No issues and fit perfect! Five Stars Good shoes found a Ryka pair I liked I returned them...found a Ryka pair I liked better Five Stars BEST sneakers I've ever purchased!!!! Five Stars Excellent ...!!! the best sneakers by far the best sneakers by far! I had never owned a pair of Nike sneakers, and I went solely on the reviews by others...
And I absolutely loved them!! Classically comfortable and durable Love these shoes. I've been buying Nikes for years now. I bought this pair for work and everyday wear and another pair for working out and active wear. They also last a long time in my opinion, especially if you take care of them. Four Stars Right one is slightly tight.. hope it will stretch out.. !! the Nike Womens Flex Trainer 6 is way better looking and costs about the same They're ugly: the toe is rounded and the material is weird. the Nike Womens Flex Trainer 6 is way better looking and costs about the same. Five Stars So lightweight and awesome! Five Stars Luv them!! Love the color and fit Love the color and fit. I use them to work on at the gym on the treadmill and they are very light and comfortable. OK Bought these shoes with HIIT in mind, but not too sure how I like the fit on my foot. First time to wear them, not great for running. Maybe after they're broken in a little they'll get better. If you just need a comfortable pair of shoes for walking, they're fine. Great fit! My daughter loves them. Great fit! Very satisfied with the seller - delivered on time This is a very attractive shoe. It is true to size and fits as expected. Very satisfied with the seller - delivered on time. Four Stars Fits good, very lightweight. Comfortable shoe for both workout sessions and walking Comfortable shoe for both workout sessions and walking.  Neither too bulky nor too light.  This is my second pair because they fit and have no neon or pink colors, just nice basic B&W. Five Stars  Five Stars Nice These are the best shoes I have ever use for my workouts These are the best shoes I have ever use for my workouts!!! I love them and buy them in bulk!!! LOL I love these shoes I love these shoes.  They fit as expected and they look really nice on.  These shoes have a narrow base which I really like.  I don't like the ones that make your foot look wide. Five Stars Love this product.  Great fit. Low cut heels Very low cut heel so if you training and pushing sleds - I ran right out of shoes! Although the traction on toe and heel are great Perfect Just what I needed for Group Fight class. Quick movements and footwork are so easy in these sneakers. Love them. Exactly what I wanted Love! Great price too. Light shoes It's been a long time since I've worked a cross training shoe. This shoe is very light and minimally passed compared to running shoes. That's not meant to be a knock, just a fact.

I ordered the shoes half a size up because as a former runner, I'm used to my feet needing room to spread and swell. I wish I hadn't because they feel a little roomy. I have orthotics, so I think I can remedy the issue once I swap those in.

Otherwise, very good shoes Good indoor training shoes Good indoor training shoes for running on treadmill, doing lunges and regular exercises at the gym. These are very flexible, light weight and comfortable. Grip is okay - sticky rubber is used only at the edges of heel and toe areas so I slipped a little when I worked on cable machines, resistance band, etc. on un-carpeted floor.  I would emphasize that if you do lifting as a part of your everyday routine workout I would not recommend them because mine (cushion) lasted only for six months and this is the reason I gave three stars. Other than that, I liked them! So Perf. Perf. Five Stars Best shoes ever!!! Five Stars Fit good Great work out shoe I use these for my Cardio Dance class and they are perfect and very cute. I would definitely recommend. They also cam earlier than expected!! I love these shoes so much that I reordered another pair ... I love these shoes so much that  I reordered another pair online. It's hard to find shoes that fit my really wide feet! The heel back is my favorite part on them, they're thin and feel like another layer of skin, not bulky or tight at all.  I walked all over Europe in these! Comfortable, light weight, nice. Love these sneakers. Light weight and comfortable even without socks. Four Stars Nice product I feel like this pair of shoes was made for my feet I feel like this pair of shoes was made for my feet. Great fit and comfort! Very pleased with this purchase. Awesome shoes!!! Quick tranasaction!!!  Loved the shoes!!!  Would purchase from them again!!! Just wasn't what i was looking for I got the impression it's cushiony and comfy by reading the reviews on this product, when i tried it on it was a much firmer than my other work shoes, i'm standing all day and need enough support and comfort, this isn't the right product for that.
So i had to return it, but i would assume it would work fine for training.

It looks decent and clean. and seems sturdy.  just not the right thing for me.
I was refunded instantly upon returning so.. credit for that. So comfortable, I don't even feel like I have a ... So comfortable, I don't even feel like I have a sneaker on. Based on the other reviews I got a half a size up and glad I did. Five Stars they are very comfortable feel like you have nothing on. Five Stars My favorite nike shoe Five Stars Super comfortable and extremely lightweight. Great for crossfit! Five Stars Beautiful I love them comfy Falling apart already!! I've not even had them a month and the bottom is coming off. I'm not happy! Five Stars Love them! Fit exactly as expected in length and width! I would definitely buy these again. Five Stars Great shoes love the fit My second pair, love the fit, light weight and great support. Nike I have wide feet and these were too narrow but very nice looking. Nope Ugh... way to large - is this for a man? It is comfortable. The shoe fit has expected. It is comfortable. Perfect cross trainers They fit great, look great, are quite comfortable and are just what I was looking for! Great training shoes Super comfy, true Size , I use them for boot Camp,  cross fit and they are great , absolutely recommended it. Amazing training Sneakers. Love them absolutely comfortable. I'm very picky with sneakers and this ones for the price are great I use them for cross fit , boot camp & they work great . The sole is very flexible , true size . I have a wide feet and they fit perfectly. Very nice looking Great sneakers. HIIT shoes Wife happy with fit. Four Stars They run big. Order a full size smaller. Lack support but overall good shoe Super light and very comfortable. I'm a runner and they lack a bit in arch support, so the soles of my feet are a sore. I'm going to add an insert to try fix the problem. Adorable shoes Just because they are white, they do need a washing regularly but I have received many compliments on how pretty these white and pink shoes are. Extremely good Nike quality. Highly recommended. Wide sneaker for wide feet Arrived in time. Fit as exoected. They take some breaking in but I wore them 2 days in a row for more than five hours per day. I've been using these to exercise and they are nice a roomy and allow my feet to breath I've been using these to exercise and they are nice a roomy and allow my feet to breath. Also love the colors. Five Stars Comfortable from the start and very light. Five Stars As expected. Great training shoes Lightweight, comfortable, supportive. Very happy I bought these shoes for working out. Five Stars I love these and have them in a light blue too. Very light weight, airy, and comfortable. Five Stars good quality Four Stars Very comfortable sneakers and I also like the way it fits. and they were great! Super comfortable Purchased to wear for weightlifting and Zumba. Zumba trial was last night, and they were great! Super comfortable, good ventilation! Not too much padding, very minimalist, which is just what I wanted Five Stars Comfortable and lightweight. I love these shoes my second pair of 40 plus $ ... I love these shoes my second pair of 40 plus $ shoes and they both have certainly out done the $100 K-swiss that I'm looking to return . The shoes are extremely comfortable, all my clients love them, just wish they came in more colors. They fit as expected and perfect for training They fit as expected and perfect for training, the shoelaces are a little bit too long. Other than that these shoes are as I expected them ! Five Stars Extremely well fitting and light weight Five Stars Perfect Five Stars Love them Very Good For Everyday I love these shoes and have worn them for a long time. That are comfy, thinner on the top & sole and are very cute! Great shoes Fast shipping and turned out as expected. Couldn't be happier. Love these shoes I have been wearing for a solid week during my work outs & they are great for comfort and they are light weight. Five Stars Love these shoes for circuit training. Super comfortable. I joined Cross Fit and this is ... Super comfortable. I joined Cross Fit and this is the perfect shoe. Five Stars just do it :) Sooo comfortable Love these, comfortable, light weight, great fit. So happy. I love this show. the shoe is nice and provides well for my HIIT and Grit classes ... The shoes are true to size. I am used to wearing running shoes so these have been an adjustment. Overall, the shoe is nice and provides well for my HIIT and Grit classes I take. Look amazing, runs slightly big. Love them!  I ordered an 8.5 because I usually wear that size but these are a bit big. I wish I ordered an 8. They are really comfortable and I enjoy wearing them. Four Stars Very comfortable. Five Stars Very nice shoes.  Comfortable. Five Stars Very comfortable. I love wearing them. Five Stars Great fit so comfortable love them!!!!! Decent little shoe for the price. A nice lightweight shoe. Not a lot of cushion so I wouldn't run long distances in them. Attractive and fit well I really love these shoes.  They are attractive and very comfortable.  They work well for my daily workout and fit well. Runs large Comfortable shoe.  First time I've ever bought nikes that feel so large.  It feels about 1/2 size too big.  I bought 7.5.  I normally wear exactly that size and on occasion an 8. One Star Ordered 9(m) received 9 Wide for the second time. Returned them for the second time. Five Stars Nice shoes I love the fit and they provide support for walking This is my second pair of these shoes.  I love the fit and they provide support for walking.  I like the way the shoes fit around my ankle, as many shoes are uncomfortable because they come up too high in the back.  Try them! Good Shoes! There is about a 1/2 inch of extra space from the tip of my big toe to the front of the shoe. That's okay, though. I usually wear socks, so it doesn't feel too big, even if it does make your foot look a bit long.

The colors are vibrant, and the sole has plenty of grip, even on a slippery floor. I wore them for most of the day and they are comfortable.

Overall, I'm very pleased with this shoe. Great shoes Got them for my girlfriend. She loves them. Says it's like wearing slippers because they are incredibly light. Good shoe Serves intended purpose Five Stars They are super comfortable. Loving them. Love These Shoes! I have gotten so many compliments on the blue color and look of this shoe.  It is super comfortable.  The grip is wonderful for my indoor gym cross training classes.  I always order a half size larger in Nike brand shoes and thy fit perfectly as I did with this shoe. Not my favorites... Fit is fine, but not much cushioning in the footbed. The first time wearing them on a long walk I developed a blister on the bottom of my foot. Perfect for the gym Perfect for the gym, could use a little more support in the toe area but very comfortable and light. Fit true to size. Meh Meh, felt very comfortable but provided no support. Seem like a good option for walking around in the summer but not for aerobics or lateral movements Five Stars Love these! Super light and comfortable! Five Stars Loved the products and services!! Hurry before they're gone! It's hard to find a lightweight athletic shoe with a wide toe box. This shoe has that. I am happy with the support for walking and everyday wear. I wouldn't run in them. Now I just have to stock up on as many pair as I can afford before Nike discontinues them :). Don't you hate when that happens? Amazing The shoes are amazing,very comfortable and fit as expected highly recommended. :) Five Stars Super comfy!! Not quite wide enough I needed a wide size, that option was not available. So I went up a half size bigger hoping that would work. It's not quite comfortable but I am  able to wear them. I like the shoes. Not quite wide enough I needed a wide size, that option was not available. So I went up a half size bigger hoping that would work. It's not quite comfortable but I am  able to wear them. I like the shoes. Five Stars Look great Simple look, outstanding comfort! I love these shoes. I am rather basic when it comes to Nikes, I don't need all the cool colors, so these look amazing and feel amazing, like they were made for my feet. I definitely suggest purchasing them. My second favorite. Cute and comfy. Sleek design. My only complaint is the fly wire loosens up and my shoe sometimes slips off my heels during heavy sled runs. I have two pairs of this style. Five Stars I love them! Fit to actual size. normally Nike fits small so we go up a half size. These actually fit to my wife's appropriate size. So be ware when you order. Five Stars love these shoes. use them to workout inside and to work Too small, flimsy upper I was shocked at how small these shoes were, not true at all to size, and I own multiple shoes in this brand. The quality could have been better, in my opinion -- very little support from the upper. Great for kickboxing Great shoes - was looking for something to replace my barefeet so I can wear orthotics while kickboxing. These are light weight, hug my feet comfortably and have a thinner upper so I can still feel the bag when I kick AND they have good lateral stability. My feet are on the narrow side so it's hard to find shoes that are snug enough. These are perfect. Oh, and they are really cute too. These shoes are great for walking - so very comfortable They fit perfectly. These shoes are great for walking - so very comfortable. Love them. Good choice for training shoe Good fit and comfy.  Not so cushiony so definetly better for training and not for running or aerobics. Bought size 8 which is my usual size. Five Stars Light weight and comfortable They are slightly longer in look then I was would like but I think that is typical of cross trainers I was wearing running shoes for cardio dance classes at the gym because I thought they would be sufficient. After getting 2 blood blisters I did some research and found out cross trainers would be more appropriate which is how I ended up buying this pair. They are slightly longer in look then I  would like but I think that is typical of cross trainers. Also, the lacing is done in a way that allows you to tie too tightly if you're not careful (my toes were tingling during one particular work out when I had done this). Other then that I am very happy with the shoes. I love them but they are definitely bright orange/coral and not ... Nikes usually run small and I'm a 7.5, so I ordered these in an 8 and they were actually very roomy.  I love them but they are definitely bright orange/coral and not bright crimson like the description said.  I thought they'd be more red in hue to wear with my Ohio State clothes, but instead I use them for running. Color was not at all what i expected. It ... Color was not at all what i expected.  It was more orange then red.  Not sure that I am going to keep them. Super cute and on sale!! Perfect fit! Brand new in new box completely perfect condition and on sale!!! Awesome! Highly reccomend! Super cute shoes. Three Stars Squeaky then you should pretty much know your size If you wear Nike on the regular, then you should pretty much know your size. I wear only 7's in Nike, and it fit just as expected. I have many of the trail runner generations, and love them all. they're my go to sneakers for the gym use, or casual wear. I have a pair I used mostly for casual wear that have lasted about 5 years. Another pair that I used for cross fit/outdoor runs that lasted a little over a year (very vigorous daily use). All in all, these shoes are great for me. They're lightweight, and comfortable. Nice Support Great arch support and cushion both for the heel and ball of the foot. Great aerobic shoe! Good Sneaker Good quality, perfect fit.  It's a Nike! Satisfied Size 8, but purchased 8.5 for a more comfortable feel, considering shrinkage as a result of perspiration. Too large I've always gotten this size in Nike shoes with similar description, but these are too long- at least an inch and 1/2. colors look great together. Very lightweight. Normal Nike quality. Pink is very bright , colors look great together. Five Stars Love them!! but if I wear thick socks they are fine. Also Arrived on time. I probably should have gone with a 7.5 instead of an 8 because they do seem a little big, but if I wear thick socks they are fine. Also, they can sometimes make a very annoying squeaky noise when I run on certain surfaces so I'm trying to get them worn in. Over-all, I am satisfied with my purchase! Poor quality for Nike After less than a week the sole ripped off on the outside of the shoe 4/5 The lines don't really show up unless there is a bright light on them. But other than that they are perfect. They are very true to size and are comfortable the first time you put them on. LOVE! I love these!  I ordered an 8.5 which is my normal shoe size and they fit great.  I used them for my strength training class and they performed well, and they are sooooo pretty!  Comfortable, low profile and stylish! Five Stars Cute and comfortable Five Stars Very comfortable. Correct size Sizing was perfect as ordered. Quality appears good, still new, not too much more to report. Perfect for the gym Size really depends on the brand.  I wear a 6.5 in Nike and they fit me perfectly.  These shoes are comfortable, they wrap around my feet like a bandage but do not restrict movement. ... opened the box to see the color is exactly like the image shows I was really excited when I opened the box to see the color is exactly like the image shows! I have the Nike flex tr 5 and used the same size to order these. They are a little bigger than expected but still comfortable. I ordered the Nike Women's Flex Supreme TR3 instead and love them! Returning these. the pictures on here make the shoe appear all black with a touch of pink in the check. however, the whole shoe has pink coming through. I was looking for an all black shoe. I ordered the Nike Women's Flex Supreme TR3 instead and love them!!! so light & comfortable! wow these are the most comfortable, light weight shoes. I love them!! Five Stars love the lightweight and the fit Five Stars fits perfect, my daughter loves them these were a perfect fit. They are light and very comfortable Finally, after trying about 10 pairs of Nike's, these were a perfect fit.  They are light and very comfortable, I really just forget about my feet when I'm wearing them. Five Stars Came quick and my daughter LOVES them Five Stars Great Gift - she loved it!  It's a nice shoe! Just what I wanted! Perfect! Bought these for my daughter and she loves them. ... Bought these for my daughter and she loves them.  She tried them on at a retail store a couple months prior, so I knew her exact size. Five Stars Great product and fast shipping! Tried one in the store and bought it online but ... Tried one in the store and bought it online but it was a different  kind of shoe . Too big , different fit ! I had the older generation of this shoe that survived ... I had the older generation of this shoe that survived 2 or 3 mud runs and of all my aches and pains, my feet was not one of them. This is because of this shoe. Nike really dropped the mic with this. Five Stars This pair fits perfect.....the first pair was wrong size in the right box.....definitely order again!!!!! Not true to size I returned these as they were not true to size. They ran large. One Star wrong shoes Nice There very nice Great I actually have 3 pairs of these trainers.  They are very comfortable, there is a neoprene sleeve that goes around your ankle that makes them the most comfortable for me compared to normal athletic shoes.  They run a little narrow - for me this is perfect, but you may want to round up on the size or try on in the store first if your feet are on the wider side. Four Stars Just too big otherwise I liked them! Four Stars Comfortable shoe.  I would buy again Four Stars Light weight and comfortable. Five Stars Fit my size perfectly and very comfortable! Five Stars Love these shoes! Needed new running shoes and these are perfect. Light weight and fit great! Five Stars Purchased these for our teenage daughter. She loves them. For both casual wear and sports. Love them Love these shoes, I have worn them all day and found them really comfortable with no aching feet at the end of the day. Fantastic colour and true to size. I also bought  Nike Women's Flex Supreme Tr 3 Pnk Pw/Mtllc Slvr/Cl Gry/White Training Shoe and these shoes are slightly more comfortable than those even though they look very similar. Super light weight versatile Super light weight comfortable! Kick box in these and run too. Good support! very comfortable but limited use i bought a pair from DSW for 50$ and they are very comfortable but i bought a size 6.5 when I normally where a size 7.  and even the 6.5 feels a little roomy.  I have wide flat feet btw.  im not sure if I will keep them even though i love their look and comfort.  I've been having feet problems while taking a gym class and I think they won't give me enough support when running.  they're great for wearing at home or gym and doing exercises in one place- extremely light weight and flexible, but i don't know if they'll last long if you use them everywhere else.  :(  i really like them but i cant just buy 2 different shoes.
also, i really like the strings inside the lining on the side of the shoes to adjust and make the shoe fit snug. it makes me feel secure :D Four Stars Not a lot of arch support but really lightweight. Five Stars EXCELLENT Not for aerobic exercise Good for non-aerobic workout. Mesh was very comfortable but no support for lateral movrment. Favorite Nikes ever Favorite Nikes ever. I already owned this style and was ready for a new pair so I went with these. Love the color and they fit great. Four Stars Light-weight comfy shoes. ... of shoes for cross training and these were the best! Tried a lot of shoes for cross training and these were the best! Overall, a grwat shoe. Wish they had a little more support/cushion, but I love everything else about them! These are as far as comfort goes the most comfortable pair of sneakers I have I suffer from sciatica ... These are as far as comfort goes the most comfortable pair of sneakers I have I suffer from sciatica pain that goes into my feet I have difficulty finding the proper support and comfort in shoes I would recommend these most definitely. They feel good but I will not recommended if you need Wide ... After my purchased I found out they are overpriced. They feel good but I will not recommended if you need Wide fit. Get a half-size or more larger than usual. I bought a pair of these in my size, but they are too small. I can get my feet in them but not comfortably. It's too bad because I can tell the soles are comfortable. Of course, now I've work them to work so I can't return them. Love them! Very comfortable and great for weight training Love them!  Very comfortable and great for weight training! Not as expected Took other reviewers advice and went up half size and it was too large. I thought this was a more sock-like fit but it had a tongue that came up high on my ankle not at all sock like. Nice looking and very light weight with a rounded square toe that left plenty of room front foot and toes. These just weren't what I was looking for. Five Stars Really comfortable and very cute. Really Comfortable Shoes These shoes are great.  This is the second pair that I have purchased and I love them. Five Stars Fit to size. Comfortable Worth it. Picky daughter actually loves them. Great sneakers! Fit like a dream! Great for cross-training/HITT videos I do everyday. Great for walking too. Look amazing! Lightweight yet supportive Most comfortable training shoes I've worn in a long time. but like them so far I bought these sneakers for boot camp class.  They are very light weight and different than other sneakers that I have owned.  Have only used them a few times, but like them so far. Great red color I got a hot spot on the bottom of my foot the first day I wore them. they'll work great!: ) Still breaking them in for use at the gym.  I think once I get used to them, they'll work great!  :) Shoes looked great but too narrow for most feet Not a fan. Shoes looked great but too narrow for most feet. I love these shoes I love these shoes. I exercise in them as well as just take them on longer walks. Feels good, looks GREAT!! Five Stars fits perfect Very comfortable shoes. I have wide feet with falling arches Very comfortable shoes. I have wide feet with falling arches. These help both and are comfortable enough that I can be in them all day long. Did not fit my feet Unfortunately, this Flex Supreme does NOT have enough support over the toe and ankle are for my requirements.
Returning for credit.  Thanks anyway. Poor Quality. Don't buy. After using this shoes seven times for regular activities like walking or dancing the sole came out. I am very disappointed. I don't recommend this product at all. The worse part is that I can not return this item because the return window closed 4 days ago. Five Stars Fit like gloves to my feet! Perfect for workouts. Does the job! I've worn these to work out for 5 days in a row now. Initially, my arches ached but over time the discomfort subsided entirely. I've done everything from bootcamps, resistance training, running and Zumba. So yeah.., they are truly crosstrainers ;-) I liked these shoes a lot I liked these shoes a lot. Very light weight. I didn't give a 5 because the color was a little lighter than I thought it was going to be but still a great shoe. Very comfortable Five Stars Love them !!! Five Stars I love these shoes! Great arch support and perfect for cardio. ... crossfit and find that these shoes help give me good support with my endurance workouts I workout at the local crossfit and find that these shoes help give me good support  with my endurance workouts. Unnacceptable. Zero support These shoes look really great. However, slightly loose. The problems with lack of support arose when I exercised. It feels like there is little to no support in them. Possibly this is a shoe more geared for an office environment or short walking distances. Great for walking! These are my favorite walk around shoes! I can wear them all day and not be in pain! Love em! Simply Supreme. Favorite training and walking-around sneakers.
They look good with just about anything, and are comfortable for most situations.
With the exception of running (for which I use proper Mizuno running sneakers with an arch-support insole), these sneakers are my go-to.
If I could, I'd take away a 1/2 star for arch support - I have a slightly wider front of the foot and arches that are a little on the high side, so I do look for a good under the foot fit. I could probably tie the laces differently or put in an insole(they're pretty expensive), but as is, when I did a zumba class in these, my arch began to twinge :(
However, this is overall an awesome shoe that I will continue to stick with for going out, day to day walking, and for training and gym use (with the exception of running and zumba (although hip-hop was fine). The shoes have a great flexibility to them and don't look ""dirty"" easily. My previous pair of flex supreme TR 3s have lasted for a good 2 years and are just now on the verge of being worn out. This is the optimal sneaker that is flexible in more ways than one: from pointing you toes to leg-pressing, from gym use to shopping to adding a sporty edge to a dressy night out, the flex has it all. Soooo comfortable..... Love these! I have 3 pairs...they're so comfortable - I'm on my feet all day & my feet actually don't hurt at the end of the day when I wear these :)
I've learned to get these 1/2 size smaller....I'm normally a size 7 and the 6 1/2 fit perfectly Five Stars Great shoes. Lightweight and comfortable BEST SHOES EVER! BEST. SHOES. EVER.  I bought two pairs in different colors- black n' white and the pink and white...  They have AWESOME support for whatever you use them for.. I have one for work and the other for training/running/etc in... ... me the motivation to workout because they feel so good and are great for any training These sneakers give me the motivation to workout because they feel so good and are great for any training Hurt my knees and back running I LOVE the look and comfort of these shoes for style and lifting weights. Super cute and flezable. BUT for running, absolutely not!! It might just be my pronation/supnation and these shoes just do not work for my personal stride. I run about 2-4 miles every few days. Average of 8 miles a week and then sprints twice a week on a treadmill. Just after running with these 3 times, I am having major back issues that I have never had before.

MY STATS and other shoes:
I road and trail run. I run on my tip toes on the treadmill and a lot of heal on the road. I am 5'6 169lbs with more muscle than an average runner. Built more like a sprinter than a marathon runner.
I LOVE Nike FLEX bottoms. They really give me support and flex needed. I have also used Asics and Puma. Very comfortable shoes. Love Size 5. Very comfortable shoes. Love! Great shoes I bought a wide size of these at a local store and they are amazing!  Soft, comfy, with moderate support.  Not a cloud to walk on, but not minimalist.  The wide size is perfect for my wide feet with high arches.  The shoe tends to run about a half size long though, especially for Nike.  I am working on getting in shape, and these shoes feel good all day... No rubbing on my big toe joint or pinkie toe or heel.  Very pleased. large shoe I always buy the same size this ones came to large Five Stars Nice shoes, fit good My wife loves these shoes. I bought these for my wife. She saw them in the store but did not have their size so i ordered on amazon. She loves them . She already had for a couple of months and no complains at all. One of her favorites shoes for running or for her job since she walks a lot in the warehouse. Now she loves me more. :) Love Love Love Love these shoes. My feet have been weird since I was pregnant and my old shoes were uncomfortable. These are very comfy and help me get active. They are also stylish and go with anything. PERFECT Look better than the picture, very comfortable, great support. Nice shoe Love my new Nike's.  It's been years since I've been able to wear them (sizing changed years ago and I just couldn't wear them any more) but now the new styles and sizing are perfect.  Lightweight shoe with tons of style.  The Fog color is just what I was looking for...not black and not neon!  I wore them to participate in Relay for Life (24 hour walk) and they held up great! I am so happy with this purchase I am so happy with this purchase. I feel like I'm barely wearing a sneaker when working out. Another plus is that when I take off my sneaker, my sock is barely sweaty! I have never had that experience with a shoe. The shoe is also very attractive and flattering and looks nice on my feet. Five Stars Absolutely love them. Can even wear them without my insoles. Cute Super cute shoe however runs wide and big, I'm a size 10 however this size 10 is too big. I went to a sporting goods store and tried the same shoe on  turns out with this particular shoe I'm a 9.5, so order half the size u normally are. Love Wore these for the first time hiking the bluffs. Not the best traction on well worn rocks, but super comfy. No blisters, no achilles pain like with other shoes. Will continue to purchase Nike shoes, because my feet love them for all activities! ( except my home workouts, they drag pretty hard on the carpet) Absolutely Perfect Shoe!! A-MA-ZING!  I needed a good jogging shoe and these make me feel like ""Forest Gump"".  I felt like I was running on a cloud.  I have narrow feet and these fit perfectly.  I am so happy that I am going to purchase another two pair as back-ups for once it's time to replace them.  Highly recommend to women who like to walk or run and light a light weight, comfortable shoe. Comfortable and lightweight Comfortable and lightweight. Need a good training shoe that's also supportive and flexible.  I really like the fit, but had to get 1/2 size larger as this style in my size is too perfect from heel to toe. Five Stars Excellent Awesome shoes! These shoes are awesome!  They are nearly weightless and feel great on my feet.  The first day I wore them I wore them ALL day on vacation.  I put them on the next day and did the same.  Besides the comfort, they are really a cool color! Five Stars Super cute! Five Stars perfect Time to leave the fad of the month for something that works. This is the most comfortable shoe I've ever had. No other shoe can compare to how the individual nubs on the bottom allow your foot to be cushioned, yet work like it's suppose to. My feet feel cradled in this shoe and hard surfaces don't make my feet ache anymore.

These shoes have a small amount of support, but not much, which I like as I'm coming from vibram five fingers. (Sorry vffs, I'm bailing after 2 years of shin splints, no matter what I did).

Highly recommended for walking/running on concrete or tracks. As long as nike continues to make the flex supreme, they will get my money. Please don't change this shoe! A little annoying because I have to pay attention but they are ... I wear them for Zumba and my heel slips on turns. A little annoying because I have to pay attention but they are so cute and comfy, it balances out. Five Stars Nice shoes and the toe area is pretty wide plus plenty long even with socks These run large. I wear a 9.5 exactly in every shoe, but these I bought a 9, and the toe area is pretty wide plus plenty long even with socks. Very comfy and very nice looking shoe. I love them but glad I was able to try them on before purchasing. Five Stars Perfect fit, very comfortable, and a great color. They also fit as expected. Great and comfy for sports Really comfy and nice color A bit pointier toe than depicted... The picture makes the shoe look like it has a ""boxier"" toe rather than the ""pointier"" toe that it actually has. I have wider feet and generally need to buy a size or half size longer to get a comfortable width (in any brand of shoe). I was shooting for a rounder, broader toe design which is more comfortable for me, and I feel that the pictures of this shoe didn't accurately depict what I received, in that one detail. Otherwise, ""the shoe fits."" So I am wearing it. Best shoes ever!!! These are the most comfortable shoes I've used for working out. Extremely light weight and flexible. Loved them so much I purchased two more pair in different colors. Five Stars Very comfortable and looks great! Fits wonderful Love this shoes so comfy and great very everyday use. Runs big Four Stars Nice looking and fit nice Comfortable and lightweight I am a recess aide and on my feet all day long. I tried these shoes on in the store before purchasing them on Amazon. They are very lightweight and comfortable. I was surprised how great they felt. I haven't had a pair of Nikes since Nike shoxs came out. They are so much more lightweight than those. I wore them an entire day the first day and had no problems. The second day; however, I got a pain in my hip to the point where I started limping. As soon as I got home and took them off, the pain was gone the rest of the evening. I'm only 30 by the way. Nothing else in my daily routine changed except wearing these shoes two days in a row. I don't understand why it would make my hip hurt since they are comfortable on my feet, but I'm sure that was the problem. I wore different shoes today and had no pain. I don't think as much as I am on my feet I will be able to wear them an extended amount of time. I will have to rotate wearing them every other day. For normal wear, I believe, people will be fine. I am literally walking or standing six hours a day straight.

**UPDATE: So, initially after wearing them, I had hip pain after wearing them. I don't know if they just needed to be broken in, but I wear them all the time now and have not experienced any pain since the first couple times of wearing them. They are comfortable, and I love them even more now. nice Perfict fit for me. Great looking shoes at a great price. Five Stars The sneakers are very comfortable and fit to size. Wide Feet so Somewhat Tight I've had these shoes for about a week now and have so far enjoyed using them. Considering the fact that I have wide feet, the shoes are slightly tight. However, it doesn't feel uncomfortable nor does it bothers me as I use them throughout my workouts. I know some people personally like when the shoes are a bit tighter or a bit looser so it's all in personal preference. Four Stars I really like them! LOVE my new sneakers! Super comfortable and fit my small feet perfectly. I have flat feet so a lot of shoes are not comfortable for long periods of time. I can wear the shoe all day long and they are super comfortable. They are light colored so any dirt will be seen right away, but they are easy to clean compared to other shoes Ive had. Would definitely buy another pair in a different color. Very confortable! Love these shoes! Five Stars Comfortable Three Stars Fit fine...did not like color in person somewhat large fit The shoe is too large. When you do lunges it hurts the heel. The shoe size from a local store is the size I ordered from Amazon however the size or fitting seems to be large Five Stars Really great for walking I'm very glad I got these and the color is fun Five Stars Love these shoes. My feet feel so much better. Lots of padding and light enough to run in. Three Stars ok but too big Five Stars Love these shoes.. they are so comfortable. Great Shoe In really like these. I wear between a 9-9.5 womens, I got the 9.5 and they fit perfectly. They are light weight but have good support. I will buy another pair.",Fashion
B001LNSY2Q,size runs big,"size runs big great price for the product, though the sizes tend to be bigger (based on mens size i think).  there wasn't a size chart to refer to when i was ordering, so i ended up buying two, each at a difference size. Hanes pants So comfortable and soft. Was not comfortable. Switched to ""Fruit of the loom"" Did not fit well. Was not comfortable. Switched to ""Fruit of the loom"". Fruit of the loom are somewhat oversized but fit well and are very comfortable. large with no pockets No pockets and huge, the bottom of the pants go over shoes Fleece Pants Not much for wearing anything other than jeans. These fit OK for my size. Nice for lounging in around the house. Was terribly disappointed, the pants were way too large in ... Was terribly disappointed, the pants were way too large in the legs, my husband looked like he was wearing blown up clown pants. Five Stars Very comfy for wearing at home.",Fashion
B003M6060S,Cold wash or you'll be handing this down,"Cold wash or you'll be handing this down Size, colour and print all above average but does not wash great.",Fashion
B0058YEJ5K,Four Stars,"Four Stars I really like them! Four Stars Good light weight shoe...had to add insole for more support. Five Stars I love my tennis shoes LOOKS GOOD, FEELS ICKY! This is a shoe I will wear with black dress pants or jeans when I need comfort and a little style, but I am not impressed.  This is a very flimsy shoe with little support at all.  Not like any Nike I've ever purchased in the past.  It looks nice, but it's not comfortable. Love it!! Definetly recommend it Love it!! Super comfortable and nice!! Got more than I expected, super flexible great for training. Definetly recommend it. Five Stars Excelente Cheap These shoes are poorly constructed and I don't expect them to last more that one summer.  Would not recommend, and will not order another Nike downshifter series again Pretty comfortable pair of running shoes For the price I spent on the pair of shoes, I'd say it's as good as expected.
It's comfortable and doesn't hurt my feet when I run. I always get a half size up in my tennis ... I always get a half size up in my tennis shoes. For some reason these feel to big in the heel area and wide. Love them! So light feeling Put them on and walked 3 hours with no problem! Love them! So light feeling Three Stars ok but too big Five Stars Love these shoes.. they are so comfortable. Great Shoe In really like these. I wear between a 9-9.5 womens, I got the 9.5 and they fit perfectly. They are light weight but have good support. I will buy another pair. Love these shoes Love these shoes!
So stylish and comfortable. Just got back from a trip to NYC, Black and white Nikes and yoga pants are in high fashion right now! Its not as comfortable as I was expecting This shoe is JUST OK. Its not as comfortable as I was expecting, compared to my last pair of NIKE shoes. I hope they hold up. Very Comfortable Best tennis shoes I've had all my life. Very comfortable out the box. I would buy 10 pairs of these shoes if had the money. The color pattern and fit is what I liked the most what I liked the least is that ... The color pattern and fit is what I liked the most what I liked the least is that they are not easy to clean and stains do not come out very easy or at all Great shoe for the price! love these shoes. Workout in them 3-4 times a week at the gym. I do treadmill, stairmaster, cardio classes and weight lifting. lightweight and versatile shoe. Great shoe! Great shoe. I've had Nike's before and have always been pleased with the comfort, performance, and quality. Though I will say this was the first time I ordered a pair online without trying them on first, so I was nervous. But this turned out to be a great choice. Breathable, lightweight but sturdy, and comfortable during all my workouts. The built-in arch support is great and I've had no discomfort after 2 weeks of use. As far as the sole thickness and cushioning goes, I would consider these a 'medium' build (not thin, not overly thick) so if you're into heavy running outdoors then take that into consideration. Everyone is different in their preference for cushioning, but I think for light runs on a treadmill they would be sufficient. Love these, highly recommend! Three Stars The material is real then hope they don't fall apart . to expensive for what you get. Three Stars Nice Five Stars Gracias Love these shoes Love these shoes!! They are true to size and very comfortable!! This is my second pair - I wore out the first pair!! Good arch support - I have a high arch!! Five Stars  Great cross trainer Great arch support and comfortable. They are comfortable for the most but just a bit narrow It looks a bit nicer on the picture. Its very light in such a way that when I held the box I wondered if there was just paper filling inside. They are comfortable for the most. Good looking training shoes overall. staple sneakers second pair. Comfortable and great for people with bunion issues or previous surgeries.  Sole wears great Great looking shoe My daughter loves these shoes. Fit true to size. Great shoes. Purchased for my daughter for gym class.  She loves them.  Very cute and very comfortable. Style 10/10, Comfort 3/10 Great look but zero support inside the shoe. Had to buy expensive inserts to be wearable. Expected more from a nike shoe. these shoes are great! Very lightweight and fits comfortably on my feet ... Straight out of the box, these shoes are great! Very lightweight and fits comfortably on my feet like a glove! I love most especially that the sole is not bulky like my previous running shoes  I hated those things lol! I would give them a shot and they are great for the price! Great shoes. Fit perfectly Great shoes. Fit perfectly. Comfortable right from the start. Light weight and perfect for a 12 hour work shift. Good price also. Five Stars I love them! They fit perfect and are very comfortable!! Perfect. Lightweight and comfortable all day Love these lightweight shoes! Absolute favorite. Always order half a size bigger with nike shoes than with every other shoe in my closet. My knees feel better so so hard so good My knees were bothering me during HIIT workouts so i  purchased these shoes after researching many styles.  Fit true to size and are lightweight.  My knees feel better so so hard so good.  They are cute in too!! Five Stars Love the color! Comfortable, lightweight Xtrainer Comfortable athletic shoe,  good for the gym (ellipical, tredmill, etc.) Fit is good, and shoe is really lightweight and comfy. Great shoe! The shoes fit perfectly and came within the time frame i was given.  Very comfortable, which is needed since my job requires a lot if standing abd walking throughout the day. Returned...looked cheap They looked very cheap Fits to size The fit is as expected Very comfortable shoes. This is my second pair of this ... Very comfortable shoes. This is my second pair of this style of shoe because I loved them that much. Sleek and sporty Comfortable, consistent each time I order and good looking I love the shoes and the description and photos were accurate I love the shoe and it fit as expected the photos and description are accurate if you're looking for a shoe that has more cushion or support try a different style but as far as wanting a lightweight and breathable shoe this is it. I am very satisfied with this purchase Great fit! These are so cute and comfortable and very light. I just received them today and the fit is perfect. I normally wear an 8 1/2 and they are true to size! Lightweight I always order a 1/2 size up in workout shoes. Squeaky soles I wore these shoe one time, from the airport in Omaha, NE to the airport in Phoenix, AZ. When I arrived in Phoenix, the left shoe/sole started squeaking and won't stop. I want to return for a refund. Need instructions for returning as no paperwork was in my package when it arrived. Two Stars They run big and are super uncomfortable and the soles squeak. They don't breathe at all. Comfortable and Exactly what I expected! Comfortable and chic Their Cute and Pink They were a gift  to my daughter she loved them Five Stars Love these comfy shoes. they fit like a glove. Smooth and confortable. Very confortable. Five Stars i love these shoes. decent arch support and comfortably to wear all day doing regular activity and sprinting Lightweight, decent arch support and comfortably to wear all day doing regular activity and sprinting. Five Stars daughter loves them Good shoes I ordered a 1/2 size smaller than my usual size, and they are perfect. These shoes are hard to find. Great customer service as well. Good shoes Very good overall.
Now Ive been a huge Sketchers Go Walk fan for some time and the only reason I tried these instead of the latest number 4 of those is because the tread looked too slippery to me.
These shoes are very sturdy and the grip of the soles has been very solid so far. I use them for basic workout cardio and cross training, as well as work as a massage therapist (I go through shoes fast enough that Ive recently consolidated).
If you're a Go Walk fan, these do not offer the same level of cushion-comfort as those, HOWEVER, they offer the kind of long-term comfort to make them a durable option.
The material of the shoes seem very durable and the breathable. My feet do not feel hot in them.
Now these shoes are ideal for a basic workout or cross training, I would not get them to do 25,000 steps in Walt Disney World.
Solid choice, overall. Five Stars Wife loves them! Five Stars These shoes are extremely comfortable, and fit as expected.  Will purchase again. One Star Artculo equivocado en color Glad I read the reviews and ordered a half size ... Glad I read the reviews and ordered a half size too big. These are light weight. I worked out in them last night and had a great work out. They are very comfortable. I would recommend these to anyone. I am a Beach Body Coach and these are now my new favorite shoes to work out in. I feel like I am walking in slippers when I wear these shoes. They are so comfortable. I LOVE them so much. I never buy myself anything nice and for Christmas got an Amazon gift card and used it to buy myself these sneakers and they are so awesome. I really do love them and have been telling all my friends about them. GET THESE SHOES! Not in perfect condition On the left shoe, there were two stained yellow spots. Very comfortable, cute, and long-lasting I love these, I had the previous iteration (or maybe two earlier?) and finally wore them out after several years. They are definitely a light-weight training shoe so I wouldn't get them if you are going to be doing a lot of running. But this also makes them extremely comfortable, I hadn't realized how hot running shoes made my feet until I switched to these. Good support and my feet stay cool all day, also noticeably light but well-made and long lasting.

I have worn them hiking in a pinch but don't really recommend it because the material is mesh-like and will let a lot of dirt in. But if you mainly take cardio classes and/or do weight training or just need something to wear around town look no further. Super light-weight, nice tread and arch support - love them so far! Super light-weight, decent arch support (mine is higher than average).  I was pleasantly surprised by the sole/tread on these for my circuit training classes, as I couldn't really tell by online pics.  Also pleasantly surprised that these ran ever so slightly bigger than Nike running shoes I use to wear 15+years ago - I always wore one to 1.5 sizes larger in their ""Hurache's""/running shoes, so I was really worried my size 6 would be too small - there is actually more toe room in these shoes than any other size 6 shoe I own (athletic, heel, boot).  But it is the correct amount of room from big toe to edge of shoe for me (an inch or less, I don't want my big toe being jammed into edge of shoe when lunging, jumping, etc.).  Shoes arrived with an odd yellowish color on side of one shoe, but no damage to box, paper lining etc - I was happy that a clorox wipe easily cleaned the shoe and did not discolor any further.  I am very happy and highly recommend, although I have only worked out it once! Five Stars I Love it. It is very light and the color is great. My wife loves these shoes. We have both been ... My wife loves these shoes. We have both been wearing sketchers and new balance for several years and recently we have both purchased Nike. There is a reason why Nike is still number 1 after all these years, you just cant beat their comfort. New Favorite Shoes Absolutly love these shoes!! Beautiful color, comfy, and lightweight Foam compresses I **loved** these shoes when I got them. I've noticed that the foam inside tends to compress during a workout, though. I'll lace them tightly enough that they're nearly cutting off my circulation. 20 minutes later, I'm sliding out of them while doing sled pushes. Five Stars She loves them I usually wear a 9 but could have easily ordered a 8 These are a bit longer than they should be. I usually wear a 9 but could have easily ordered a 8.5. The width is accurate.

The pink is even pinker than shown and the light gray is over the very bright pink so it isn't as gray as shown in the picture. It makes the shoe a bit overwhelming. Also two grommets on each shoe is dark. I'm not referring to the dark grommets closer to the toe as shown in the photo, I'm talking about two grommets up at the top of of the laces (opposite side of side shown in photo). I thought it was faulty at first until I noticed they were on the same side of each shoe. Kind of odd and not pictured.

Overall, they are very comfortable shoes which is why I am keeping them...even if you can see me coming from a mile away. Five Stars great Five Stars c Five Stars Love them! Fits snug Very nice shoe, just a bit to snug/small for my foot. The Flex wire really makes it the shoe fit tight to your foot. I need more ""wiggle"" room in my footwear, otherwise I would have kept them. Not sure why, but my mid section of my ... Not sure why, but my mid section of my foot starts to hurt using these shoes for a long day or a tough workout at the gym. I've owned other nike shoes of this line but that never happened to me. Love My New Gym shoes! Love them Five Stars Perfect! Five Stars Perfect! TOO NARROW! I usually wear a size 8 and they fit fine. These are way too narrow. Thought they might stretch out but they didnt. Had to give away. Consider sizing down 1 size Great shoe! Outside arch is kind of high, but I'm still breaking them in. So I'm sure that will work it's way out. I originally ordered a 9, my regular size, and it was a tad too big. Returned and ordered an 8.5 and it fits perfect! Seem to Run Big I had to return the first pair and buy a 1/2 size smaller.  First time I've had to buy smaller for Nike. Five Stars Fit comfortable Perfect for trails My favorite running shoes!  The wall of the shoe is very thin, which makes them very comfortable to wear if your feet swell as you run.  I would not recommend for use on concrete or a treadmill, as there isn't very much impact absorption, but they are perfect for trail running! Four Stars Nice fit Zumba) - and really wanted to like them, since I loved the color and the ... I bought these for gym training - weight class and dance class (body jam, Zumba) - and really wanted to like them, since I loved the color and the light weight feel. But when I worked out high impact, my toes tingled, went numb and cramped because the toe bed is very narrow. Also, there wasn't enough cushion for me. When doing lunges, the ball of my feet hurt. Can't return them because I wore them several times. These might be fine for someone with a narrow foot. Five Stars They fit perfect, extremely comfortable Three Stars No arch support but l love the colors! Size problem Shoe was somewhat large Five Stars love them! True to size, would recommend This is a great shoe for in gym workouts. I did take a 10 mile hike and had a blister on my pinky, but other than that these are very comfortable shoes! Best birthday present Comfortable and light Purchased these for my wife as she has a similar ... Purchased these for my wife as she has a similar pair that is wearing out.  She has feet are difficult to fit and these fit perfectly without pressure on sensitive portions of her feet. I have pretty high arches and my calves always hurt at the ... I have pretty high arches and my calves always hurt at the gym with other shoes. I have been on the hunt for a good cross trainer that I can use to lift, take gym classes, and lightly jog/run on the treadmill. These have been wonderful! I don't ever have any pain in my calves or my feet when wearing these and they fit like a glove. Highly recommend! Five Stars Great shoes Five Stars These were exactly what I expected. Five Stars Love love love They are really light and not as sturdy as what I was looking for but over all ... I always wear a womans 9 in Nikes but these are bigger than usual. The right one almost slips off my foot a bit.  They are really light and not as sturdy as what I was looking for but over all not bad. Five Stars These shoes are awesome!! l always buy Nike shoes and been happy so far l always buy Nike shoes and been happy so far, but this time my left shoe fit perfectly while the right shoe was too loose on my heal and when I tighten it more it was hurting side of my foot. Honestly Fantastic Shoes Bought these as my back up shoes but they have turned into my daily ones I go to! So comfortable and my feet don't hurt after long hours on my feet. I own a cleaning business so I need my feet not to hurt in the middle of the day. Absolutely love these shoes and color Absolutely love these shoes and color!! They are perfect for running! I run roughly 4 miles 3x per week. This is my second or 3rd pair of this exact style. Fit is perfect! Five Stars Super comfy! Nike runs small Ordered half a size larger than my usual shoe size and fits perfectly. Five Stars Fit well. Five Stars The fit was perfect! I Highly recommend this shoe. Very Happy Customer Obsessed with these shoes! I was looking for good all around sneakers (running, walking, tennis, etc.) and these more than fit the bill. I was looking specifically for black nikes (I love the fit) with white soles (good for court sports); I was a little reluctant to purchase because I wasn't sure whether the black on the soles would contact the ground, but it doesn't! and very comfortable. Cute shoe, fit as expected, and very comfortable. nice sneakers. Fit as expected On time, nice sneakers. Fit as expected. 5 stars Perfect fit, as always. Five Stars Great shoe, very comfortable Five Stars Love these sneakers! Perfect fit and super light These shoes fit like a glove These shoes fit like a glove! Light but very supportive! I have worn them several times and feel very light on my feet. Five Stars Fit true to size Five Stars Love the fit Nike always makes a good shoe. Nike always makes a good shoe ..abit rough breaking them in but after 9 hours on my feet anyone's feet would hurt abit One Star Oops! I returned these because I ordered wrong size! Five Stars Extremely comfortable sneaker!  Shoes Good looking shoe Love these shoes I have had this style before in a different color and have received many compliments on the shoes.  They are great walking shoes!  I wear orthotics and these shoes are one of the best I have found to accommodate them for fit. I loved these shoes I loved these shoes...that is until after about an hour of wear, the green inserts on the sole of the right show began falling off. The wear was in my home, on smooth floors. I can only assume they were defective. perfect Great! Super comfy and cute! No issues and fit perfect! Five Stars Good shoes found a Ryka pair I liked I returned them...found a Ryka pair I liked better Five Stars BEST sneakers I've ever purchased!!!! Five Stars Excellent ...!!! the best sneakers by far the best sneakers by far! I had never owned a pair of Nike sneakers, and I went solely on the reviews by others...
And I absolutely loved them!! Classically comfortable and durable Love these shoes. I've been buying Nikes for years now. I bought this pair for work and everyday wear and another pair for working out and active wear. They also last a long time in my opinion, especially if you take care of them. Four Stars Right one is slightly tight.. hope it will stretch out.. !! the Nike Womens Flex Trainer 6 is way better looking and costs about the same They're ugly: the toe is rounded and the material is weird. the Nike Womens Flex Trainer 6 is way better looking and costs about the same. Five Stars So lightweight and awesome! Five Stars Luv them!! Love the color and fit Love the color and fit. I use them to work on at the gym on the treadmill and they are very light and comfortable. OK Bought these shoes with HIIT in mind, but not too sure how I like the fit on my foot. First time to wear them, not great for running. Maybe after they're broken in a little they'll get better. If you just need a comfortable pair of shoes for walking, they're fine. Great fit! My daughter loves them. Great fit! Very satisfied with the seller - delivered on time This is a very attractive shoe. It is true to size and fits as expected. Very satisfied with the seller - delivered on time. Four Stars Fits good, very lightweight. Comfortable shoe for both workout sessions and walking Comfortable shoe for both workout sessions and walking.  Neither too bulky nor too light.  This is my second pair because they fit and have no neon or pink colors, just nice basic B&W. Five Stars  Five Stars Nice These are the best shoes I have ever use for my workouts These are the best shoes I have ever use for my workouts!!! I love them and buy them in bulk!!! LOL I love these shoes I love these shoes.  They fit as expected and they look really nice on.  These shoes have a narrow base which I really like.  I don't like the ones that make your foot look wide. Five Stars Love this product.  Great fit. Low cut heels Very low cut heel so if you training and pushing sleds - I ran right out of shoes! Although the traction on toe and heel are great Perfect Just what I needed for Group Fight class. Quick movements and footwork are so easy in these sneakers. Love them. Exactly what I wanted Love! Great price too. Light shoes It's been a long time since I've worked a cross training shoe. This shoe is very light and minimally passed compared to running shoes. That's not meant to be a knock, just a fact.

I ordered the shoes half a size up because as a former runner, I'm used to my feet needing room to spread and swell. I wish I hadn't because they feel a little roomy. I have orthotics, so I think I can remedy the issue once I swap those in.

Otherwise, very good shoes Good indoor training shoes Good indoor training shoes for running on treadmill, doing lunges and regular exercises at the gym. These are very flexible, light weight and comfortable. Grip is okay - sticky rubber is used only at the edges of heel and toe areas so I slipped a little when I worked on cable machines, resistance band, etc. on un-carpeted floor.  I would emphasize that if you do lifting as a part of your everyday routine workout I would not recommend them because mine (cushion) lasted only for six months and this is the reason I gave three stars. Other than that, I liked them! So Perf. Perf. Five Stars Best shoes ever!!! Five Stars Fit good Great work out shoe I use these for my Cardio Dance class and they are perfect and very cute. I would definitely recommend. They also cam earlier than expected!! I love these shoes so much that I reordered another pair ... I love these shoes so much that  I reordered another pair online. It's hard to find shoes that fit my really wide feet! The heel back is my favorite part on them, they're thin and feel like another layer of skin, not bulky or tight at all.  I walked all over Europe in these! Comfortable, light weight, nice. Love these sneakers. Light weight and comfortable even without socks. Four Stars Nice product I feel like this pair of shoes was made for my feet I feel like this pair of shoes was made for my feet. Great fit and comfort! Very pleased with this purchase. Awesome shoes!!! Quick tranasaction!!!  Loved the shoes!!!  Would purchase from them again!!! Just wasn't what i was looking for I got the impression it's cushiony and comfy by reading the reviews on this product, when i tried it on it was a much firmer than my other work shoes, i'm standing all day and need enough support and comfort, this isn't the right product for that.
So i had to return it, but i would assume it would work fine for training.

It looks decent and clean. and seems sturdy.  just not the right thing for me.
I was refunded instantly upon returning so.. credit for that. So comfortable, I don't even feel like I have a ... So comfortable, I don't even feel like I have a sneaker on. Based on the other reviews I got a half a size up and glad I did. Five Stars they are very comfortable feel like you have nothing on. Five Stars My favorite nike shoe Five Stars Super comfortable and extremely lightweight. Great for crossfit! Five Stars Beautiful I love them comfy Falling apart already!! I've not even had them a month and the bottom is coming off. I'm not happy! Five Stars Love them! Fit exactly as expected in length and width! I would definitely buy these again. Five Stars Great shoes love the fit My second pair, love the fit, light weight and great support. Nike I have wide feet and these were too narrow but very nice looking. Nope Ugh... way to large - is this for a man? It is comfortable. The shoe fit has expected. It is comfortable. Perfect cross trainers They fit great, look great, are quite comfortable and are just what I was looking for! Great training shoes Super comfy, true Size , I use them for boot Camp,  cross fit and they are great , absolutely recommended it. Amazing training Sneakers. Love them absolutely comfortable. I'm very picky with sneakers and this ones for the price are great I use them for cross fit , boot camp & they work great . The sole is very flexible , true size . I have a wide feet and they fit perfectly. Very nice looking Great sneakers. HIIT shoes Wife happy with fit. Four Stars They run big. Order a full size smaller. Lack support but overall good shoe Super light and very comfortable. I'm a runner and they lack a bit in arch support, so the soles of my feet are a sore. I'm going to add an insert to try fix the problem. Adorable shoes Just because they are white, they do need a washing regularly but I have received many compliments on how pretty these white and pink shoes are. Extremely good Nike quality. Highly recommended. Wide sneaker for wide feet Arrived in time. Fit as exoected. They take some breaking in but I wore them 2 days in a row for more than five hours per day. I've been using these to exercise and they are nice a roomy and allow my feet to breath I've been using these to exercise and they are nice a roomy and allow my feet to breath. Also love the colors. Five Stars Comfortable from the start and very light. Five Stars As expected. Great training shoes Lightweight, comfortable, supportive. Very happy I bought these shoes for working out. Five Stars I love these and have them in a light blue too. Very light weight, airy, and comfortable. Five Stars good quality Four Stars Very comfortable sneakers and I also like the way it fits. and they were great! Super comfortable Purchased to wear for weightlifting and Zumba. Zumba trial was last night, and they were great! Super comfortable, good ventilation! Not too much padding, very minimalist, which is just what I wanted Five Stars Comfortable and lightweight. I love these shoes my second pair of 40 plus $ ... I love these shoes my second pair of 40 plus $ shoes and they both have certainly out done the $100 K-swiss that I'm looking to return . The shoes are extremely comfortable, all my clients love them, just wish they came in more colors. They fit as expected and perfect for training They fit as expected and perfect for training, the shoelaces are a little bit too long. Other than that these shoes are as I expected them ! Five Stars Extremely well fitting and light weight Five Stars Perfect Five Stars Love them Very Good For Everyday I love these shoes and have worn them for a long time. That are comfy, thinner on the top & sole and are very cute! Great shoes Fast shipping and turned out as expected. Couldn't be happier. Love these shoes I have been wearing for a solid week during my work outs & they are great for comfort and they are light weight. Five Stars Love these shoes for circuit training. Super comfortable. I joined Cross Fit and this is ... Super comfortable. I joined Cross Fit and this is the perfect shoe. Five Stars just do it :) Sooo comfortable Love these, comfortable, light weight, great fit. So happy. I love this show. the shoe is nice and provides well for my HIIT and Grit classes ... The shoes are true to size. I am used to wearing running shoes so these have been an adjustment. Overall, the shoe is nice and provides well for my HIIT and Grit classes I take. Look amazing, runs slightly big. Love them!  I ordered an 8.5 because I usually wear that size but these are a bit big. I wish I ordered an 8. They are really comfortable and I enjoy wearing them. Four Stars Very comfortable. Five Stars Very nice shoes.  Comfortable. Five Stars Very comfortable. I love wearing them. Five Stars Great fit so comfortable love them!!!!! Decent little shoe for the price. A nice lightweight shoe. Not a lot of cushion so I wouldn't run long distances in them. Attractive and fit well I really love these shoes.  They are attractive and very comfortable.  They work well for my daily workout and fit well. Runs large Comfortable shoe.  First time I've ever bought nikes that feel so large.  It feels about 1/2 size too big.  I bought 7.5.  I normally wear exactly that size and on occasion an 8. One Star Ordered 9(m) received 9 Wide for the second time. Returned them for the second time. Five Stars Nice shoes I love the fit and they provide support for walking This is my second pair of these shoes.  I love the fit and they provide support for walking.  I like the way the shoes fit around my ankle, as many shoes are uncomfortable because they come up too high in the back.  Try them! Good Shoes! There is about a 1/2 inch of extra space from the tip of my big toe to the front of the shoe. That's okay, though. I usually wear socks, so it doesn't feel too big, even if it does make your foot look a bit long.

The colors are vibrant, and the sole has plenty of grip, even on a slippery floor. I wore them for most of the day and they are comfortable.

Overall, I'm very pleased with this shoe. Great shoes Got them for my girlfriend. She loves them. Says it's like wearing slippers because they are incredibly light. Good shoe Serves intended purpose Five Stars They are super comfortable. Loving them. Love These Shoes! I have gotten so many compliments on the blue color and look of this shoe.  It is super comfortable.  The grip is wonderful for my indoor gym cross training classes.  I always order a half size larger in Nike brand shoes and thy fit perfectly as I did with this shoe. Not my favorites... Fit is fine, but not much cushioning in the footbed. The first time wearing them on a long walk I developed a blister on the bottom of my foot. Perfect for the gym Perfect for the gym, could use a little more support in the toe area but very comfortable and light. Fit true to size. Meh Meh, felt very comfortable but provided no support. Seem like a good option for walking around in the summer but not for aerobics or lateral movements Five Stars Love these! Super light and comfortable! Five Stars Loved the products and services!! Hurry before they're gone! It's hard to find a lightweight athletic shoe with a wide toe box. This shoe has that. I am happy with the support for walking and everyday wear. I wouldn't run in them. Now I just have to stock up on as many pair as I can afford before Nike discontinues them :). Don't you hate when that happens? Amazing The shoes are amazing,very comfortable and fit as expected highly recommended. :) Five Stars Super comfy!! Not quite wide enough I needed a wide size, that option was not available. So I went up a half size bigger hoping that would work. It's not quite comfortable but I am  able to wear them. I like the shoes. Not quite wide enough I needed a wide size, that option was not available. So I went up a half size bigger hoping that would work. It's not quite comfortable but I am  able to wear them. I like the shoes. Five Stars Look great Simple look, outstanding comfort! I love these shoes. I am rather basic when it comes to Nikes, I don't need all the cool colors, so these look amazing and feel amazing, like they were made for my feet. I definitely suggest purchasing them. My second favorite. Cute and comfy. Sleek design. My only complaint is the fly wire loosens up and my shoe sometimes slips off my heels during heavy sled runs. I have two pairs of this style. Five Stars I love them! Fit to actual size. normally Nike fits small so we go up a half size. These actually fit to my wife's appropriate size. So be ware when you order. Five Stars love these shoes. use them to workout inside and to work Too small, flimsy upper I was shocked at how small these shoes were, not true at all to size, and I own multiple shoes in this brand. The quality could have been better, in my opinion -- very little support from the upper. Great for kickboxing Great shoes - was looking for something to replace my barefeet so I can wear orthotics while kickboxing. These are light weight, hug my feet comfortably and have a thinner upper so I can still feel the bag when I kick AND they have good lateral stability. My feet are on the narrow side so it's hard to find shoes that are snug enough. These are perfect. Oh, and they are really cute too. These shoes are great for walking - so very comfortable They fit perfectly. These shoes are great for walking - so very comfortable. Love them. Good choice for training shoe Good fit and comfy.  Not so cushiony so definetly better for training and not for running or aerobics. Bought size 8 which is my usual size. Five Stars Light weight and comfortable They are slightly longer in look then I was would like but I think that is typical of cross trainers I was wearing running shoes for cardio dance classes at the gym because I thought they would be sufficient. After getting 2 blood blisters I did some research and found out cross trainers would be more appropriate which is how I ended up buying this pair. They are slightly longer in look then I  would like but I think that is typical of cross trainers. Also, the lacing is done in a way that allows you to tie too tightly if you're not careful (my toes were tingling during one particular work out when I had done this). Other then that I am very happy with the shoes. I love them but they are definitely bright orange/coral and not ... Nikes usually run small and I'm a 7.5, so I ordered these in an 8 and they were actually very roomy.  I love them but they are definitely bright orange/coral and not bright crimson like the description said.  I thought they'd be more red in hue to wear with my Ohio State clothes, but instead I use them for running. Color was not at all what i expected. It ... Color was not at all what i expected.  It was more orange then red.  Not sure that I am going to keep them. Super cute and on sale!! Perfect fit! Brand new in new box completely perfect condition and on sale!!! Awesome! Highly reccomend! Super cute shoes. Three Stars Squeaky then you should pretty much know your size If you wear Nike on the regular, then you should pretty much know your size. I wear only 7's in Nike, and it fit just as expected. I have many of the trail runner generations, and love them all. they're my go to sneakers for the gym use, or casual wear. I have a pair I used mostly for casual wear that have lasted about 5 years. Another pair that I used for cross fit/outdoor runs that lasted a little over a year (very vigorous daily use). All in all, these shoes are great for me. They're lightweight, and comfortable. Nice Support Great arch support and cushion both for the heel and ball of the foot. Great aerobic shoe! Good Sneaker Good quality, perfect fit.  It's a Nike! Satisfied Size 8, but purchased 8.5 for a more comfortable feel, considering shrinkage as a result of perspiration. Too large I've always gotten this size in Nike shoes with similar description, but these are too long- at least an inch and 1/2. colors look great together. Very lightweight. Normal Nike quality. Pink is very bright , colors look great together. Five Stars Love them!! but if I wear thick socks they are fine. Also Arrived on time. I probably should have gone with a 7.5 instead of an 8 because they do seem a little big, but if I wear thick socks they are fine. Also, they can sometimes make a very annoying squeaky noise when I run on certain surfaces so I'm trying to get them worn in. Over-all, I am satisfied with my purchase! Poor quality for Nike After less than a week the sole ripped off on the outside of the shoe 4/5 The lines don't really show up unless there is a bright light on them. But other than that they are perfect. They are very true to size and are comfortable the first time you put them on. LOVE! I love these!  I ordered an 8.5 which is my normal shoe size and they fit great.  I used them for my strength training class and they performed well, and they are sooooo pretty!  Comfortable, low profile and stylish! Five Stars Cute and comfortable Five Stars Very comfortable. Correct size Sizing was perfect as ordered. Quality appears good, still new, not too much more to report. Perfect for the gym Size really depends on the brand.  I wear a 6.5 in Nike and they fit me perfectly.  These shoes are comfortable, they wrap around my feet like a bandage but do not restrict movement. ... opened the box to see the color is exactly like the image shows I was really excited when I opened the box to see the color is exactly like the image shows! I have the Nike flex tr 5 and used the same size to order these. They are a little bigger than expected but still comfortable. I ordered the Nike Women's Flex Supreme TR3 instead and love them! Returning these. the pictures on here make the shoe appear all black with a touch of pink in the check. however, the whole shoe has pink coming through. I was looking for an all black shoe. I ordered the Nike Women's Flex Supreme TR3 instead and love them!!! so light & comfortable! wow these are the most comfortable, light weight shoes. I love them!! Five Stars love the lightweight and the fit Five Stars fits perfect, my daughter loves them these were a perfect fit. They are light and very comfortable Finally, after trying about 10 pairs of Nike's, these were a perfect fit.  They are light and very comfortable, I really just forget about my feet when I'm wearing them. Five Stars Came quick and my daughter LOVES them Five Stars Great Gift - she loved it!  It's a nice shoe! Just what I wanted! Perfect! Bought these for my daughter and she loves them. ... Bought these for my daughter and she loves them.  She tried them on at a retail store a couple months prior, so I knew her exact size. Five Stars Great product and fast shipping! Tried one in the store and bought it online but ... Tried one in the store and bought it online but it was a different  kind of shoe . Too big , different fit ! I had the older generation of this shoe that survived ... I had the older generation of this shoe that survived 2 or 3 mud runs and of all my aches and pains, my feet was not one of them. This is because of this shoe. Nike really dropped the mic with this. Five Stars This pair fits perfect.....the first pair was wrong size in the right box.....definitely order again!!!!! Not true to size I returned these as they were not true to size. They ran large. One Star wrong shoes Nice There very nice Great I actually have 3 pairs of these trainers.  They are very comfortable, there is a neoprene sleeve that goes around your ankle that makes them the most comfortable for me compared to normal athletic shoes.  They run a little narrow - for me this is perfect, but you may want to round up on the size or try on in the store first if your feet are on the wider side. Four Stars Just too big otherwise I liked them! Four Stars Comfortable shoe.  I would buy again Four Stars Light weight and comfortable. Five Stars Fit my size perfectly and very comfortable! Five Stars Love these shoes! Needed new running shoes and these are perfect. Light weight and fit great! Five Stars Purchased these for our teenage daughter. She loves them. For both casual wear and sports. Love them Love these shoes, I have worn them all day and found them really comfortable with no aching feet at the end of the day. Fantastic colour and true to size. I also bought  Nike Women's Flex Supreme Tr 3 Pnk Pw/Mtllc Slvr/Cl Gry/White Training Shoe and these shoes are slightly more comfortable than those even though they look very similar. Super light weight versatile Super light weight comfortable! Kick box in these and run too. Good support! very comfortable but limited use i bought a pair from DSW for 50$ and they are very comfortable but i bought a size 6.5 when I normally where a size 7.  and even the 6.5 feels a little roomy.  I have wide flat feet btw.  im not sure if I will keep them even though i love their look and comfort.  I've been having feet problems while taking a gym class and I think they won't give me enough support when running.  they're great for wearing at home or gym and doing exercises in one place- extremely light weight and flexible, but i don't know if they'll last long if you use them everywhere else.  :(  i really like them but i cant just buy 2 different shoes.
also, i really like the strings inside the lining on the side of the shoes to adjust and make the shoe fit snug. it makes me feel secure :D Four Stars Not a lot of arch support but really lightweight. Five Stars EXCELLENT Not for aerobic exercise Good for non-aerobic workout. Mesh was very comfortable but no support for lateral movrment. Favorite Nikes ever Favorite Nikes ever. I already owned this style and was ready for a new pair so I went with these. Love the color and they fit great. Four Stars Light-weight comfy shoes. ... of shoes for cross training and these were the best! Tried a lot of shoes for cross training and these were the best! Overall, a grwat shoe. Wish they had a little more support/cushion, but I love everything else about them! These are as far as comfort goes the most comfortable pair of sneakers I have I suffer from sciatica ... These are as far as comfort goes the most comfortable pair of sneakers I have I suffer from sciatica pain that goes into my feet I have difficulty finding the proper support and comfort in shoes I would recommend these most definitely. They feel good but I will not recommended if you need Wide ... After my purchased I found out they are overpriced. They feel good but I will not recommended if you need Wide fit. Get a half-size or more larger than usual. I bought a pair of these in my size, but they are too small. I can get my feet in them but not comfortably. It's too bad because I can tell the soles are comfortable. Of course, now I've work them to work so I can't return them. Love them! Very comfortable and great for weight training Love them!  Very comfortable and great for weight training! Not as expected Took other reviewers advice and went up half size and it was too large. I thought this was a more sock-like fit but it had a tongue that came up high on my ankle not at all sock like. Nice looking and very light weight with a rounded square toe that left plenty of room front foot and toes. These just weren't what I was looking for. Five Stars Really comfortable and very cute. Really Comfortable Shoes These shoes are great.  This is the second pair that I have purchased and I love them. Five Stars Fit to size. Comfortable Worth it. Picky daughter actually loves them. Great sneakers! Fit like a dream! Great for cross-training/HITT videos I do everyday. Great for walking too. Look amazing! Lightweight yet supportive Most comfortable training shoes I've worn in a long time. but like them so far I bought these sneakers for boot camp class.  They are very light weight and different than other sneakers that I have owned.  Have only used them a few times, but like them so far. Great red color I got a hot spot on the bottom of my foot the first day I wore them. they'll work great!: ) Still breaking them in for use at the gym.  I think once I get used to them, they'll work great!  :) Shoes looked great but too narrow for most feet Not a fan. Shoes looked great but too narrow for most feet. I love these shoes I love these shoes. I exercise in them as well as just take them on longer walks. Feels good, looks GREAT!! Five Stars fits perfect Very comfortable shoes. I have wide feet with falling arches Very comfortable shoes. I have wide feet with falling arches. These help both and are comfortable enough that I can be in them all day long. Did not fit my feet Unfortunately, this Flex Supreme does NOT have enough support over the toe and ankle are for my requirements.
Returning for credit.  Thanks anyway. Poor Quality. Don't buy. After using this shoes seven times for regular activities like walking or dancing the sole came out. I am very disappointed. I don't recommend this product at all. The worse part is that I can not return this item because the return window closed 4 days ago. Five Stars Fit like gloves to my feet! Perfect for workouts. Does the job! I've worn these to work out for 5 days in a row now. Initially, my arches ached but over time the discomfort subsided entirely. I've done everything from bootcamps, resistance training, running and Zumba. So yeah.., they are truly crosstrainers ;-) I liked these shoes a lot I liked these shoes a lot. Very light weight. I didn't give a 5 because the color was a little lighter than I thought it was going to be but still a great shoe. Very comfortable Five Stars Love them !!! Five Stars I love these shoes! Great arch support and perfect for cardio. ... crossfit and find that these shoes help give me good support with my endurance workouts I workout at the local crossfit and find that these shoes help give me good support  with my endurance workouts. Unnacceptable. Zero support These shoes look really great. However, slightly loose. The problems with lack of support arose when I exercised. It feels like there is little to no support in them. Possibly this is a shoe more geared for an office environment or short walking distances. Great for walking! These are my favorite walk around shoes! I can wear them all day and not be in pain! Love em! Simply Supreme. Favorite training and walking-around sneakers.
They look good with just about anything, and are comfortable for most situations.
With the exception of running (for which I use proper Mizuno running sneakers with an arch-support insole), these sneakers are my go-to.
If I could, I'd take away a 1/2 star for arch support - I have a slightly wider front of the foot and arches that are a little on the high side, so I do look for a good under the foot fit. I could probably tie the laces differently or put in an insole(they're pretty expensive), but as is, when I did a zumba class in these, my arch began to twinge :(
However, this is overall an awesome shoe that I will continue to stick with for going out, day to day walking, and for training and gym use (with the exception of running and zumba (although hip-hop was fine). The shoes have a great flexibility to them and don't look ""dirty"" easily. My previous pair of flex supreme TR 3s have lasted for a good 2 years and are just now on the verge of being worn out. This is the optimal sneaker that is flexible in more ways than one: from pointing you toes to leg-pressing, from gym use to shopping to adding a sporty edge to a dressy night out, the flex has it all. Soooo comfortable..... Love these! I have 3 pairs...they're so comfortable - I'm on my feet all day & my feet actually don't hurt at the end of the day when I wear these :)
I've learned to get these 1/2 size smaller....I'm normally a size 7 and the 6 1/2 fit perfectly Five Stars Great shoes. Lightweight and comfortable BEST SHOES EVER! BEST. SHOES. EVER.  I bought two pairs in different colors- black n' white and the pink and white...  They have AWESOME support for whatever you use them for.. I have one for work and the other for training/running/etc in... ... me the motivation to workout because they feel so good and are great for any training These sneakers give me the motivation to workout because they feel so good and are great for any training Hurt my knees and back running I LOVE the look and comfort of these shoes for style and lifting weights. Super cute and flezable. BUT for running, absolutely not!! It might just be my pronation/supnation and these shoes just do not work for my personal stride. I run about 2-4 miles every few days. Average of 8 miles a week and then sprints twice a week on a treadmill. Just after running with these 3 times, I am having major back issues that I have never had before.

MY STATS and other shoes:
I road and trail run. I run on my tip toes on the treadmill and a lot of heal on the road. I am 5'6 169lbs with more muscle than an average runner. Built more like a sprinter than a marathon runner.
I LOVE Nike FLEX bottoms. They really give me support and flex needed. I have also used Asics and Puma. Very comfortable shoes. Love Size 5. Very comfortable shoes. Love! Great shoes I bought a wide size of these at a local store and they are amazing!  Soft, comfy, with moderate support.  Not a cloud to walk on, but not minimalist.  The wide size is perfect for my wide feet with high arches.  The shoe tends to run about a half size long though, especially for Nike.  I am working on getting in shape, and these shoes feel good all day... No rubbing on my big toe joint or pinkie toe or heel.  Very pleased. large shoe I always buy the same size this ones came to large Five Stars Nice shoes, fit good My wife loves these shoes. I bought these for my wife. She saw them in the store but did not have their size so i ordered on amazon. She loves them . She already had for a couple of months and no complains at all. One of her favorites shoes for running or for her job since she walks a lot in the warehouse. Now she loves me more. :) Love Love Love Love these shoes. My feet have been weird since I was pregnant and my old shoes were uncomfortable. These are very comfy and help me get active. They are also stylish and go with anything. PERFECT Look better than the picture, very comfortable, great support. Nice shoe Love my new Nike's.  It's been years since I've been able to wear them (sizing changed years ago and I just couldn't wear them any more) but now the new styles and sizing are perfect.  Lightweight shoe with tons of style.  The Fog color is just what I was looking for...not black and not neon!  I wore them to participate in Relay for Life (24 hour walk) and they held up great! I am so happy with this purchase I am so happy with this purchase. I feel like I'm barely wearing a sneaker when working out. Another plus is that when I take off my sneaker, my sock is barely sweaty! I have never had that experience with a shoe. The shoe is also very attractive and flattering and looks nice on my feet. Five Stars Absolutely love them. Can even wear them without my insoles. Cute Super cute shoe however runs wide and big, I'm a size 10 however this size 10 is too big. I went to a sporting goods store and tried the same shoe on  turns out with this particular shoe I'm a 9.5, so order half the size u normally are. Love Wore these for the first time hiking the bluffs. Not the best traction on well worn rocks, but super comfy. No blisters, no achilles pain like with other shoes. Will continue to purchase Nike shoes, because my feet love them for all activities! ( except my home workouts, they drag pretty hard on the carpet) Absolutely Perfect Shoe!! A-MA-ZING!  I needed a good jogging shoe and these make me feel like ""Forest Gump"".  I felt like I was running on a cloud.  I have narrow feet and these fit perfectly.  I am so happy that I am going to purchase another two pair as back-ups for once it's time to replace them.  Highly recommend to women who like to walk or run and light a light weight, comfortable shoe. Comfortable and lightweight Comfortable and lightweight. Need a good training shoe that's also supportive and flexible.  I really like the fit, but had to get 1/2 size larger as this style in my size is too perfect from heel to toe. Five Stars Excellent Awesome shoes! These shoes are awesome!  They are nearly weightless and feel great on my feet.  The first day I wore them I wore them ALL day on vacation.  I put them on the next day and did the same.  Besides the comfort, they are really a cool color! Five Stars Super cute! Five Stars perfect Time to leave the fad of the month for something that works. This is the most comfortable shoe I've ever had. No other shoe can compare to how the individual nubs on the bottom allow your foot to be cushioned, yet work like it's suppose to. My feet feel cradled in this shoe and hard surfaces don't make my feet ache anymore.

These shoes have a small amount of support, but not much, which I like as I'm coming from vibram five fingers. (Sorry vffs, I'm bailing after 2 years of shin splints, no matter what I did).

Highly recommended for walking/running on concrete or tracks. As long as nike continues to make the flex supreme, they will get my money. Please don't change this shoe! A little annoying because I have to pay attention but they are ... I wear them for Zumba and my heel slips on turns. A little annoying because I have to pay attention but they are so cute and comfy, it balances out. Five Stars Nice shoes and the toe area is pretty wide plus plenty long even with socks These run large. I wear a 9.5 exactly in every shoe, but these I bought a 9, and the toe area is pretty wide plus plenty long even with socks. Very comfy and very nice looking shoe. I love them but glad I was able to try them on before purchasing. Five Stars Perfect fit, very comfortable, and a great color. They also fit as expected. Great and comfy for sports Really comfy and nice color A bit pointier toe than depicted... The picture makes the shoe look like it has a ""boxier"" toe rather than the ""pointier"" toe that it actually has. I have wider feet and generally need to buy a size or half size longer to get a comfortable width (in any brand of shoe). I was shooting for a rounder, broader toe design which is more comfortable for me, and I feel that the pictures of this shoe didn't accurately depict what I received, in that one detail. Otherwise, ""the shoe fits."" So I am wearing it. Best shoes ever!!! These are the most comfortable shoes I've used for working out. Extremely light weight and flexible. Loved them so much I purchased two more pair in different colors. Five Stars Very comfortable and looks great! Fits wonderful Love this shoes so comfy and great very everyday use. Runs big Four Stars Nice looking and fit nice Comfortable and lightweight I am a recess aide and on my feet all day long. I tried these shoes on in the store before purchasing them on Amazon. They are very lightweight and comfortable. I was surprised how great they felt. I haven't had a pair of Nikes since Nike shoxs came out. They are so much more lightweight than those. I wore them an entire day the first day and had no problems. The second day; however, I got a pain in my hip to the point where I started limping. As soon as I got home and took them off, the pain was gone the rest of the evening. I'm only 30 by the way. Nothing else in my daily routine changed except wearing these shoes two days in a row. I don't understand why it would make my hip hurt since they are comfortable on my feet, but I'm sure that was the problem. I wore different shoes today and had no pain. I don't think as much as I am on my feet I will be able to wear them an extended amount of time. I will have to rotate wearing them every other day. For normal wear, I believe, people will be fine. I am literally walking or standing six hours a day straight.

**UPDATE: So, initially after wearing them, I had hip pain after wearing them. I don't know if they just needed to be broken in, but I wear them all the time now and have not experienced any pain since the first couple times of wearing them. They are comfortable, and I love them even more now. nice Perfict fit for me. Great looking shoes at a great price. Five Stars The sneakers are very comfortable and fit to size. Wide Feet so Somewhat Tight I've had these shoes for about a week now and have so far enjoyed using them. Considering the fact that I have wide feet, the shoes are slightly tight. However, it doesn't feel uncomfortable nor does it bothers me as I use them throughout my workouts. I know some people personally like when the shoes are a bit tighter or a bit looser so it's all in personal preference. Love them! Favorite Nike shoe ever! The flex sole is excellent for someone like me who loves the free feeling of sandals or being barefoot. These move effortlessly with the bend of my foot. I've worn these for multiple activities and I've had no foot or ankle pain. The white/green/dark grey color goes with so many outfits and the mesh breathes perfectly on hot summer days. Highly recommend! Five Stars I wear these everyday to work, the gym, etc. Five Stars Love these shoes! Great fit, very light weight. LOVE my new sneakers! Super comfortable and fit my small feet perfectly. I have flat feet so a lot of shoes are not comfortable for long periods of time. I can wear the shoe all day long and they are super comfortable. They are light colored so any dirt will be seen right away, but they are easy to clean compared to other shoes Ive had. Would definitely buy another pair in a different color. Very confortable! Love these shoes! Five Stars Comfortable Three Stars Fit fine...did not like color in person somewhat large fit The shoe is too large. When you do lunges it hurts the heel. The shoe size from a local store is the size I ordered from Amazon however the size or fitting seems to be large Five Stars Really great for walking I'm very glad I got these and the color is fun Five Stars Love these shoes. My feet feel so much better. Lots of padding and light enough to run in.",Fashion
B005AGO4LU,Cheap,"Cheap These shoes are poorly constructed and I don't expect them to last more that one summer.  Would not recommend, and will not order another Nike downshifter series again Pretty comfortable pair of running shoes For the price I spent on the pair of shoes, I'd say it's as good as expected.
It's comfortable and doesn't hurt my feet when I run. I always get a half size up in my tennis ... I always get a half size up in my tennis shoes. For some reason these feel to big in the heel area and wide. Love them! So light feeling Put them on and walked 3 hours with no problem! Love them! So light feeling Five Stars excelente you feel like you have a lot of room The shoes fit well in the arch area. They are a little wider in the toe area of the shoe, you feel like you have a lot of room. This does not make the shoe uncomfortable, just had to get used to it. Love the shoe. Exactly What I Was Looking For Tried them on in a store before buying online so I knew they'd fit good. Overall I was looking for a durable cross training shoe that would hold up to my rigorous training and these have been great so far. They are really light and comfortable. Most importantly for me they have grips on the bottoms so my feet don't slide out from under me while doing planks, push-ups, etc. Highly satisfied with this purchase. Five Stars I recommend that! Good shoes, tolerable price. My son likes these, and this is the 2nd pair he's worn. Five Stars Love these shoes! Great fit, very light weight. LOVE my new sneakers! Super comfortable and fit my small feet perfectly. I have flat feet so a lot of shoes are not comfortable for long periods of time. I can wear the shoe all day long and they are super comfortable. They are light colored so any dirt will be seen right away, but they are easy to clean compared to other shoes Ive had. Would definitely buy another pair in a different color. Very confortable! Love these shoes! Five Stars Comfortable Three Stars Fit fine...did not like color in person somewhat large fit The shoe is too large. When you do lunges it hurts the heel. The shoe size from a local store is the size I ordered from Amazon however the size or fitting seems to be large Five Stars Really great for walking I'm very glad I got these and the color is fun Five Stars Love these shoes. My feet feel so much better. Lots of padding and light enough to run in. Three Stars ok but too big Five Stars Love these shoes.. they are so comfortable. Great Shoe In really like these. I wear between a 9-9.5 womens, I got the 9.5 and they fit perfectly. They are light weight but have good support. I will buy another pair. Love these shoes Love these shoes!
So stylish and comfortable. Just got back from a trip to NYC, Black and white Nikes and yoga pants are in high fashion right now! Its not as comfortable as I was expecting This shoe is JUST OK. Its not as comfortable as I was expecting, compared to my last pair of NIKE shoes. I hope they hold up. Very Comfortable Best tennis shoes I've had all my life. Very comfortable out the box. I would buy 10 pairs of these shoes if had the money. The color pattern and fit is what I liked the most what I liked the least is that ... The color pattern and fit is what I liked the most what I liked the least is that they are not easy to clean and stains do not come out very easy or at all Great shoe for the price! love these shoes. Workout in them 3-4 times a week at the gym. I do treadmill, stairmaster, cardio classes and weight lifting. lightweight and versatile shoe. Great shoe! Great shoe. I've had Nike's before and have always been pleased with the comfort, performance, and quality. Though I will say this was the first time I ordered a pair online without trying them on first, so I was nervous. But this turned out to be a great choice. Breathable, lightweight but sturdy, and comfortable during all my workouts. The built-in arch support is great and I've had no discomfort after 2 weeks of use. As far as the sole thickness and cushioning goes, I would consider these a 'medium' build (not thin, not overly thick) so if you're into heavy running outdoors then take that into consideration. Everyone is different in their preference for cushioning, but I think for light runs on a treadmill they would be sufficient. Love these, highly recommend! Three Stars The material is real then hope they don't fall apart . to expensive for what you get. Three Stars Nice Five Stars Gracias Love these shoes Love these shoes!! They are true to size and very comfortable!! This is my second pair - I wore out the first pair!! Good arch support - I have a high arch!! Five Stars  Great cross trainer Great arch support and comfortable. They are comfortable for the most but just a bit narrow It looks a bit nicer on the picture. Its very light in such a way that when I held the box I wondered if there was just paper filling inside. They are comfortable for the most. Good looking training shoes overall. staple sneakers second pair. Comfortable and great for people with bunion issues or previous surgeries.  Sole wears great Great looking shoe My daughter loves these shoes. Fit true to size. Great shoes. Purchased for my daughter for gym class.  She loves them.  Very cute and very comfortable. Style 10/10, Comfort 3/10 Great look but zero support inside the shoe. Had to buy expensive inserts to be wearable. Expected more from a nike shoe. these shoes are great! Very lightweight and fits comfortably on my feet ... Straight out of the box, these shoes are great! Very lightweight and fits comfortably on my feet like a glove! I love most especially that the sole is not bulky like my previous running shoes  I hated those things lol! I would give them a shot and they are great for the price! Great shoes. Fit perfectly Great shoes. Fit perfectly. Comfortable right from the start. Light weight and perfect for a 12 hour work shift. Good price also. Five Stars I love them! They fit perfect and are very comfortable!! Perfect. Lightweight and comfortable all day Love these lightweight shoes! Absolute favorite. Always order half a size bigger with nike shoes than with every other shoe in my closet. My knees feel better so so hard so good My knees were bothering me during HIIT workouts so i  purchased these shoes after researching many styles.  Fit true to size and are lightweight.  My knees feel better so so hard so good.  They are cute in too!! Five Stars Love the color! Comfortable, lightweight Xtrainer Comfortable athletic shoe,  good for the gym (ellipical, tredmill, etc.) Fit is good, and shoe is really lightweight and comfy. Great shoe! The shoes fit perfectly and came within the time frame i was given.  Very comfortable, which is needed since my job requires a lot if standing abd walking throughout the day. Returned...looked cheap They looked very cheap Fits to size The fit is as expected Very comfortable shoes. This is my second pair of this ... Very comfortable shoes. This is my second pair of this style of shoe because I loved them that much. Sleek and sporty Comfortable, consistent each time I order and good looking I love the shoes and the description and photos were accurate I love the shoe and it fit as expected the photos and description are accurate if you're looking for a shoe that has more cushion or support try a different style but as far as wanting a lightweight and breathable shoe this is it. I am very satisfied with this purchase Great fit! These are so cute and comfortable and very light. I just received them today and the fit is perfect. I normally wear an 8 1/2 and they are true to size! Lightweight I always order a 1/2 size up in workout shoes. Squeaky soles I wore these shoe one time, from the airport in Omaha, NE to the airport in Phoenix, AZ. When I arrived in Phoenix, the left shoe/sole started squeaking and won't stop. I want to return for a refund. Need instructions for returning as no paperwork was in my package when it arrived. Two Stars They run big and are super uncomfortable and the soles squeak. They don't breathe at all. Comfortable and Exactly what I expected! Comfortable and chic Their Cute and Pink They were a gift  to my daughter she loved them Five Stars Love these comfy shoes. they fit like a glove. Smooth and confortable. Very confortable. Five Stars i love these shoes. decent arch support and comfortably to wear all day doing regular activity and sprinting Lightweight, decent arch support and comfortably to wear all day doing regular activity and sprinting. Five Stars daughter loves them Good shoes I ordered a 1/2 size smaller than my usual size, and they are perfect. These shoes are hard to find. Great customer service as well. Good shoes Very good overall.
Now Ive been a huge Sketchers Go Walk fan for some time and the only reason I tried these instead of the latest number 4 of those is because the tread looked too slippery to me.
These shoes are very sturdy and the grip of the soles has been very solid so far. I use them for basic workout cardio and cross training, as well as work as a massage therapist (I go through shoes fast enough that Ive recently consolidated).
If you're a Go Walk fan, these do not offer the same level of cushion-comfort as those, HOWEVER, they offer the kind of long-term comfort to make them a durable option.
The material of the shoes seem very durable and the breathable. My feet do not feel hot in them.
Now these shoes are ideal for a basic workout or cross training, I would not get them to do 25,000 steps in Walt Disney World.
Solid choice, overall. Five Stars Wife loves them! Five Stars These shoes are extremely comfortable, and fit as expected.  Will purchase again. One Star Artculo equivocado en color Not in perfect condition On the left shoe, there were two stained yellow spots. Very comfortable, cute, and long-lasting I love these, I had the previous iteration (or maybe two earlier?) and finally wore them out after several years. They are definitely a light-weight training shoe so I wouldn't get them if you are going to be doing a lot of running. But this also makes them extremely comfortable, I hadn't realized how hot running shoes made my feet until I switched to these. Good support and my feet stay cool all day, also noticeably light but well-made and long lasting.

I have worn them hiking in a pinch but don't really recommend it because the material is mesh-like and will let a lot of dirt in. But if you mainly take cardio classes and/or do weight training or just need something to wear around town look no further. Super light-weight, nice tread and arch support - love them so far! Super light-weight, decent arch support (mine is higher than average).  I was pleasantly surprised by the sole/tread on these for my circuit training classes, as I couldn't really tell by online pics.  Also pleasantly surprised that these ran ever so slightly bigger than Nike running shoes I use to wear 15+years ago - I always wore one to 1.5 sizes larger in their ""Hurache's""/running shoes, so I was really worried my size 6 would be too small - there is actually more toe room in these shoes than any other size 6 shoe I own (athletic, heel, boot).  But it is the correct amount of room from big toe to edge of shoe for me (an inch or less, I don't want my big toe being jammed into edge of shoe when lunging, jumping, etc.).  Shoes arrived with an odd yellowish color on side of one shoe, but no damage to box, paper lining etc - I was happy that a clorox wipe easily cleaned the shoe and did not discolor any further.  I am very happy and highly recommend, although I have only worked out it once! Five Stars I Love it. It is very light and the color is great. My wife loves these shoes. We have both been ... My wife loves these shoes. We have both been wearing sketchers and new balance for several years and recently we have both purchased Nike. There is a reason why Nike is still number 1 after all these years, you just cant beat their comfort. New Favorite Shoes Absolutly love these shoes!! Beautiful color, comfy, and lightweight Foam compresses I **loved** these shoes when I got them. I've noticed that the foam inside tends to compress during a workout, though. I'll lace them tightly enough that they're nearly cutting off my circulation. 20 minutes later, I'm sliding out of them while doing sled pushes. Five Stars She loves them I usually wear a 9 but could have easily ordered a 8 These are a bit longer than they should be. I usually wear a 9 but could have easily ordered a 8.5. The width is accurate.

The pink is even pinker than shown and the light gray is over the very bright pink so it isn't as gray as shown in the picture. It makes the shoe a bit overwhelming. Also two grommets on each shoe is dark. I'm not referring to the dark grommets closer to the toe as shown in the photo, I'm talking about two grommets up at the top of of the laces (opposite side of side shown in photo). I thought it was faulty at first until I noticed they were on the same side of each shoe. Kind of odd and not pictured.

Overall, they are very comfortable shoes which is why I am keeping them...even if you can see me coming from a mile away. Five Stars great Five Stars c Five Stars Love them! Fits snug Very nice shoe, just a bit to snug/small for my foot. The Flex wire really makes it the shoe fit tight to your foot. I need more ""wiggle"" room in my footwear, otherwise I would have kept them. Not sure why, but my mid section of my ... Not sure why, but my mid section of my foot starts to hurt using these shoes for a long day or a tough workout at the gym. I've owned other nike shoes of this line but that never happened to me. Love My New Gym shoes! Love them Five Stars Perfect! Five Stars Perfect! TOO NARROW! I usually wear a size 8 and they fit fine. These are way too narrow. Thought they might stretch out but they didnt. Had to give away. Consider sizing down 1 size Great shoe! Outside arch is kind of high, but I'm still breaking them in. So I'm sure that will work it's way out. I originally ordered a 9, my regular size, and it was a tad too big. Returned and ordered an 8.5 and it fits perfect! Seem to Run Big I had to return the first pair and buy a 1/2 size smaller.  First time I've had to buy smaller for Nike. Five Stars Fit comfortable Perfect for trails My favorite running shoes!  The wall of the shoe is very thin, which makes them very comfortable to wear if your feet swell as you run.  I would not recommend for use on concrete or a treadmill, as there isn't very much impact absorption, but they are perfect for trail running! Four Stars Nice fit Zumba) - and really wanted to like them, since I loved the color and the ... I bought these for gym training - weight class and dance class (body jam, Zumba) - and really wanted to like them, since I loved the color and the light weight feel. But when I worked out high impact, my toes tingled, went numb and cramped because the toe bed is very narrow. Also, there wasn't enough cushion for me. When doing lunges, the ball of my feet hurt. Can't return them because I wore them several times. These might be fine for someone with a narrow foot. Five Stars They fit perfect, extremely comfortable Three Stars No arch support but l love the colors! Size problem Shoe was somewhat large Five Stars love them! True to size, would recommend This is a great shoe for in gym workouts. I did take a 10 mile hike and had a blister on my pinky, but other than that these are very comfortable shoes! Best birthday present Comfortable and light Purchased these for my wife as she has a similar ... Purchased these for my wife as she has a similar pair that is wearing out.  She has feet are difficult to fit and these fit perfectly without pressure on sensitive portions of her feet. I have pretty high arches and my calves always hurt at the ... I have pretty high arches and my calves always hurt at the gym with other shoes. I have been on the hunt for a good cross trainer that I can use to lift, take gym classes, and lightly jog/run on the treadmill. These have been wonderful! I don't ever have any pain in my calves or my feet when wearing these and they fit like a glove. Highly recommend! Five Stars Great shoes Five Stars These were exactly what I expected. Five Stars Love love love They are really light and not as sturdy as what I was looking for but over all ... I always wear a womans 9 in Nikes but these are bigger than usual. The right one almost slips off my foot a bit.  They are really light and not as sturdy as what I was looking for but over all not bad. Five Stars These shoes are awesome!! l always buy Nike shoes and been happy so far l always buy Nike shoes and been happy so far, but this time my left shoe fit perfectly while the right shoe was too loose on my heal and when I tighten it more it was hurting side of my foot. Honestly Fantastic Shoes Bought these as my back up shoes but they have turned into my daily ones I go to! So comfortable and my feet don't hurt after long hours on my feet. I own a cleaning business so I need my feet not to hurt in the middle of the day. Absolutely love these shoes and color Absolutely love these shoes and color!! They are perfect for running! I run roughly 4 miles 3x per week. This is my second or 3rd pair of this exact style. Fit is perfect! Five Stars Super comfy! Nike runs small Ordered half a size larger than my usual shoe size and fits perfectly. Five Stars Fit well. Five Stars The fit was perfect! I Highly recommend this shoe. Very Happy Customer Obsessed with these shoes! I was looking for good all around sneakers (running, walking, tennis, etc.) and these more than fit the bill. I was looking specifically for black nikes (I love the fit) with white soles (good for court sports); I was a little reluctant to purchase because I wasn't sure whether the black on the soles would contact the ground, but it doesn't! and very comfortable. Cute shoe, fit as expected, and very comfortable. nice sneakers. Fit as expected On time, nice sneakers. Fit as expected. 5 stars Perfect fit, as always. Five Stars Great shoe, very comfortable Five Stars Love these sneakers! Perfect fit and super light These shoes fit like a glove These shoes fit like a glove! Light but very supportive! I have worn them several times and feel very light on my feet. Five Stars Fit true to size Five Stars Love the fit Nike always makes a good shoe. Nike always makes a good shoe ..abit rough breaking them in but after 9 hours on my feet anyone's feet would hurt abit One Star Oops! I returned these because I ordered wrong size! Five Stars Extremely comfortable sneaker!  Shoes Good looking shoe Love these shoes I have had this style before in a different color and have received many compliments on the shoes.  They are great walking shoes!  I wear orthotics and these shoes are one of the best I have found to accommodate them for fit. I loved these shoes I loved these shoes...that is until after about an hour of wear, the green inserts on the sole of the right show began falling off. The wear was in my home, on smooth floors. I can only assume they were defective. perfect Great! Super comfy and cute! No issues and fit perfect! Five Stars Good shoes found a Ryka pair I liked I returned them...found a Ryka pair I liked better Five Stars BEST sneakers I've ever purchased!!!! Five Stars Excellent ...!!! the best sneakers by far the best sneakers by far! I had never owned a pair of Nike sneakers, and I went solely on the reviews by others...
And I absolutely loved them!! Classically comfortable and durable Love these shoes. I've been buying Nikes for years now. I bought this pair for work and everyday wear and another pair for working out and active wear. They also last a long time in my opinion, especially if you take care of them. Four Stars Right one is slightly tight.. hope it will stretch out.. !! the Nike Womens Flex Trainer 6 is way better looking and costs about the same They're ugly: the toe is rounded and the material is weird. the Nike Womens Flex Trainer 6 is way better looking and costs about the same. Five Stars So lightweight and awesome! Five Stars Luv them!! Love the color and fit Love the color and fit. I use them to work on at the gym on the treadmill and they are very light and comfortable. OK Bought these shoes with HIIT in mind, but not too sure how I like the fit on my foot. First time to wear them, not great for running. Maybe after they're broken in a little they'll get better. If you just need a comfortable pair of shoes for walking, they're fine. Great fit! My daughter loves them. Great fit! Very satisfied with the seller - delivered on time This is a very attractive shoe. It is true to size and fits as expected. Very satisfied with the seller - delivered on time. Four Stars Fits good, very lightweight. Comfortable shoe for both workout sessions and walking Comfortable shoe for both workout sessions and walking.  Neither too bulky nor too light.  This is my second pair because they fit and have no neon or pink colors, just nice basic B&W. Five Stars  Five Stars Nice These are the best shoes I have ever use for my workouts These are the best shoes I have ever use for my workouts!!! I love them and buy them in bulk!!! LOL I love these shoes I love these shoes.  They fit as expected and they look really nice on.  These shoes have a narrow base which I really like.  I don't like the ones that make your foot look wide. Five Stars Love this product.  Great fit. Low cut heels Very low cut heel so if you training and pushing sleds - I ran right out of shoes! Although the traction on toe and heel are great Perfect Just what I needed for Group Fight class. Quick movements and footwork are so easy in these sneakers. Love them. Exactly what I wanted Love! Great price too. Light shoes It's been a long time since I've worked a cross training shoe. This shoe is very light and minimally passed compared to running shoes. That's not meant to be a knock, just a fact.

I ordered the shoes half a size up because as a former runner, I'm used to my feet needing room to spread and swell. I wish I hadn't because they feel a little roomy. I have orthotics, so I think I can remedy the issue once I swap those in.

Otherwise, very good shoes Good indoor training shoes Good indoor training shoes for running on treadmill, doing lunges and regular exercises at the gym. These are very flexible, light weight and comfortable. Grip is okay - sticky rubber is used only at the edges of heel and toe areas so I slipped a little when I worked on cable machines, resistance band, etc. on un-carpeted floor.  I would emphasize that if you do lifting as a part of your everyday routine workout I would not recommend them because mine (cushion) lasted only for six months and this is the reason I gave three stars. Other than that, I liked them! So Perf. Perf. Five Stars Best shoes ever!!! Five Stars Fit good Great work out shoe I use these for my Cardio Dance class and they are perfect and very cute. I would definitely recommend. They also cam earlier than expected!! I love these shoes so much that I reordered another pair ... I love these shoes so much that  I reordered another pair online. It's hard to find shoes that fit my really wide feet! The heel back is my favorite part on them, they're thin and feel like another layer of skin, not bulky or tight at all.  I walked all over Europe in these! Comfortable, light weight, nice. Love these sneakers. Light weight and comfortable even without socks. Four Stars Nice product I feel like this pair of shoes was made for my feet I feel like this pair of shoes was made for my feet. Great fit and comfort! Very pleased with this purchase. Awesome shoes!!! Quick tranasaction!!!  Loved the shoes!!!  Would purchase from them again!!! Just wasn't what i was looking for I got the impression it's cushiony and comfy by reading the reviews on this product, when i tried it on it was a much firmer than my other work shoes, i'm standing all day and need enough support and comfort, this isn't the right product for that.
So i had to return it, but i would assume it would work fine for training.

It looks decent and clean. and seems sturdy.  just not the right thing for me.
I was refunded instantly upon returning so.. credit for that. So comfortable, I don't even feel like I have a ... So comfortable, I don't even feel like I have a sneaker on. Based on the other reviews I got a half a size up and glad I did. Five Stars they are very comfortable feel like you have nothing on. Five Stars My favorite nike shoe Five Stars Super comfortable and extremely lightweight. Great for crossfit! Five Stars Beautiful I love them comfy Falling apart already!! I've not even had them a month and the bottom is coming off. I'm not happy! Five Stars Love them! Fit exactly as expected in length and width! I would definitely buy these again. Five Stars Great shoes love the fit My second pair, love the fit, light weight and great support. Nike I have wide feet and these were too narrow but very nice looking. Nope Ugh... way to large - is this for a man? It is comfortable. The shoe fit has expected. It is comfortable. Perfect cross trainers They fit great, look great, are quite comfortable and are just what I was looking for! Great training shoes Super comfy, true Size , I use them for boot Camp,  cross fit and they are great , absolutely recommended it. Amazing training Sneakers. Love them absolutely comfortable. I'm very picky with sneakers and this ones for the price are great I use them for cross fit , boot camp & they work great . The sole is very flexible , true size . I have a wide feet and they fit perfectly. Very nice looking Great sneakers. HIIT shoes Wife happy with fit. Four Stars They run big. Order a full size smaller. Lack support but overall good shoe Super light and very comfortable. I'm a runner and they lack a bit in arch support, so the soles of my feet are a sore. I'm going to add an insert to try fix the problem. Adorable shoes Just because they are white, they do need a washing regularly but I have received many compliments on how pretty these white and pink shoes are. Extremely good Nike quality. Highly recommended. Wide sneaker for wide feet Arrived in time. Fit as exoected. They take some breaking in but I wore them 2 days in a row for more than five hours per day. I've been using these to exercise and they are nice a roomy and allow my feet to breath I've been using these to exercise and they are nice a roomy and allow my feet to breath. Also love the colors. Five Stars Comfortable from the start and very light. Five Stars As expected. Great training shoes Lightweight, comfortable, supportive. Very happy I bought these shoes for working out. Five Stars I love these and have them in a light blue too. Very light weight, airy, and comfortable. Five Stars good quality Four Stars Very comfortable sneakers and I also like the way it fits. and they were great! Super comfortable Purchased to wear for weightlifting and Zumba. Zumba trial was last night, and they were great! Super comfortable, good ventilation! Not too much padding, very minimalist, which is just what I wanted Five Stars Comfortable and lightweight. I love these shoes my second pair of 40 plus $ ... I love these shoes my second pair of 40 plus $ shoes and they both have certainly out done the $100 K-swiss that I'm looking to return . The shoes are extremely comfortable, all my clients love them, just wish they came in more colors. They fit as expected and perfect for training They fit as expected and perfect for training, the shoelaces are a little bit too long. Other than that these shoes are as I expected them ! Five Stars Extremely well fitting and light weight Five Stars Perfect Five Stars Love them Very Good For Everyday I love these shoes and have worn them for a long time. That are comfy, thinner on the top & sole and are very cute! Great shoes Fast shipping and turned out as expected. Couldn't be happier. Love these shoes I have been wearing for a solid week during my work outs & they are great for comfort and they are light weight. Five Stars Love these shoes for circuit training. Super comfortable. I joined Cross Fit and this is ... Super comfortable. I joined Cross Fit and this is the perfect shoe. Five Stars just do it :) Sooo comfortable Love these, comfortable, light weight, great fit. So happy. I love this show. the shoe is nice and provides well for my HIIT and Grit classes ... The shoes are true to size. I am used to wearing running shoes so these have been an adjustment. Overall, the shoe is nice and provides well for my HIIT and Grit classes I take. Look amazing, runs slightly big. Love them!  I ordered an 8.5 because I usually wear that size but these are a bit big. I wish I ordered an 8. They are really comfortable and I enjoy wearing them. Four Stars Very comfortable. Five Stars Very nice shoes.  Comfortable. Five Stars Very comfortable. I love wearing them. Five Stars Great fit so comfortable love them!!!!! Decent little shoe for the price. A nice lightweight shoe. Not a lot of cushion so I wouldn't run long distances in them. Attractive and fit well I really love these shoes.  They are attractive and very comfortable.  They work well for my daily workout and fit well. Runs large Comfortable shoe.  First time I've ever bought nikes that feel so large.  It feels about 1/2 size too big.  I bought 7.5.  I normally wear exactly that size and on occasion an 8. One Star Ordered 9(m) received 9 Wide for the second time. Returned them for the second time. Five Stars Nice shoes I love the fit and they provide support for walking This is my second pair of these shoes.  I love the fit and they provide support for walking.  I like the way the shoes fit around my ankle, as many shoes are uncomfortable because they come up too high in the back.  Try them! Good Shoes! There is about a 1/2 inch of extra space from the tip of my big toe to the front of the shoe. That's okay, though. I usually wear socks, so it doesn't feel too big, even if it does make your foot look a bit long.

The colors are vibrant, and the sole has plenty of grip, even on a slippery floor. I wore them for most of the day and they are comfortable.

Overall, I'm very pleased with this shoe. Great shoes Got them for my girlfriend. She loves them. Says it's like wearing slippers because they are incredibly light. Good shoe Serves intended purpose Five Stars They are super comfortable. Loving them. Love These Shoes! I have gotten so many compliments on the blue color and look of this shoe.  It is super comfortable.  The grip is wonderful for my indoor gym cross training classes.  I always order a half size larger in Nike brand shoes and thy fit perfectly as I did with this shoe. Not my favorites... Fit is fine, but not much cushioning in the footbed. The first time wearing them on a long walk I developed a blister on the bottom of my foot. Perfect for the gym Perfect for the gym, could use a little more support in the toe area but very comfortable and light. Fit true to size. Meh Meh, felt very comfortable but provided no support. Seem like a good option for walking around in the summer but not for aerobics or lateral movements Five Stars Love these! Super light and comfortable! Five Stars Loved the products and services!! Hurry before they're gone! It's hard to find a lightweight athletic shoe with a wide toe box. This shoe has that. I am happy with the support for walking and everyday wear. I wouldn't run in them. Now I just have to stock up on as many pair as I can afford before Nike discontinues them :). Don't you hate when that happens? Amazing The shoes are amazing,very comfortable and fit as expected highly recommended. :) Five Stars Super comfy!! Not quite wide enough I needed a wide size, that option was not available. So I went up a half size bigger hoping that would work. It's not quite comfortable but I am  able to wear them. I like the shoes. Not quite wide enough I needed a wide size, that option was not available. So I went up a half size bigger hoping that would work. It's not quite comfortable but I am  able to wear them. I like the shoes. Five Stars Look great Simple look, outstanding comfort! I love these shoes. I am rather basic when it comes to Nikes, I don't need all the cool colors, so these look amazing and feel amazing, like they were made for my feet. I definitely suggest purchasing them. My second favorite. Cute and comfy. Sleek design. My only complaint is the fly wire loosens up and my shoe sometimes slips off my heels during heavy sled runs. I have two pairs of this style. Five Stars I love them! Fit to actual size. normally Nike fits small so we go up a half size. These actually fit to my wife's appropriate size. So be ware when you order. Five Stars love these shoes. use them to workout inside and to work Too small, flimsy upper I was shocked at how small these shoes were, not true at all to size, and I own multiple shoes in this brand. The quality could have been better, in my opinion -- very little support from the upper. Great for kickboxing Great shoes - was looking for something to replace my barefeet so I can wear orthotics while kickboxing. These are light weight, hug my feet comfortably and have a thinner upper so I can still feel the bag when I kick AND they have good lateral stability. My feet are on the narrow side so it's hard to find shoes that are snug enough. These are perfect. Oh, and they are really cute too. These shoes are great for walking - so very comfortable They fit perfectly. These shoes are great for walking - so very comfortable. Love them. Good choice for training shoe Good fit and comfy.  Not so cushiony so definetly better for training and not for running or aerobics. Bought size 8 which is my usual size. Five Stars Light weight and comfortable They are slightly longer in look then I was would like but I think that is typical of cross trainers I was wearing running shoes for cardio dance classes at the gym because I thought they would be sufficient. After getting 2 blood blisters I did some research and found out cross trainers would be more appropriate which is how I ended up buying this pair. They are slightly longer in look then I  would like but I think that is typical of cross trainers. Also, the lacing is done in a way that allows you to tie too tightly if you're not careful (my toes were tingling during one particular work out when I had done this). Other then that I am very happy with the shoes. I love them but they are definitely bright orange/coral and not ... Nikes usually run small and I'm a 7.5, so I ordered these in an 8 and they were actually very roomy.  I love them but they are definitely bright orange/coral and not bright crimson like the description said.  I thought they'd be more red in hue to wear with my Ohio State clothes, but instead I use them for running. Color was not at all what i expected. It ... Color was not at all what i expected.  It was more orange then red.  Not sure that I am going to keep them. Super cute and on sale!! Perfect fit! Brand new in new box completely perfect condition and on sale!!! Awesome! Highly reccomend! Super cute shoes. Three Stars Squeaky then you should pretty much know your size If you wear Nike on the regular, then you should pretty much know your size. I wear only 7's in Nike, and it fit just as expected. I have many of the trail runner generations, and love them all. they're my go to sneakers for the gym use, or casual wear. I have a pair I used mostly for casual wear that have lasted about 5 years. Another pair that I used for cross fit/outdoor runs that lasted a little over a year (very vigorous daily use). All in all, these shoes are great for me. They're lightweight, and comfortable. Nice Support Great arch support and cushion both for the heel and ball of the foot. Great aerobic shoe! Good Sneaker Good quality, perfect fit.  It's a Nike! Satisfied Size 8, but purchased 8.5 for a more comfortable feel, considering shrinkage as a result of perspiration. Too large I've always gotten this size in Nike shoes with similar description, but these are too long- at least an inch and 1/2. colors look great together. Very lightweight. Normal Nike quality. Pink is very bright , colors look great together. Five Stars Love them!! but if I wear thick socks they are fine. Also Arrived on time. I probably should have gone with a 7.5 instead of an 8 because they do seem a little big, but if I wear thick socks they are fine. Also, they can sometimes make a very annoying squeaky noise when I run on certain surfaces so I'm trying to get them worn in. Over-all, I am satisfied with my purchase! Poor quality for Nike After less than a week the sole ripped off on the outside of the shoe 4/5 The lines don't really show up unless there is a bright light on them. But other than that they are perfect. They are very true to size and are comfortable the first time you put them on. LOVE! I love these!  I ordered an 8.5 which is my normal shoe size and they fit great.  I used them for my strength training class and they performed well, and they are sooooo pretty!  Comfortable, low profile and stylish! Five Stars Cute and comfortable Five Stars Very comfortable. Correct size Sizing was perfect as ordered. Quality appears good, still new, not too much more to report. Perfect for the gym Size really depends on the brand.  I wear a 6.5 in Nike and they fit me perfectly.  These shoes are comfortable, they wrap around my feet like a bandage but do not restrict movement. ... opened the box to see the color is exactly like the image shows I was really excited when I opened the box to see the color is exactly like the image shows! I have the Nike flex tr 5 and used the same size to order these. They are a little bigger than expected but still comfortable. I ordered the Nike Women's Flex Supreme TR3 instead and love them! Returning these. the pictures on here make the shoe appear all black with a touch of pink in the check. however, the whole shoe has pink coming through. I was looking for an all black shoe. I ordered the Nike Women's Flex Supreme TR3 instead and love them!!! so light & comfortable! wow these are the most comfortable, light weight shoes. I love them!! Five Stars love the lightweight and the fit Five Stars fits perfect, my daughter loves them these were a perfect fit. They are light and very comfortable Finally, after trying about 10 pairs of Nike's, these were a perfect fit.  They are light and very comfortable, I really just forget about my feet when I'm wearing them. Five Stars Came quick and my daughter LOVES them Five Stars Great Gift - she loved it!  It's a nice shoe! Just what I wanted! Perfect! Bought these for my daughter and she loves them. ... Bought these for my daughter and she loves them.  She tried them on at a retail store a couple months prior, so I knew her exact size. Five Stars Great product and fast shipping! Tried one in the store and bought it online but ... Tried one in the store and bought it online but it was a different  kind of shoe . Too big , different fit ! I had the older generation of this shoe that survived ... I had the older generation of this shoe that survived 2 or 3 mud runs and of all my aches and pains, my feet was not one of them. This is because of this shoe. Nike really dropped the mic with this. Five Stars This pair fits perfect.....the first pair was wrong size in the right box.....definitely order again!!!!! Not true to size I returned these as they were not true to size. They ran large. One Star wrong shoes Nice There very nice Great I actually have 3 pairs of these trainers.  They are very comfortable, there is a neoprene sleeve that goes around your ankle that makes them the most comfortable for me compared to normal athletic shoes.  They run a little narrow - for me this is perfect, but you may want to round up on the size or try on in the store first if your feet are on the wider side. Four Stars Just too big otherwise I liked them! Four Stars Comfortable shoe.  I would buy again Four Stars Light weight and comfortable. Five Stars Fit my size perfectly and very comfortable! Five Stars Love these shoes! Needed new running shoes and these are perfect. Light weight and fit great! Five Stars Purchased these for our teenage daughter. She loves them. For both casual wear and sports. Love them Love these shoes, I have worn them all day and found them really comfortable with no aching feet at the end of the day. Fantastic colour and true to size. I also bought  Nike Women's Flex Supreme Tr 3 Pnk Pw/Mtllc Slvr/Cl Gry/White Training Shoe and these shoes are slightly more comfortable than those even though they look very similar. Super light weight versatile Super light weight comfortable! Kick box in these and run too. Good support! very comfortable but limited use i bought a pair from DSW for 50$ and they are very comfortable but i bought a size 6.5 when I normally where a size 7.  and even the 6.5 feels a little roomy.  I have wide flat feet btw.  im not sure if I will keep them even though i love their look and comfort.  I've been having feet problems while taking a gym class and I think they won't give me enough support when running.  they're great for wearing at home or gym and doing exercises in one place- extremely light weight and flexible, but i don't know if they'll last long if you use them everywhere else.  :(  i really like them but i cant just buy 2 different shoes.
also, i really like the strings inside the lining on the side of the shoes to adjust and make the shoe fit snug. it makes me feel secure :D Four Stars Not a lot of arch support but really lightweight. Five Stars EXCELLENT Not for aerobic exercise Good for non-aerobic workout. Mesh was very comfortable but no support for lateral movrment. Favorite Nikes ever Favorite Nikes ever. I already owned this style and was ready for a new pair so I went with these. Love the color and they fit great. Four Stars Light-weight comfy shoes. ... of shoes for cross training and these were the best! Tried a lot of shoes for cross training and these were the best! Overall, a grwat shoe. Wish they had a little more support/cushion, but I love everything else about them! These are as far as comfort goes the most comfortable pair of sneakers I have I suffer from sciatica ... These are as far as comfort goes the most comfortable pair of sneakers I have I suffer from sciatica pain that goes into my feet I have difficulty finding the proper support and comfort in shoes I would recommend these most definitely. They feel good but I will not recommended if you need Wide ... After my purchased I found out they are overpriced. They feel good but I will not recommended if you need Wide fit. Get a half-size or more larger than usual. I bought a pair of these in my size, but they are too small. I can get my feet in them but not comfortably. It's too bad because I can tell the soles are comfortable. Of course, now I've work them to work so I can't return them. Love them! Very comfortable and great for weight training Love them!  Very comfortable and great for weight training! Not as expected Took other reviewers advice and went up half size and it was too large. I thought this was a more sock-like fit but it had a tongue that came up high on my ankle not at all sock like. Nice looking and very light weight with a rounded square toe that left plenty of room front foot and toes. These just weren't what I was looking for. Five Stars Really comfortable and very cute. Really Comfortable Shoes These shoes are great.  This is the second pair that I have purchased and I love them. Five Stars Fit to size. Comfortable Worth it. Picky daughter actually loves them. Great sneakers! Fit like a dream! Great for cross-training/HITT videos I do everyday. Great for walking too. Look amazing! Lightweight yet supportive Most comfortable training shoes I've worn in a long time. but like them so far I bought these sneakers for boot camp class.  They are very light weight and different than other sneakers that I have owned.  Have only used them a few times, but like them so far. Great red color I got a hot spot on the bottom of my foot the first day I wore them. they'll work great!: ) Still breaking them in for use at the gym.  I think once I get used to them, they'll work great!  :) Shoes looked great but too narrow for most feet Not a fan. Shoes looked great but too narrow for most feet. I love these shoes I love these shoes. I exercise in them as well as just take them on longer walks. Feels good, looks GREAT!! Five Stars fits perfect Very comfortable shoes. I have wide feet with falling arches Very comfortable shoes. I have wide feet with falling arches. These help both and are comfortable enough that I can be in them all day long. Did not fit my feet Unfortunately, this Flex Supreme does NOT have enough support over the toe and ankle are for my requirements.
Returning for credit.  Thanks anyway. Poor Quality. Don't buy. After using this shoes seven times for regular activities like walking or dancing the sole came out. I am very disappointed. I don't recommend this product at all. The worse part is that I can not return this item because the return window closed 4 days ago. Five Stars Fit like gloves to my feet! Perfect for workouts. Does the job! I've worn these to work out for 5 days in a row now. Initially, my arches ached but over time the discomfort subsided entirely. I've done everything from bootcamps, resistance training, running and Zumba. So yeah.., they are truly crosstrainers ;-) I liked these shoes a lot I liked these shoes a lot. Very light weight. I didn't give a 5 because the color was a little lighter than I thought it was going to be but still a great shoe. Very comfortable Five Stars Love them !!! Five Stars I love these shoes! Great arch support and perfect for cardio. ... crossfit and find that these shoes help give me good support with my endurance workouts I workout at the local crossfit and find that these shoes help give me good support  with my endurance workouts. Unnacceptable. Zero support These shoes look really great. However, slightly loose. The problems with lack of support arose when I exercised. It feels like there is little to no support in them. Possibly this is a shoe more geared for an office environment or short walking distances. Great for walking! These are my favorite walk around shoes! I can wear them all day and not be in pain! Love em! Simply Supreme. Favorite training and walking-around sneakers.
They look good with just about anything, and are comfortable for most situations.
With the exception of running (for which I use proper Mizuno running sneakers with an arch-support insole), these sneakers are my go-to.
If I could, I'd take away a 1/2 star for arch support - I have a slightly wider front of the foot and arches that are a little on the high side, so I do look for a good under the foot fit. I could probably tie the laces differently or put in an insole(they're pretty expensive), but as is, when I did a zumba class in these, my arch began to twinge :(
However, this is overall an awesome shoe that I will continue to stick with for going out, day to day walking, and for training and gym use (with the exception of running and zumba (although hip-hop was fine). The shoes have a great flexibility to them and don't look ""dirty"" easily. My previous pair of flex supreme TR 3s have lasted for a good 2 years and are just now on the verge of being worn out. This is the optimal sneaker that is flexible in more ways than one: from pointing you toes to leg-pressing, from gym use to shopping to adding a sporty edge to a dressy night out, the flex has it all. Soooo comfortable..... Love these! I have 3 pairs...they're so comfortable - I'm on my feet all day & my feet actually don't hurt at the end of the day when I wear these :)
I've learned to get these 1/2 size smaller....I'm normally a size 7 and the 6 1/2 fit perfectly Five Stars Great shoes. Lightweight and comfortable BEST SHOES EVER! BEST. SHOES. EVER.  I bought two pairs in different colors- black n' white and the pink and white...  They have AWESOME support for whatever you use them for.. I have one for work and the other for training/running/etc in... ... me the motivation to workout because they feel so good and are great for any training These sneakers give me the motivation to workout because they feel so good and are great for any training Hurt my knees and back running I LOVE the look and comfort of these shoes for style and lifting weights. Super cute and flezable. BUT for running, absolutely not!! It might just be my pronation/supnation and these shoes just do not work for my personal stride. I run about 2-4 miles every few days. Average of 8 miles a week and then sprints twice a week on a treadmill. Just after running with these 3 times, I am having major back issues that I have never had before.

MY STATS and other shoes:
I road and trail run. I run on my tip toes on the treadmill and a lot of heal on the road. I am 5'6 169lbs with more muscle than an average runner. Built more like a sprinter than a marathon runner.
I LOVE Nike FLEX bottoms. They really give me support and flex needed. I have also used Asics and Puma. Very comfortable shoes. Love Size 5. Very comfortable shoes. Love! Great shoes I bought a wide size of these at a local store and they are amazing!  Soft, comfy, with moderate support.  Not a cloud to walk on, but not minimalist.  The wide size is perfect for my wide feet with high arches.  The shoe tends to run about a half size long though, especially for Nike.  I am working on getting in shape, and these shoes feel good all day... No rubbing on my big toe joint or pinkie toe or heel.  Very pleased. large shoe I always buy the same size this ones came to large Five Stars Nice shoes, fit good My wife loves these shoes. I bought these for my wife. She saw them in the store but did not have their size so i ordered on amazon. She loves them . She already had for a couple of months and no complains at all. One of her favorites shoes for running or for her job since she walks a lot in the warehouse. Now she loves me more. :) Love Love Love Love these shoes. My feet have been weird since I was pregnant and my old shoes were uncomfortable. These are very comfy and help me get active. They are also stylish and go with anything. PERFECT Look better than the picture, very comfortable, great support. Nice shoe Love my new Nike's.  It's been years since I've been able to wear them (sizing changed years ago and I just couldn't wear them any more) but now the new styles and sizing are perfect.  Lightweight shoe with tons of style.  The Fog color is just what I was looking for...not black and not neon!  I wore them to participate in Relay for Life (24 hour walk) and they held up great! I am so happy with this purchase I am so happy with this purchase. I feel like I'm barely wearing a sneaker when working out. Another plus is that when I take off my sneaker, my sock is barely sweaty! I have never had that experience with a shoe. The shoe is also very attractive and flattering and looks nice on my feet. Five Stars Absolutely love them. Can even wear them without my insoles. Cute Super cute shoe however runs wide and big, I'm a size 10 however this size 10 is too big. I went to a sporting goods store and tried the same shoe on  turns out with this particular shoe I'm a 9.5, so order half the size u normally are. Love Wore these for the first time hiking the bluffs. Not the best traction on well worn rocks, but super comfy. No blisters, no achilles pain like with other shoes. Will continue to purchase Nike shoes, because my feet love them for all activities! ( except my home workouts, they drag pretty hard on the carpet) Absolutely Perfect Shoe!! A-MA-ZING!  I needed a good jogging shoe and these make me feel like ""Forest Gump"".  I felt like I was running on a cloud.  I have narrow feet and these fit perfectly.  I am so happy that I am going to purchase another two pair as back-ups for once it's time to replace them.  Highly recommend to women who like to walk or run and light a light weight, comfortable shoe. Comfortable and lightweight Comfortable and lightweight. Need a good training shoe that's also supportive and flexible.  I really like the fit, but had to get 1/2 size larger as this style in my size is too perfect from heel to toe. Five Stars Excellent Awesome shoes! These shoes are awesome!  They are nearly weightless and feel great on my feet.  The first day I wore them I wore them ALL day on vacation.  I put them on the next day and did the same.  Besides the comfort, they are really a cool color! Five Stars Super cute! Five Stars perfect Time to leave the fad of the month for something that works. This is the most comfortable shoe I've ever had. No other shoe can compare to how the individual nubs on the bottom allow your foot to be cushioned, yet work like it's suppose to. My feet feel cradled in this shoe and hard surfaces don't make my feet ache anymore.

These shoes have a small amount of support, but not much, which I like as I'm coming from vibram five fingers. (Sorry vffs, I'm bailing after 2 years of shin splints, no matter what I did).

Highly recommended for walking/running on concrete or tracks. As long as nike continues to make the flex supreme, they will get my money. Please don't change this shoe! A little annoying because I have to pay attention but they are ... I wear them for Zumba and my heel slips on turns. A little annoying because I have to pay attention but they are so cute and comfy, it balances out. Five Stars Nice shoes and the toe area is pretty wide plus plenty long even with socks These run large. I wear a 9.5 exactly in every shoe, but these I bought a 9, and the toe area is pretty wide plus plenty long even with socks. Very comfy and very nice looking shoe. I love them but glad I was able to try them on before purchasing. Five Stars Perfect fit, very comfortable, and a great color. They also fit as expected. Great and comfy for sports Really comfy and nice color A bit pointier toe than depicted... The picture makes the shoe look like it has a ""boxier"" toe rather than the ""pointier"" toe that it actually has. I have wider feet and generally need to buy a size or half size longer to get a comfortable width (in any brand of shoe). I was shooting for a rounder, broader toe design which is more comfortable for me, and I feel that the pictures of this shoe didn't accurately depict what I received, in that one detail. Otherwise, ""the shoe fits."" So I am wearing it. Best shoes ever!!! These are the most comfortable shoes I've used for working out. Extremely light weight and flexible. Loved them so much I purchased two more pair in different colors. Five Stars Very comfortable and looks great! Fits wonderful Love this shoes so comfy and great very everyday use. Runs big Four Stars Nice looking and fit nice Comfortable and lightweight I am a recess aide and on my feet all day long. I tried these shoes on in the store before purchasing them on Amazon. They are very lightweight and comfortable. I was surprised how great they felt. I haven't had a pair of Nikes since Nike shoxs came out. They are so much more lightweight than those. I wore them an entire day the first day and had no problems. The second day; however, I got a pain in my hip to the point where I started limping. As soon as I got home and took them off, the pain was gone the rest of the evening. I'm only 30 by the way. Nothing else in my daily routine changed except wearing these shoes two days in a row. I don't understand why it would make my hip hurt since they are comfortable on my feet, but I'm sure that was the problem. I wore different shoes today and had no pain. I don't think as much as I am on my feet I will be able to wear them an extended amount of time. I will have to rotate wearing them every other day. For normal wear, I believe, people will be fine. I am literally walking or standing six hours a day straight.

**UPDATE: So, initially after wearing them, I had hip pain after wearing them. I don't know if they just needed to be broken in, but I wear them all the time now and have not experienced any pain since the first couple times of wearing them. They are comfortable, and I love them even more now. nice Perfict fit for me. Great looking shoes at a great price. Five Stars The sneakers are very comfortable and fit to size. Wide Feet so Somewhat Tight I've had these shoes for about a week now and have so far enjoyed using them. Considering the fact that I have wide feet, the shoes are slightly tight. However, it doesn't feel uncomfortable nor does it bothers me as I use them throughout my workouts. I know some people personally like when the shoes are a bit tighter or a bit looser so it's all in personal preference. Four Stars I really like them! Four Stars Good light weight shoe...had to add insole for more support. Five Stars I love my tennis shoes LOOKS GOOD, FEELS ICKY! This is a shoe I will wear with black dress pants or jeans when I need comfort and a little style, but I am not impressed.  This is a very flimsy shoe with little support at all.  Not like any Nike I've ever purchased in the past.  It looks nice, but it's not comfortable. Love it!! Definetly recommend it Love it!! Super comfortable and nice!! Got more than I expected, super flexible great for training. Definetly recommend it. Five Stars Excelente Five Stars I love this shoes they are so comfortable I absolutely LOVE these shoes I absolutely LOVE these shoes. These are my absolute favorite. So light and comfortable. These are actually my 2nd pair. I am still wearing my 1st pair after 2 years and they look good still. I am just afraid they are going to disappear and I want a back up pair for when my 1st pair wears out. These have been the best shoes I've owned! Five Stars Perfect fit! Comfortable My favorite cross trainers! Five Stars Love them fit perfect Love them! Favorite Nike shoe ever! The flex sole is excellent for someone like me who loves the free feeling of sandals or being barefoot. These move effortlessly with the bend of my foot. I've worn these for multiple activities and I've had no foot or ankle pain. The white/green/dark grey color goes with so many outfits and the mesh breathes perfectly on hot summer days. Highly recommend! Five Stars I wear these everyday to work, the gym, etc.",Fashion
B0092UF54A,Pretty comfortable pair of running shoes,"Pretty comfortable pair of running shoes For the price I spent on the pair of shoes, I'd say it's as good as expected.
It's comfortable and doesn't hurt my feet when I run. I always get a half size up in my tennis ... I always get a half size up in my tennis shoes. For some reason these feel to big in the heel area and wide. Love them! So light feeling Put them on and walked 3 hours with no problem! Love them! So light feeling Five Stars excelente you feel like you have a lot of room The shoes fit well in the arch area. They are a little wider in the toe area of the shoe, you feel like you have a lot of room. This does not make the shoe uncomfortable, just had to get used to it. Love the shoe. Exactly What I Was Looking For Tried them on in a store before buying online so I knew they'd fit good. Overall I was looking for a durable cross training shoe that would hold up to my rigorous training and these have been great so far. They are really light and comfortable. Most importantly for me they have grips on the bottoms so my feet don't slide out from under me while doing planks, push-ups, etc. Highly satisfied with this purchase. Five Stars I recommend that! Good shoes, tolerable price. My son likes these, and this is the 2nd pair he's worn. LOVE my new sneakers! Super comfortable and fit my small feet perfectly. I have flat feet so a lot of shoes are not comfortable for long periods of time. I can wear the shoe all day long and they are super comfortable. They are light colored so any dirt will be seen right away, but they are easy to clean compared to other shoes Ive had. Would definitely buy another pair in a different color. Very confortable! Love these shoes! Five Stars Comfortable Three Stars Fit fine...did not like color in person somewhat large fit The shoe is too large. When you do lunges it hurts the heel. The shoe size from a local store is the size I ordered from Amazon however the size or fitting seems to be large Five Stars Really great for walking I'm very glad I got these and the color is fun Five Stars Love these shoes. My feet feel so much better. Lots of padding and light enough to run in. Three Stars ok but too big Five Stars Love these shoes.. they are so comfortable. Great Shoe In really like these. I wear between a 9-9.5 womens, I got the 9.5 and they fit perfectly. They are light weight but have good support. I will buy another pair. Love these shoes Love these shoes!
So stylish and comfortable. Just got back from a trip to NYC, Black and white Nikes and yoga pants are in high fashion right now! Its not as comfortable as I was expecting This shoe is JUST OK. Its not as comfortable as I was expecting, compared to my last pair of NIKE shoes. I hope they hold up. Very Comfortable Best tennis shoes I've had all my life. Very comfortable out the box. I would buy 10 pairs of these shoes if had the money. The color pattern and fit is what I liked the most what I liked the least is that ... The color pattern and fit is what I liked the most what I liked the least is that they are not easy to clean and stains do not come out very easy or at all Great shoe for the price! love these shoes. Workout in them 3-4 times a week at the gym. I do treadmill, stairmaster, cardio classes and weight lifting. lightweight and versatile shoe. Great shoe! Great shoe. I've had Nike's before and have always been pleased with the comfort, performance, and quality. Though I will say this was the first time I ordered a pair online without trying them on first, so I was nervous. But this turned out to be a great choice. Breathable, lightweight but sturdy, and comfortable during all my workouts. The built-in arch support is great and I've had no discomfort after 2 weeks of use. As far as the sole thickness and cushioning goes, I would consider these a 'medium' build (not thin, not overly thick) so if you're into heavy running outdoors then take that into consideration. Everyone is different in their preference for cushioning, but I think for light runs on a treadmill they would be sufficient. Love these, highly recommend! Three Stars The material is real then hope they don't fall apart . to expensive for what you get. Three Stars Nice Five Stars Gracias Love these shoes Love these shoes!! They are true to size and very comfortable!! This is my second pair - I wore out the first pair!! Good arch support - I have a high arch!! Five Stars  Great cross trainer Great arch support and comfortable. They are comfortable for the most but just a bit narrow It looks a bit nicer on the picture. Its very light in such a way that when I held the box I wondered if there was just paper filling inside. They are comfortable for the most. Good looking training shoes overall. staple sneakers second pair. Comfortable and great for people with bunion issues or previous surgeries.  Sole wears great Great looking shoe My daughter loves these shoes. Fit true to size. Great shoes. Purchased for my daughter for gym class.  She loves them.  Very cute and very comfortable. Style 10/10, Comfort 3/10 Great look but zero support inside the shoe. Had to buy expensive inserts to be wearable. Expected more from a nike shoe. these shoes are great! Very lightweight and fits comfortably on my feet ... Straight out of the box, these shoes are great! Very lightweight and fits comfortably on my feet like a glove! I love most especially that the sole is not bulky like my previous running shoes  I hated those things lol! I would give them a shot and they are great for the price! Great shoes. Fit perfectly Great shoes. Fit perfectly. Comfortable right from the start. Light weight and perfect for a 12 hour work shift. Good price also. Five Stars I love them! They fit perfect and are very comfortable!! Perfect. Lightweight and comfortable all day Love these lightweight shoes! Absolute favorite. Always order half a size bigger with nike shoes than with every other shoe in my closet. My knees feel better so so hard so good My knees were bothering me during HIIT workouts so i  purchased these shoes after researching many styles.  Fit true to size and are lightweight.  My knees feel better so so hard so good.  They are cute in too!! Five Stars Love the color! Comfortable, lightweight Xtrainer Comfortable athletic shoe,  good for the gym (ellipical, tredmill, etc.) Fit is good, and shoe is really lightweight and comfy. Great shoe! The shoes fit perfectly and came within the time frame i was given.  Very comfortable, which is needed since my job requires a lot if standing abd walking throughout the day. Returned...looked cheap They looked very cheap Fits to size The fit is as expected Very comfortable shoes. This is my second pair of this ... Very comfortable shoes. This is my second pair of this style of shoe because I loved them that much. Sleek and sporty Comfortable, consistent each time I order and good looking I love the shoes and the description and photos were accurate I love the shoe and it fit as expected the photos and description are accurate if you're looking for a shoe that has more cushion or support try a different style but as far as wanting a lightweight and breathable shoe this is it. I am very satisfied with this purchase Great fit! These are so cute and comfortable and very light. I just received them today and the fit is perfect. I normally wear an 8 1/2 and they are true to size! Lightweight I always order a 1/2 size up in workout shoes. Squeaky soles I wore these shoe one time, from the airport in Omaha, NE to the airport in Phoenix, AZ. When I arrived in Phoenix, the left shoe/sole started squeaking and won't stop. I want to return for a refund. Need instructions for returning as no paperwork was in my package when it arrived. Two Stars They run big and are super uncomfortable and the soles squeak. They don't breathe at all. Comfortable and Exactly what I expected! Comfortable and chic Their Cute and Pink They were a gift  to my daughter she loved them Five Stars Love these comfy shoes. they fit like a glove. Smooth and confortable. Very confortable. Five Stars i love these shoes. decent arch support and comfortably to wear all day doing regular activity and sprinting Lightweight, decent arch support and comfortably to wear all day doing regular activity and sprinting. Five Stars daughter loves them Good shoes I ordered a 1/2 size smaller than my usual size, and they are perfect. These shoes are hard to find. Great customer service as well. Good shoes Very good overall.
Now Ive been a huge Sketchers Go Walk fan for some time and the only reason I tried these instead of the latest number 4 of those is because the tread looked too slippery to me.
These shoes are very sturdy and the grip of the soles has been very solid so far. I use them for basic workout cardio and cross training, as well as work as a massage therapist (I go through shoes fast enough that Ive recently consolidated).
If you're a Go Walk fan, these do not offer the same level of cushion-comfort as those, HOWEVER, they offer the kind of long-term comfort to make them a durable option.
The material of the shoes seem very durable and the breathable. My feet do not feel hot in them.
Now these shoes are ideal for a basic workout or cross training, I would not get them to do 25,000 steps in Walt Disney World.
Solid choice, overall. Five Stars Wife loves them! Five Stars These shoes are extremely comfortable, and fit as expected.  Will purchase again. One Star Artculo equivocado en color Not in perfect condition On the left shoe, there were two stained yellow spots. Very comfortable, cute, and long-lasting I love these, I had the previous iteration (or maybe two earlier?) and finally wore them out after several years. They are definitely a light-weight training shoe so I wouldn't get them if you are going to be doing a lot of running. But this also makes them extremely comfortable, I hadn't realized how hot running shoes made my feet until I switched to these. Good support and my feet stay cool all day, also noticeably light but well-made and long lasting.

I have worn them hiking in a pinch but don't really recommend it because the material is mesh-like and will let a lot of dirt in. But if you mainly take cardio classes and/or do weight training or just need something to wear around town look no further. Super light-weight, nice tread and arch support - love them so far! Super light-weight, decent arch support (mine is higher than average).  I was pleasantly surprised by the sole/tread on these for my circuit training classes, as I couldn't really tell by online pics.  Also pleasantly surprised that these ran ever so slightly bigger than Nike running shoes I use to wear 15+years ago - I always wore one to 1.5 sizes larger in their ""Hurache's""/running shoes, so I was really worried my size 6 would be too small - there is actually more toe room in these shoes than any other size 6 shoe I own (athletic, heel, boot).  But it is the correct amount of room from big toe to edge of shoe for me (an inch or less, I don't want my big toe being jammed into edge of shoe when lunging, jumping, etc.).  Shoes arrived with an odd yellowish color on side of one shoe, but no damage to box, paper lining etc - I was happy that a clorox wipe easily cleaned the shoe and did not discolor any further.  I am very happy and highly recommend, although I have only worked out it once! Five Stars I Love it. It is very light and the color is great. My wife loves these shoes. We have both been ... My wife loves these shoes. We have both been wearing sketchers and new balance for several years and recently we have both purchased Nike. There is a reason why Nike is still number 1 after all these years, you just cant beat their comfort. New Favorite Shoes Absolutly love these shoes!! Beautiful color, comfy, and lightweight Foam compresses I **loved** these shoes when I got them. I've noticed that the foam inside tends to compress during a workout, though. I'll lace them tightly enough that they're nearly cutting off my circulation. 20 minutes later, I'm sliding out of them while doing sled pushes. Five Stars She loves them I usually wear a 9 but could have easily ordered a 8 These are a bit longer than they should be. I usually wear a 9 but could have easily ordered a 8.5. The width is accurate.

The pink is even pinker than shown and the light gray is over the very bright pink so it isn't as gray as shown in the picture. It makes the shoe a bit overwhelming. Also two grommets on each shoe is dark. I'm not referring to the dark grommets closer to the toe as shown in the photo, I'm talking about two grommets up at the top of of the laces (opposite side of side shown in photo). I thought it was faulty at first until I noticed they were on the same side of each shoe. Kind of odd and not pictured.

Overall, they are very comfortable shoes which is why I am keeping them...even if you can see me coming from a mile away. Five Stars great Five Stars c Five Stars Love them! Fits snug Very nice shoe, just a bit to snug/small for my foot. The Flex wire really makes it the shoe fit tight to your foot. I need more ""wiggle"" room in my footwear, otherwise I would have kept them. Not sure why, but my mid section of my ... Not sure why, but my mid section of my foot starts to hurt using these shoes for a long day or a tough workout at the gym. I've owned other nike shoes of this line but that never happened to me. Love My New Gym shoes! Love them Five Stars Perfect! Five Stars Perfect! TOO NARROW! I usually wear a size 8 and they fit fine. These are way too narrow. Thought they might stretch out but they didnt. Had to give away. Consider sizing down 1 size Great shoe! Outside arch is kind of high, but I'm still breaking them in. So I'm sure that will work it's way out. I originally ordered a 9, my regular size, and it was a tad too big. Returned and ordered an 8.5 and it fits perfect! Seem to Run Big I had to return the first pair and buy a 1/2 size smaller.  First time I've had to buy smaller for Nike. Five Stars Fit comfortable Perfect for trails My favorite running shoes!  The wall of the shoe is very thin, which makes them very comfortable to wear if your feet swell as you run.  I would not recommend for use on concrete or a treadmill, as there isn't very much impact absorption, but they are perfect for trail running! Four Stars Nice fit Zumba) - and really wanted to like them, since I loved the color and the ... I bought these for gym training - weight class and dance class (body jam, Zumba) - and really wanted to like them, since I loved the color and the light weight feel. But when I worked out high impact, my toes tingled, went numb and cramped because the toe bed is very narrow. Also, there wasn't enough cushion for me. When doing lunges, the ball of my feet hurt. Can't return them because I wore them several times. These might be fine for someone with a narrow foot. Five Stars They fit perfect, extremely comfortable Three Stars No arch support but l love the colors! Size problem Shoe was somewhat large Five Stars love them! True to size, would recommend This is a great shoe for in gym workouts. I did take a 10 mile hike and had a blister on my pinky, but other than that these are very comfortable shoes! Best birthday present Comfortable and light Purchased these for my wife as she has a similar ... Purchased these for my wife as she has a similar pair that is wearing out.  She has feet are difficult to fit and these fit perfectly without pressure on sensitive portions of her feet. I have pretty high arches and my calves always hurt at the ... I have pretty high arches and my calves always hurt at the gym with other shoes. I have been on the hunt for a good cross trainer that I can use to lift, take gym classes, and lightly jog/run on the treadmill. These have been wonderful! I don't ever have any pain in my calves or my feet when wearing these and they fit like a glove. Highly recommend! Five Stars Great shoes Five Stars These were exactly what I expected. Five Stars Love love love They are really light and not as sturdy as what I was looking for but over all ... I always wear a womans 9 in Nikes but these are bigger than usual. The right one almost slips off my foot a bit.  They are really light and not as sturdy as what I was looking for but over all not bad. Five Stars These shoes are awesome!! l always buy Nike shoes and been happy so far l always buy Nike shoes and been happy so far, but this time my left shoe fit perfectly while the right shoe was too loose on my heal and when I tighten it more it was hurting side of my foot. Honestly Fantastic Shoes Bought these as my back up shoes but they have turned into my daily ones I go to! So comfortable and my feet don't hurt after long hours on my feet. I own a cleaning business so I need my feet not to hurt in the middle of the day. Absolutely love these shoes and color Absolutely love these shoes and color!! They are perfect for running! I run roughly 4 miles 3x per week. This is my second or 3rd pair of this exact style. Fit is perfect! Five Stars Super comfy! Nike runs small Ordered half a size larger than my usual shoe size and fits perfectly. Five Stars Fit well. Five Stars The fit was perfect! I Highly recommend this shoe. Very Happy Customer Obsessed with these shoes! I was looking for good all around sneakers (running, walking, tennis, etc.) and these more than fit the bill. I was looking specifically for black nikes (I love the fit) with white soles (good for court sports); I was a little reluctant to purchase because I wasn't sure whether the black on the soles would contact the ground, but it doesn't! and very comfortable. Cute shoe, fit as expected, and very comfortable. nice sneakers. Fit as expected On time, nice sneakers. Fit as expected. 5 stars Perfect fit, as always. Five Stars Great shoe, very comfortable Five Stars Love these sneakers! Perfect fit and super light These shoes fit like a glove These shoes fit like a glove! Light but very supportive! I have worn them several times and feel very light on my feet. Five Stars Fit true to size Five Stars Love the fit Nike always makes a good shoe. Nike always makes a good shoe ..abit rough breaking them in but after 9 hours on my feet anyone's feet would hurt abit One Star Oops! I returned these because I ordered wrong size! Five Stars Extremely comfortable sneaker!  Shoes Good looking shoe Love these shoes I have had this style before in a different color and have received many compliments on the shoes.  They are great walking shoes!  I wear orthotics and these shoes are one of the best I have found to accommodate them for fit. I loved these shoes I loved these shoes...that is until after about an hour of wear, the green inserts on the sole of the right show began falling off. The wear was in my home, on smooth floors. I can only assume they were defective. perfect Great! Super comfy and cute! No issues and fit perfect! Five Stars Good shoes found a Ryka pair I liked I returned them...found a Ryka pair I liked better Five Stars BEST sneakers I've ever purchased!!!! Five Stars Excellent ...!!! the best sneakers by far the best sneakers by far! I had never owned a pair of Nike sneakers, and I went solely on the reviews by others...
And I absolutely loved them!! Classically comfortable and durable Love these shoes. I've been buying Nikes for years now. I bought this pair for work and everyday wear and another pair for working out and active wear. They also last a long time in my opinion, especially if you take care of them. Four Stars Right one is slightly tight.. hope it will stretch out.. !! the Nike Womens Flex Trainer 6 is way better looking and costs about the same They're ugly: the toe is rounded and the material is weird. the Nike Womens Flex Trainer 6 is way better looking and costs about the same. Five Stars So lightweight and awesome! Five Stars Luv them!! Love the color and fit Love the color and fit. I use them to work on at the gym on the treadmill and they are very light and comfortable. OK Bought these shoes with HIIT in mind, but not too sure how I like the fit on my foot. First time to wear them, not great for running. Maybe after they're broken in a little they'll get better. If you just need a comfortable pair of shoes for walking, they're fine. Great fit! My daughter loves them. Great fit! Very satisfied with the seller - delivered on time This is a very attractive shoe. It is true to size and fits as expected. Very satisfied with the seller - delivered on time. Four Stars Fits good, very lightweight. Comfortable shoe for both workout sessions and walking Comfortable shoe for both workout sessions and walking.  Neither too bulky nor too light.  This is my second pair because they fit and have no neon or pink colors, just nice basic B&W. Five Stars  Five Stars Nice These are the best shoes I have ever use for my workouts These are the best shoes I have ever use for my workouts!!! I love them and buy them in bulk!!! LOL I love these shoes I love these shoes.  They fit as expected and they look really nice on.  These shoes have a narrow base which I really like.  I don't like the ones that make your foot look wide. Five Stars Love this product.  Great fit. Low cut heels Very low cut heel so if you training and pushing sleds - I ran right out of shoes! Although the traction on toe and heel are great Perfect Just what I needed for Group Fight class. Quick movements and footwork are so easy in these sneakers. Love them. Exactly what I wanted Love! Great price too. Light shoes It's been a long time since I've worked a cross training shoe. This shoe is very light and minimally passed compared to running shoes. That's not meant to be a knock, just a fact.

I ordered the shoes half a size up because as a former runner, I'm used to my feet needing room to spread and swell. I wish I hadn't because they feel a little roomy. I have orthotics, so I think I can remedy the issue once I swap those in.

Otherwise, very good shoes Good indoor training shoes Good indoor training shoes for running on treadmill, doing lunges and regular exercises at the gym. These are very flexible, light weight and comfortable. Grip is okay - sticky rubber is used only at the edges of heel and toe areas so I slipped a little when I worked on cable machines, resistance band, etc. on un-carpeted floor.  I would emphasize that if you do lifting as a part of your everyday routine workout I would not recommend them because mine (cushion) lasted only for six months and this is the reason I gave three stars. Other than that, I liked them! So Perf. Perf. Five Stars Best shoes ever!!! Five Stars Fit good Great work out shoe I use these for my Cardio Dance class and they are perfect and very cute. I would definitely recommend. They also cam earlier than expected!! I love these shoes so much that I reordered another pair ... I love these shoes so much that  I reordered another pair online. It's hard to find shoes that fit my really wide feet! The heel back is my favorite part on them, they're thin and feel like another layer of skin, not bulky or tight at all.  I walked all over Europe in these! Comfortable, light weight, nice. Love these sneakers. Light weight and comfortable even without socks. Four Stars Nice product I feel like this pair of shoes was made for my feet I feel like this pair of shoes was made for my feet. Great fit and comfort! Very pleased with this purchase. Awesome shoes!!! Quick tranasaction!!!  Loved the shoes!!!  Would purchase from them again!!! Just wasn't what i was looking for I got the impression it's cushiony and comfy by reading the reviews on this product, when i tried it on it was a much firmer than my other work shoes, i'm standing all day and need enough support and comfort, this isn't the right product for that.
So i had to return it, but i would assume it would work fine for training.

It looks decent and clean. and seems sturdy.  just not the right thing for me.
I was refunded instantly upon returning so.. credit for that. So comfortable, I don't even feel like I have a ... So comfortable, I don't even feel like I have a sneaker on. Based on the other reviews I got a half a size up and glad I did. Five Stars they are very comfortable feel like you have nothing on. Five Stars My favorite nike shoe Five Stars Super comfortable and extremely lightweight. Great for crossfit! Five Stars Beautiful I love them comfy Falling apart already!! I've not even had them a month and the bottom is coming off. I'm not happy! Five Stars Love them! Fit exactly as expected in length and width! I would definitely buy these again. Five Stars Great shoes love the fit My second pair, love the fit, light weight and great support. Nike I have wide feet and these were too narrow but very nice looking. Nope Ugh... way to large - is this for a man? It is comfortable. The shoe fit has expected. It is comfortable. Perfect cross trainers They fit great, look great, are quite comfortable and are just what I was looking for! Great training shoes Super comfy, true Size , I use them for boot Camp,  cross fit and they are great , absolutely recommended it. Amazing training Sneakers. Love them absolutely comfortable. I'm very picky with sneakers and this ones for the price are great I use them for cross fit , boot camp & they work great . The sole is very flexible , true size . I have a wide feet and they fit perfectly. Very nice looking Great sneakers. HIIT shoes Wife happy with fit. Four Stars They run big. Order a full size smaller. Lack support but overall good shoe Super light and very comfortable. I'm a runner and they lack a bit in arch support, so the soles of my feet are a sore. I'm going to add an insert to try fix the problem. Adorable shoes Just because they are white, they do need a washing regularly but I have received many compliments on how pretty these white and pink shoes are. Extremely good Nike quality. Highly recommended. Wide sneaker for wide feet Arrived in time. Fit as exoected. They take some breaking in but I wore them 2 days in a row for more than five hours per day. I've been using these to exercise and they are nice a roomy and allow my feet to breath I've been using these to exercise and they are nice a roomy and allow my feet to breath. Also love the colors. Five Stars Comfortable from the start and very light. Five Stars As expected. Great training shoes Lightweight, comfortable, supportive. Very happy I bought these shoes for working out. Five Stars I love these and have them in a light blue too. Very light weight, airy, and comfortable. Five Stars good quality Four Stars Very comfortable sneakers and I also like the way it fits. and they were great! Super comfortable Purchased to wear for weightlifting and Zumba. Zumba trial was last night, and they were great! Super comfortable, good ventilation! Not too much padding, very minimalist, which is just what I wanted Five Stars Comfortable and lightweight. I love these shoes my second pair of 40 plus $ ... I love these shoes my second pair of 40 plus $ shoes and they both have certainly out done the $100 K-swiss that I'm looking to return . The shoes are extremely comfortable, all my clients love them, just wish they came in more colors. They fit as expected and perfect for training They fit as expected and perfect for training, the shoelaces are a little bit too long. Other than that these shoes are as I expected them ! Five Stars Extremely well fitting and light weight Five Stars Perfect Five Stars Love them Very Good For Everyday I love these shoes and have worn them for a long time. That are comfy, thinner on the top & sole and are very cute! Great shoes Fast shipping and turned out as expected. Couldn't be happier. Love these shoes I have been wearing for a solid week during my work outs & they are great for comfort and they are light weight. Five Stars Love these shoes for circuit training. Super comfortable. I joined Cross Fit and this is ... Super comfortable. I joined Cross Fit and this is the perfect shoe. Five Stars just do it :) Sooo comfortable Love these, comfortable, light weight, great fit. So happy. I love this show. the shoe is nice and provides well for my HIIT and Grit classes ... The shoes are true to size. I am used to wearing running shoes so these have been an adjustment. Overall, the shoe is nice and provides well for my HIIT and Grit classes I take. Look amazing, runs slightly big. Love them!  I ordered an 8.5 because I usually wear that size but these are a bit big. I wish I ordered an 8. They are really comfortable and I enjoy wearing them. Four Stars Very comfortable. Five Stars Very nice shoes.  Comfortable. Five Stars Very comfortable. I love wearing them. Five Stars Great fit so comfortable love them!!!!! Decent little shoe for the price. A nice lightweight shoe. Not a lot of cushion so I wouldn't run long distances in them. Attractive and fit well I really love these shoes.  They are attractive and very comfortable.  They work well for my daily workout and fit well. Runs large Comfortable shoe.  First time I've ever bought nikes that feel so large.  It feels about 1/2 size too big.  I bought 7.5.  I normally wear exactly that size and on occasion an 8. One Star Ordered 9(m) received 9 Wide for the second time. Returned them for the second time. Five Stars Nice shoes I love the fit and they provide support for walking This is my second pair of these shoes.  I love the fit and they provide support for walking.  I like the way the shoes fit around my ankle, as many shoes are uncomfortable because they come up too high in the back.  Try them! Good Shoes! There is about a 1/2 inch of extra space from the tip of my big toe to the front of the shoe. That's okay, though. I usually wear socks, so it doesn't feel too big, even if it does make your foot look a bit long.

The colors are vibrant, and the sole has plenty of grip, even on a slippery floor. I wore them for most of the day and they are comfortable.

Overall, I'm very pleased with this shoe. Great shoes Got them for my girlfriend. She loves them. Says it's like wearing slippers because they are incredibly light. Good shoe Serves intended purpose Five Stars They are super comfortable. Loving them. Love These Shoes! I have gotten so many compliments on the blue color and look of this shoe.  It is super comfortable.  The grip is wonderful for my indoor gym cross training classes.  I always order a half size larger in Nike brand shoes and thy fit perfectly as I did with this shoe. Not my favorites... Fit is fine, but not much cushioning in the footbed. The first time wearing them on a long walk I developed a blister on the bottom of my foot. Perfect for the gym Perfect for the gym, could use a little more support in the toe area but very comfortable and light. Fit true to size. Meh Meh, felt very comfortable but provided no support. Seem like a good option for walking around in the summer but not for aerobics or lateral movements Five Stars Love these! Super light and comfortable! Five Stars Loved the products and services!! Hurry before they're gone! It's hard to find a lightweight athletic shoe with a wide toe box. This shoe has that. I am happy with the support for walking and everyday wear. I wouldn't run in them. Now I just have to stock up on as many pair as I can afford before Nike discontinues them :). Don't you hate when that happens? Amazing The shoes are amazing,very comfortable and fit as expected highly recommended. :) Five Stars Super comfy!! Not quite wide enough I needed a wide size, that option was not available. So I went up a half size bigger hoping that would work. It's not quite comfortable but I am  able to wear them. I like the shoes. Not quite wide enough I needed a wide size, that option was not available. So I went up a half size bigger hoping that would work. It's not quite comfortable but I am  able to wear them. I like the shoes. Five Stars Look great Simple look, outstanding comfort! I love these shoes. I am rather basic when it comes to Nikes, I don't need all the cool colors, so these look amazing and feel amazing, like they were made for my feet. I definitely suggest purchasing them. My second favorite. Cute and comfy. Sleek design. My only complaint is the fly wire loosens up and my shoe sometimes slips off my heels during heavy sled runs. I have two pairs of this style. Five Stars I love them! Fit to actual size. normally Nike fits small so we go up a half size. These actually fit to my wife's appropriate size. So be ware when you order. Five Stars love these shoes. use them to workout inside and to work Too small, flimsy upper I was shocked at how small these shoes were, not true at all to size, and I own multiple shoes in this brand. The quality could have been better, in my opinion -- very little support from the upper. Great for kickboxing Great shoes - was looking for something to replace my barefeet so I can wear orthotics while kickboxing. These are light weight, hug my feet comfortably and have a thinner upper so I can still feel the bag when I kick AND they have good lateral stability. My feet are on the narrow side so it's hard to find shoes that are snug enough. These are perfect. Oh, and they are really cute too. These shoes are great for walking - so very comfortable They fit perfectly. These shoes are great for walking - so very comfortable. Love them. Good choice for training shoe Good fit and comfy.  Not so cushiony so definetly better for training and not for running or aerobics. Bought size 8 which is my usual size. Five Stars Light weight and comfortable They are slightly longer in look then I was would like but I think that is typical of cross trainers I was wearing running shoes for cardio dance classes at the gym because I thought they would be sufficient. After getting 2 blood blisters I did some research and found out cross trainers would be more appropriate which is how I ended up buying this pair. They are slightly longer in look then I  would like but I think that is typical of cross trainers. Also, the lacing is done in a way that allows you to tie too tightly if you're not careful (my toes were tingling during one particular work out when I had done this). Other then that I am very happy with the shoes. I love them but they are definitely bright orange/coral and not ... Nikes usually run small and I'm a 7.5, so I ordered these in an 8 and they were actually very roomy.  I love them but they are definitely bright orange/coral and not bright crimson like the description said.  I thought they'd be more red in hue to wear with my Ohio State clothes, but instead I use them for running. Color was not at all what i expected. It ... Color was not at all what i expected.  It was more orange then red.  Not sure that I am going to keep them. Super cute and on sale!! Perfect fit! Brand new in new box completely perfect condition and on sale!!! Awesome! Highly reccomend! Super cute shoes. Three Stars Squeaky then you should pretty much know your size If you wear Nike on the regular, then you should pretty much know your size. I wear only 7's in Nike, and it fit just as expected. I have many of the trail runner generations, and love them all. they're my go to sneakers for the gym use, or casual wear. I have a pair I used mostly for casual wear that have lasted about 5 years. Another pair that I used for cross fit/outdoor runs that lasted a little over a year (very vigorous daily use). All in all, these shoes are great for me. They're lightweight, and comfortable. Nice Support Great arch support and cushion both for the heel and ball of the foot. Great aerobic shoe! Good Sneaker Good quality, perfect fit.  It's a Nike! Satisfied Size 8, but purchased 8.5 for a more comfortable feel, considering shrinkage as a result of perspiration. Too large I've always gotten this size in Nike shoes with similar description, but these are too long- at least an inch and 1/2. colors look great together. Very lightweight. Normal Nike quality. Pink is very bright , colors look great together. Five Stars Love them!! but if I wear thick socks they are fine. Also Arrived on time. I probably should have gone with a 7.5 instead of an 8 because they do seem a little big, but if I wear thick socks they are fine. Also, they can sometimes make a very annoying squeaky noise when I run on certain surfaces so I'm trying to get them worn in. Over-all, I am satisfied with my purchase! Poor quality for Nike After less than a week the sole ripped off on the outside of the shoe 4/5 The lines don't really show up unless there is a bright light on them. But other than that they are perfect. They are very true to size and are comfortable the first time you put them on. LOVE! I love these!  I ordered an 8.5 which is my normal shoe size and they fit great.  I used them for my strength training class and they performed well, and they are sooooo pretty!  Comfortable, low profile and stylish! Five Stars Cute and comfortable Five Stars Very comfortable. Correct size Sizing was perfect as ordered. Quality appears good, still new, not too much more to report. Perfect for the gym Size really depends on the brand.  I wear a 6.5 in Nike and they fit me perfectly.  These shoes are comfortable, they wrap around my feet like a bandage but do not restrict movement. ... opened the box to see the color is exactly like the image shows I was really excited when I opened the box to see the color is exactly like the image shows! I have the Nike flex tr 5 and used the same size to order these. They are a little bigger than expected but still comfortable. I ordered the Nike Women's Flex Supreme TR3 instead and love them! Returning these. the pictures on here make the shoe appear all black with a touch of pink in the check. however, the whole shoe has pink coming through. I was looking for an all black shoe. I ordered the Nike Women's Flex Supreme TR3 instead and love them!!! so light & comfortable! wow these are the most comfortable, light weight shoes. I love them!! Five Stars love the lightweight and the fit Five Stars fits perfect, my daughter loves them these were a perfect fit. They are light and very comfortable Finally, after trying about 10 pairs of Nike's, these were a perfect fit.  They are light and very comfortable, I really just forget about my feet when I'm wearing them. Five Stars Came quick and my daughter LOVES them Five Stars Great Gift - she loved it!  It's a nice shoe! Just what I wanted! Perfect! Bought these for my daughter and she loves them. ... Bought these for my daughter and she loves them.  She tried them on at a retail store a couple months prior, so I knew her exact size. Five Stars Great product and fast shipping! Tried one in the store and bought it online but ... Tried one in the store and bought it online but it was a different  kind of shoe . Too big , different fit ! I had the older generation of this shoe that survived ... I had the older generation of this shoe that survived 2 or 3 mud runs and of all my aches and pains, my feet was not one of them. This is because of this shoe. Nike really dropped the mic with this. Five Stars This pair fits perfect.....the first pair was wrong size in the right box.....definitely order again!!!!! Not true to size I returned these as they were not true to size. They ran large. One Star wrong shoes Nice There very nice Great I actually have 3 pairs of these trainers.  They are very comfortable, there is a neoprene sleeve that goes around your ankle that makes them the most comfortable for me compared to normal athletic shoes.  They run a little narrow - for me this is perfect, but you may want to round up on the size or try on in the store first if your feet are on the wider side. Four Stars Just too big otherwise I liked them! Four Stars Comfortable shoe.  I would buy again Four Stars Light weight and comfortable. Five Stars Fit my size perfectly and very comfortable! Five Stars Love these shoes! Needed new running shoes and these are perfect. Light weight and fit great! Five Stars Purchased these for our teenage daughter. She loves them. For both casual wear and sports. Love them Love these shoes, I have worn them all day and found them really comfortable with no aching feet at the end of the day. Fantastic colour and true to size. I also bought  Nike Women's Flex Supreme Tr 3 Pnk Pw/Mtllc Slvr/Cl Gry/White Training Shoe and these shoes are slightly more comfortable than those even though they look very similar. Super light weight versatile Super light weight comfortable! Kick box in these and run too. Good support! very comfortable but limited use i bought a pair from DSW for 50$ and they are very comfortable but i bought a size 6.5 when I normally where a size 7.  and even the 6.5 feels a little roomy.  I have wide flat feet btw.  im not sure if I will keep them even though i love their look and comfort.  I've been having feet problems while taking a gym class and I think they won't give me enough support when running.  they're great for wearing at home or gym and doing exercises in one place- extremely light weight and flexible, but i don't know if they'll last long if you use them everywhere else.  :(  i really like them but i cant just buy 2 different shoes.
also, i really like the strings inside the lining on the side of the shoes to adjust and make the shoe fit snug. it makes me feel secure :D Four Stars Not a lot of arch support but really lightweight. Five Stars EXCELLENT Not for aerobic exercise Good for non-aerobic workout. Mesh was very comfortable but no support for lateral movrment. Favorite Nikes ever Favorite Nikes ever. I already owned this style and was ready for a new pair so I went with these. Love the color and they fit great. Four Stars Light-weight comfy shoes. ... of shoes for cross training and these were the best! Tried a lot of shoes for cross training and these were the best! Overall, a grwat shoe. Wish they had a little more support/cushion, but I love everything else about them! These are as far as comfort goes the most comfortable pair of sneakers I have I suffer from sciatica ... These are as far as comfort goes the most comfortable pair of sneakers I have I suffer from sciatica pain that goes into my feet I have difficulty finding the proper support and comfort in shoes I would recommend these most definitely. They feel good but I will not recommended if you need Wide ... After my purchased I found out they are overpriced. They feel good but I will not recommended if you need Wide fit. Get a half-size or more larger than usual. I bought a pair of these in my size, but they are too small. I can get my feet in them but not comfortably. It's too bad because I can tell the soles are comfortable. Of course, now I've work them to work so I can't return them. Love them! Very comfortable and great for weight training Love them!  Very comfortable and great for weight training! Not as expected Took other reviewers advice and went up half size and it was too large. I thought this was a more sock-like fit but it had a tongue that came up high on my ankle not at all sock like. Nice looking and very light weight with a rounded square toe that left plenty of room front foot and toes. These just weren't what I was looking for. Five Stars Really comfortable and very cute. Really Comfortable Shoes These shoes are great.  This is the second pair that I have purchased and I love them. Five Stars Fit to size. Comfortable Worth it. Picky daughter actually loves them. Great sneakers! Fit like a dream! Great for cross-training/HITT videos I do everyday. Great for walking too. Look amazing! Lightweight yet supportive Most comfortable training shoes I've worn in a long time. but like them so far I bought these sneakers for boot camp class.  They are very light weight and different than other sneakers that I have owned.  Have only used them a few times, but like them so far. Great red color I got a hot spot on the bottom of my foot the first day I wore them. they'll work great!: ) Still breaking them in for use at the gym.  I think once I get used to them, they'll work great!  :) Shoes looked great but too narrow for most feet Not a fan. Shoes looked great but too narrow for most feet. I love these shoes I love these shoes. I exercise in them as well as just take them on longer walks. Feels good, looks GREAT!! Five Stars fits perfect Very comfortable shoes. I have wide feet with falling arches Very comfortable shoes. I have wide feet with falling arches. These help both and are comfortable enough that I can be in them all day long. Did not fit my feet Unfortunately, this Flex Supreme does NOT have enough support over the toe and ankle are for my requirements.
Returning for credit.  Thanks anyway. Poor Quality. Don't buy. After using this shoes seven times for regular activities like walking or dancing the sole came out. I am very disappointed. I don't recommend this product at all. The worse part is that I can not return this item because the return window closed 4 days ago. Five Stars Fit like gloves to my feet! Perfect for workouts. Does the job! I've worn these to work out for 5 days in a row now. Initially, my arches ached but over time the discomfort subsided entirely. I've done everything from bootcamps, resistance training, running and Zumba. So yeah.., they are truly crosstrainers ;-) I liked these shoes a lot I liked these shoes a lot. Very light weight. I didn't give a 5 because the color was a little lighter than I thought it was going to be but still a great shoe. Very comfortable Five Stars Love them !!! Five Stars I love these shoes! Great arch support and perfect for cardio. ... crossfit and find that these shoes help give me good support with my endurance workouts I workout at the local crossfit and find that these shoes help give me good support  with my endurance workouts. Unnacceptable. Zero support These shoes look really great. However, slightly loose. The problems with lack of support arose when I exercised. It feels like there is little to no support in them. Possibly this is a shoe more geared for an office environment or short walking distances. Great for walking! These are my favorite walk around shoes! I can wear them all day and not be in pain! Love em! Simply Supreme. Favorite training and walking-around sneakers.
They look good with just about anything, and are comfortable for most situations.
With the exception of running (for which I use proper Mizuno running sneakers with an arch-support insole), these sneakers are my go-to.
If I could, I'd take away a 1/2 star for arch support - I have a slightly wider front of the foot and arches that are a little on the high side, so I do look for a good under the foot fit. I could probably tie the laces differently or put in an insole(they're pretty expensive), but as is, when I did a zumba class in these, my arch began to twinge :(
However, this is overall an awesome shoe that I will continue to stick with for going out, day to day walking, and for training and gym use (with the exception of running and zumba (although hip-hop was fine). The shoes have a great flexibility to them and don't look ""dirty"" easily. My previous pair of flex supreme TR 3s have lasted for a good 2 years and are just now on the verge of being worn out. This is the optimal sneaker that is flexible in more ways than one: from pointing you toes to leg-pressing, from gym use to shopping to adding a sporty edge to a dressy night out, the flex has it all. Soooo comfortable..... Love these! I have 3 pairs...they're so comfortable - I'm on my feet all day & my feet actually don't hurt at the end of the day when I wear these :)
I've learned to get these 1/2 size smaller....I'm normally a size 7 and the 6 1/2 fit perfectly Five Stars Great shoes. Lightweight and comfortable BEST SHOES EVER! BEST. SHOES. EVER.  I bought two pairs in different colors- black n' white and the pink and white...  They have AWESOME support for whatever you use them for.. I have one for work and the other for training/running/etc in... ... me the motivation to workout because they feel so good and are great for any training These sneakers give me the motivation to workout because they feel so good and are great for any training Hurt my knees and back running I LOVE the look and comfort of these shoes for style and lifting weights. Super cute and flezable. BUT for running, absolutely not!! It might just be my pronation/supnation and these shoes just do not work for my personal stride. I run about 2-4 miles every few days. Average of 8 miles a week and then sprints twice a week on a treadmill. Just after running with these 3 times, I am having major back issues that I have never had before.

MY STATS and other shoes:
I road and trail run. I run on my tip toes on the treadmill and a lot of heal on the road. I am 5'6 169lbs with more muscle than an average runner. Built more like a sprinter than a marathon runner.
I LOVE Nike FLEX bottoms. They really give me support and flex needed. I have also used Asics and Puma. Very comfortable shoes. Love Size 5. Very comfortable shoes. Love! Great shoes I bought a wide size of these at a local store and they are amazing!  Soft, comfy, with moderate support.  Not a cloud to walk on, but not minimalist.  The wide size is perfect for my wide feet with high arches.  The shoe tends to run about a half size long though, especially for Nike.  I am working on getting in shape, and these shoes feel good all day... No rubbing on my big toe joint or pinkie toe or heel.  Very pleased. large shoe I always buy the same size this ones came to large Five Stars Nice shoes, fit good My wife loves these shoes. I bought these for my wife. She saw them in the store but did not have their size so i ordered on amazon. She loves them . She already had for a couple of months and no complains at all. One of her favorites shoes for running or for her job since she walks a lot in the warehouse. Now she loves me more. :) Love Love Love Love these shoes. My feet have been weird since I was pregnant and my old shoes were uncomfortable. These are very comfy and help me get active. They are also stylish and go with anything. PERFECT Look better than the picture, very comfortable, great support. Nice shoe Love my new Nike's.  It's been years since I've been able to wear them (sizing changed years ago and I just couldn't wear them any more) but now the new styles and sizing are perfect.  Lightweight shoe with tons of style.  The Fog color is just what I was looking for...not black and not neon!  I wore them to participate in Relay for Life (24 hour walk) and they held up great! I am so happy with this purchase I am so happy with this purchase. I feel like I'm barely wearing a sneaker when working out. Another plus is that when I take off my sneaker, my sock is barely sweaty! I have never had that experience with a shoe. The shoe is also very attractive and flattering and looks nice on my feet. Five Stars Absolutely love them. Can even wear them without my insoles. Cute Super cute shoe however runs wide and big, I'm a size 10 however this size 10 is too big. I went to a sporting goods store and tried the same shoe on  turns out with this particular shoe I'm a 9.5, so order half the size u normally are. Love Wore these for the first time hiking the bluffs. Not the best traction on well worn rocks, but super comfy. No blisters, no achilles pain like with other shoes. Will continue to purchase Nike shoes, because my feet love them for all activities! ( except my home workouts, they drag pretty hard on the carpet) Absolutely Perfect Shoe!! A-MA-ZING!  I needed a good jogging shoe and these make me feel like ""Forest Gump"".  I felt like I was running on a cloud.  I have narrow feet and these fit perfectly.  I am so happy that I am going to purchase another two pair as back-ups for once it's time to replace them.  Highly recommend to women who like to walk or run and light a light weight, comfortable shoe. Comfortable and lightweight Comfortable and lightweight. Need a good training shoe that's also supportive and flexible.  I really like the fit, but had to get 1/2 size larger as this style in my size is too perfect from heel to toe. Five Stars Excellent Awesome shoes! These shoes are awesome!  They are nearly weightless and feel great on my feet.  The first day I wore them I wore them ALL day on vacation.  I put them on the next day and did the same.  Besides the comfort, they are really a cool color! Five Stars Super cute! Five Stars perfect Time to leave the fad of the month for something that works. This is the most comfortable shoe I've ever had. No other shoe can compare to how the individual nubs on the bottom allow your foot to be cushioned, yet work like it's suppose to. My feet feel cradled in this shoe and hard surfaces don't make my feet ache anymore.

These shoes have a small amount of support, but not much, which I like as I'm coming from vibram five fingers. (Sorry vffs, I'm bailing after 2 years of shin splints, no matter what I did).

Highly recommended for walking/running on concrete or tracks. As long as nike continues to make the flex supreme, they will get my money. Please don't change this shoe! A little annoying because I have to pay attention but they are ... I wear them for Zumba and my heel slips on turns. A little annoying because I have to pay attention but they are so cute and comfy, it balances out. Five Stars Nice shoes and the toe area is pretty wide plus plenty long even with socks These run large. I wear a 9.5 exactly in every shoe, but these I bought a 9, and the toe area is pretty wide plus plenty long even with socks. Very comfy and very nice looking shoe. I love them but glad I was able to try them on before purchasing. Five Stars Perfect fit, very comfortable, and a great color. They also fit as expected. Great and comfy for sports Really comfy and nice color A bit pointier toe than depicted... The picture makes the shoe look like it has a ""boxier"" toe rather than the ""pointier"" toe that it actually has. I have wider feet and generally need to buy a size or half size longer to get a comfortable width (in any brand of shoe). I was shooting for a rounder, broader toe design which is more comfortable for me, and I feel that the pictures of this shoe didn't accurately depict what I received, in that one detail. Otherwise, ""the shoe fits."" So I am wearing it. Best shoes ever!!! These are the most comfortable shoes I've used for working out. Extremely light weight and flexible. Loved them so much I purchased two more pair in different colors. Five Stars Very comfortable and looks great! Fits wonderful Love this shoes so comfy and great very everyday use. Runs big Four Stars Nice looking and fit nice Comfortable and lightweight I am a recess aide and on my feet all day long. I tried these shoes on in the store before purchasing them on Amazon. They are very lightweight and comfortable. I was surprised how great they felt. I haven't had a pair of Nikes since Nike shoxs came out. They are so much more lightweight than those. I wore them an entire day the first day and had no problems. The second day; however, I got a pain in my hip to the point where I started limping. As soon as I got home and took them off, the pain was gone the rest of the evening. I'm only 30 by the way. Nothing else in my daily routine changed except wearing these shoes two days in a row. I don't understand why it would make my hip hurt since they are comfortable on my feet, but I'm sure that was the problem. I wore different shoes today and had no pain. I don't think as much as I am on my feet I will be able to wear them an extended amount of time. I will have to rotate wearing them every other day. For normal wear, I believe, people will be fine. I am literally walking or standing six hours a day straight.

**UPDATE: So, initially after wearing them, I had hip pain after wearing them. I don't know if they just needed to be broken in, but I wear them all the time now and have not experienced any pain since the first couple times of wearing them. They are comfortable, and I love them even more now. nice Perfict fit for me. Great looking shoes at a great price. Five Stars The sneakers are very comfortable and fit to size. Wide Feet so Somewhat Tight I've had these shoes for about a week now and have so far enjoyed using them. Considering the fact that I have wide feet, the shoes are slightly tight. However, it doesn't feel uncomfortable nor does it bothers me as I use them throughout my workouts. I know some people personally like when the shoes are a bit tighter or a bit looser so it's all in personal preference. Four Stars I really like them! Four Stars Good light weight shoe...had to add insole for more support. Five Stars I love my tennis shoes LOOKS GOOD, FEELS ICKY! This is a shoe I will wear with black dress pants or jeans when I need comfort and a little style, but I am not impressed.  This is a very flimsy shoe with little support at all.  Not like any Nike I've ever purchased in the past.  It looks nice, but it's not comfortable. Love it!! Definetly recommend it Love it!! Super comfortable and nice!! Got more than I expected, super flexible great for training. Definetly recommend it. Five Stars Excelente Cheap These shoes are poorly constructed and I don't expect them to last more that one summer.  Would not recommend, and will not order another Nike downshifter series again Five Stars I love this shoes they are so comfortable I absolutely LOVE these shoes I absolutely LOVE these shoes. These are my absolute favorite. So light and comfortable. These are actually my 2nd pair. I am still wearing my 1st pair after 2 years and they look good still. I am just afraid they are going to disappear and I want a back up pair for when my 1st pair wears out. These have been the best shoes I've owned! Five Stars Perfect fit! Comfortable My favorite cross trainers! Five Stars Love them fit perfect Love them! Favorite Nike shoe ever! The flex sole is excellent for someone like me who loves the free feeling of sandals or being barefoot. These move effortlessly with the bend of my foot. I've worn these for multiple activities and I've had no foot or ankle pain. The white/green/dark grey color goes with so many outfits and the mesh breathes perfectly on hot summer days. Highly recommend! Five Stars I wear these everyday to work, the gym, etc. Five Stars Love these shoes! Great fit, very light weight.",Fashion
B009MA34NY,I always get a half size up in my tennis ...,"I always get a half size up in my tennis ... I always get a half size up in my tennis shoes. For some reason these feel to big in the heel area and wide. Love them! So light feeling Put them on and walked 3 hours with no problem! Love them! So light feeling Five Stars excelente you feel like you have a lot of room The shoes fit well in the arch area. They are a little wider in the toe area of the shoe, you feel like you have a lot of room. This does not make the shoe uncomfortable, just had to get used to it. Love the shoe. Exactly What I Was Looking For Tried them on in a store before buying online so I knew they'd fit good. Overall I was looking for a durable cross training shoe that would hold up to my rigorous training and these have been great so far. They are really light and comfortable. Most importantly for me they have grips on the bottoms so my feet don't slide out from under me while doing planks, push-ups, etc. Highly satisfied with this purchase. Five Stars I recommend that! Good shoes, tolerable price. My son likes these, and this is the 2nd pair he's worn. Five Stars Comfortable Three Stars Fit fine...did not like color in person somewhat large fit The shoe is too large. When you do lunges it hurts the heel. The shoe size from a local store is the size I ordered from Amazon however the size or fitting seems to be large Five Stars Really great for walking I'm very glad I got these and the color is fun Five Stars Love these shoes. My feet feel so much better. Lots of padding and light enough to run in. Three Stars ok but too big Five Stars Love these shoes.. they are so comfortable. Great Shoe In really like these. I wear between a 9-9.5 womens, I got the 9.5 and they fit perfectly. They are light weight but have good support. I will buy another pair. Love these shoes Love these shoes!
So stylish and comfortable. Just got back from a trip to NYC, Black and white Nikes and yoga pants are in high fashion right now! Its not as comfortable as I was expecting This shoe is JUST OK. Its not as comfortable as I was expecting, compared to my last pair of NIKE shoes. I hope they hold up. Very Comfortable Best tennis shoes I've had all my life. Very comfortable out the box. I would buy 10 pairs of these shoes if had the money. The color pattern and fit is what I liked the most what I liked the least is that ... The color pattern and fit is what I liked the most what I liked the least is that they are not easy to clean and stains do not come out very easy or at all Great shoe for the price! love these shoes. Workout in them 3-4 times a week at the gym. I do treadmill, stairmaster, cardio classes and weight lifting. lightweight and versatile shoe. Great shoe! Great shoe. I've had Nike's before and have always been pleased with the comfort, performance, and quality. Though I will say this was the first time I ordered a pair online without trying them on first, so I was nervous. But this turned out to be a great choice. Breathable, lightweight but sturdy, and comfortable during all my workouts. The built-in arch support is great and I've had no discomfort after 2 weeks of use. As far as the sole thickness and cushioning goes, I would consider these a 'medium' build (not thin, not overly thick) so if you're into heavy running outdoors then take that into consideration. Everyone is different in their preference for cushioning, but I think for light runs on a treadmill they would be sufficient. Love these, highly recommend! Three Stars The material is real then hope they don't fall apart . to expensive for what you get. Three Stars Nice Five Stars Gracias Love these shoes Love these shoes!! They are true to size and very comfortable!! This is my second pair - I wore out the first pair!! Good arch support - I have a high arch!! Five Stars  Great cross trainer Great arch support and comfortable. They are comfortable for the most but just a bit narrow It looks a bit nicer on the picture. Its very light in such a way that when I held the box I wondered if there was just paper filling inside. They are comfortable for the most. Good looking training shoes overall. staple sneakers second pair. Comfortable and great for people with bunion issues or previous surgeries.  Sole wears great Great looking shoe My daughter loves these shoes. Fit true to size. Great shoes. Purchased for my daughter for gym class.  She loves them.  Very cute and very comfortable. Style 10/10, Comfort 3/10 Great look but zero support inside the shoe. Had to buy expensive inserts to be wearable. Expected more from a nike shoe. these shoes are great! Very lightweight and fits comfortably on my feet ... Straight out of the box, these shoes are great! Very lightweight and fits comfortably on my feet like a glove! I love most especially that the sole is not bulky like my previous running shoes  I hated those things lol! I would give them a shot and they are great for the price! Great shoes. Fit perfectly Great shoes. Fit perfectly. Comfortable right from the start. Light weight and perfect for a 12 hour work shift. Good price also. Five Stars I love them! They fit perfect and are very comfortable!! Perfect. Lightweight and comfortable all day Love these lightweight shoes! Absolute favorite. Always order half a size bigger with nike shoes than with every other shoe in my closet. My knees feel better so so hard so good My knees were bothering me during HIIT workouts so i  purchased these shoes after researching many styles.  Fit true to size and are lightweight.  My knees feel better so so hard so good.  They are cute in too!! Five Stars Love the color! Comfortable, lightweight Xtrainer Comfortable athletic shoe,  good for the gym (ellipical, tredmill, etc.) Fit is good, and shoe is really lightweight and comfy. Great shoe! The shoes fit perfectly and came within the time frame i was given.  Very comfortable, which is needed since my job requires a lot if standing abd walking throughout the day. Returned...looked cheap They looked very cheap Fits to size The fit is as expected Very comfortable shoes. This is my second pair of this ... Very comfortable shoes. This is my second pair of this style of shoe because I loved them that much. Sleek and sporty Comfortable, consistent each time I order and good looking I love the shoes and the description and photos were accurate I love the shoe and it fit as expected the photos and description are accurate if you're looking for a shoe that has more cushion or support try a different style but as far as wanting a lightweight and breathable shoe this is it. I am very satisfied with this purchase Great fit! These are so cute and comfortable and very light. I just received them today and the fit is perfect. I normally wear an 8 1/2 and they are true to size! Lightweight I always order a 1/2 size up in workout shoes. Squeaky soles I wore these shoe one time, from the airport in Omaha, NE to the airport in Phoenix, AZ. When I arrived in Phoenix, the left shoe/sole started squeaking and won't stop. I want to return for a refund. Need instructions for returning as no paperwork was in my package when it arrived. Two Stars They run big and are super uncomfortable and the soles squeak. They don't breathe at all. Comfortable and Exactly what I expected! Comfortable and chic Their Cute and Pink They were a gift  to my daughter she loved them Five Stars Love these comfy shoes. they fit like a glove. Smooth and confortable. Very confortable. Five Stars i love these shoes. decent arch support and comfortably to wear all day doing regular activity and sprinting Lightweight, decent arch support and comfortably to wear all day doing regular activity and sprinting. Five Stars daughter loves them Good shoes I ordered a 1/2 size smaller than my usual size, and they are perfect. These shoes are hard to find. Great customer service as well. Good shoes Very good overall.
Now Ive been a huge Sketchers Go Walk fan for some time and the only reason I tried these instead of the latest number 4 of those is because the tread looked too slippery to me.
These shoes are very sturdy and the grip of the soles has been very solid so far. I use them for basic workout cardio and cross training, as well as work as a massage therapist (I go through shoes fast enough that Ive recently consolidated).
If you're a Go Walk fan, these do not offer the same level of cushion-comfort as those, HOWEVER, they offer the kind of long-term comfort to make them a durable option.
The material of the shoes seem very durable and the breathable. My feet do not feel hot in them.
Now these shoes are ideal for a basic workout or cross training, I would not get them to do 25,000 steps in Walt Disney World.
Solid choice, overall. Five Stars Wife loves them! Five Stars These shoes are extremely comfortable, and fit as expected.  Will purchase again. One Star Artculo equivocado en color Glad I read the reviews and ordered a half size ... Glad I read the reviews and ordered a half size too big. These are light weight. I worked out in them last night and had a great work out. They are very comfortable. I would recommend these to anyone. I am a Beach Body Coach and these are now my new favorite shoes to work out in. I feel like I am walking in slippers when I wear these shoes. They are so comfortable. I LOVE them so much. I never buy myself anything nice and for Christmas got an Amazon gift card and used it to buy myself these sneakers and they are so awesome. I really do love them and have been telling all my friends about them. GET THESE SHOES! Not in perfect condition On the left shoe, there were two stained yellow spots. Very comfortable, cute, and long-lasting I love these, I had the previous iteration (or maybe two earlier?) and finally wore them out after several years. They are definitely a light-weight training shoe so I wouldn't get them if you are going to be doing a lot of running. But this also makes them extremely comfortable, I hadn't realized how hot running shoes made my feet until I switched to these. Good support and my feet stay cool all day, also noticeably light but well-made and long lasting.

I have worn them hiking in a pinch but don't really recommend it because the material is mesh-like and will let a lot of dirt in. But if you mainly take cardio classes and/or do weight training or just need something to wear around town look no further. Super light-weight, nice tread and arch support - love them so far! Super light-weight, decent arch support (mine is higher than average).  I was pleasantly surprised by the sole/tread on these for my circuit training classes, as I couldn't really tell by online pics.  Also pleasantly surprised that these ran ever so slightly bigger than Nike running shoes I use to wear 15+years ago - I always wore one to 1.5 sizes larger in their ""Hurache's""/running shoes, so I was really worried my size 6 would be too small - there is actually more toe room in these shoes than any other size 6 shoe I own (athletic, heel, boot).  But it is the correct amount of room from big toe to edge of shoe for me (an inch or less, I don't want my big toe being jammed into edge of shoe when lunging, jumping, etc.).  Shoes arrived with an odd yellowish color on side of one shoe, but no damage to box, paper lining etc - I was happy that a clorox wipe easily cleaned the shoe and did not discolor any further.  I am very happy and highly recommend, although I have only worked out it once! Five Stars I Love it. It is very light and the color is great. My wife loves these shoes. We have both been ... My wife loves these shoes. We have both been wearing sketchers and new balance for several years and recently we have both purchased Nike. There is a reason why Nike is still number 1 after all these years, you just cant beat their comfort. New Favorite Shoes Absolutly love these shoes!! Beautiful color, comfy, and lightweight Foam compresses I **loved** these shoes when I got them. I've noticed that the foam inside tends to compress during a workout, though. I'll lace them tightly enough that they're nearly cutting off my circulation. 20 minutes later, I'm sliding out of them while doing sled pushes. Five Stars She loves them I usually wear a 9 but could have easily ordered a 8 These are a bit longer than they should be. I usually wear a 9 but could have easily ordered a 8.5. The width is accurate.

The pink is even pinker than shown and the light gray is over the very bright pink so it isn't as gray as shown in the picture. It makes the shoe a bit overwhelming. Also two grommets on each shoe is dark. I'm not referring to the dark grommets closer to the toe as shown in the photo, I'm talking about two grommets up at the top of of the laces (opposite side of side shown in photo). I thought it was faulty at first until I noticed they were on the same side of each shoe. Kind of odd and not pictured.

Overall, they are very comfortable shoes which is why I am keeping them...even if you can see me coming from a mile away. Five Stars great Five Stars c Five Stars Love them! Fits snug Very nice shoe, just a bit to snug/small for my foot. The Flex wire really makes it the shoe fit tight to your foot. I need more ""wiggle"" room in my footwear, otherwise I would have kept them. Not sure why, but my mid section of my ... Not sure why, but my mid section of my foot starts to hurt using these shoes for a long day or a tough workout at the gym. I've owned other nike shoes of this line but that never happened to me. Love My New Gym shoes! Love them Five Stars Perfect! Five Stars Perfect! TOO NARROW! I usually wear a size 8 and they fit fine. These are way too narrow. Thought they might stretch out but they didnt. Had to give away. Consider sizing down 1 size Great shoe! Outside arch is kind of high, but I'm still breaking them in. So I'm sure that will work it's way out. I originally ordered a 9, my regular size, and it was a tad too big. Returned and ordered an 8.5 and it fits perfect! Seem to Run Big I had to return the first pair and buy a 1/2 size smaller.  First time I've had to buy smaller for Nike. Five Stars Fit comfortable Perfect for trails My favorite running shoes!  The wall of the shoe is very thin, which makes them very comfortable to wear if your feet swell as you run.  I would not recommend for use on concrete or a treadmill, as there isn't very much impact absorption, but they are perfect for trail running! Four Stars Nice fit Zumba) - and really wanted to like them, since I loved the color and the ... I bought these for gym training - weight class and dance class (body jam, Zumba) - and really wanted to like them, since I loved the color and the light weight feel. But when I worked out high impact, my toes tingled, went numb and cramped because the toe bed is very narrow. Also, there wasn't enough cushion for me. When doing lunges, the ball of my feet hurt. Can't return them because I wore them several times. These might be fine for someone with a narrow foot. Five Stars They fit perfect, extremely comfortable Three Stars No arch support but l love the colors! Size problem Shoe was somewhat large Five Stars love them! True to size, would recommend This is a great shoe for in gym workouts. I did take a 10 mile hike and had a blister on my pinky, but other than that these are very comfortable shoes! Best birthday present Comfortable and light Purchased these for my wife as she has a similar ... Purchased these for my wife as she has a similar pair that is wearing out.  She has feet are difficult to fit and these fit perfectly without pressure on sensitive portions of her feet. I have pretty high arches and my calves always hurt at the ... I have pretty high arches and my calves always hurt at the gym with other shoes. I have been on the hunt for a good cross trainer that I can use to lift, take gym classes, and lightly jog/run on the treadmill. These have been wonderful! I don't ever have any pain in my calves or my feet when wearing these and they fit like a glove. Highly recommend! Five Stars Great shoes Five Stars These were exactly what I expected. Five Stars Love love love They are really light and not as sturdy as what I was looking for but over all ... I always wear a womans 9 in Nikes but these are bigger than usual. The right one almost slips off my foot a bit.  They are really light and not as sturdy as what I was looking for but over all not bad. Five Stars These shoes are awesome!! l always buy Nike shoes and been happy so far l always buy Nike shoes and been happy so far, but this time my left shoe fit perfectly while the right shoe was too loose on my heal and when I tighten it more it was hurting side of my foot. Honestly Fantastic Shoes Bought these as my back up shoes but they have turned into my daily ones I go to! So comfortable and my feet don't hurt after long hours on my feet. I own a cleaning business so I need my feet not to hurt in the middle of the day. Absolutely love these shoes and color Absolutely love these shoes and color!! They are perfect for running! I run roughly 4 miles 3x per week. This is my second or 3rd pair of this exact style. Fit is perfect! Five Stars Super comfy! Nike runs small Ordered half a size larger than my usual shoe size and fits perfectly. Five Stars Fit well. Five Stars The fit was perfect! I Highly recommend this shoe. Very Happy Customer Obsessed with these shoes! I was looking for good all around sneakers (running, walking, tennis, etc.) and these more than fit the bill. I was looking specifically for black nikes (I love the fit) with white soles (good for court sports); I was a little reluctant to purchase because I wasn't sure whether the black on the soles would contact the ground, but it doesn't! and very comfortable. Cute shoe, fit as expected, and very comfortable. nice sneakers. Fit as expected On time, nice sneakers. Fit as expected. 5 stars Perfect fit, as always. Five Stars Great shoe, very comfortable Five Stars Love these sneakers! Perfect fit and super light These shoes fit like a glove These shoes fit like a glove! Light but very supportive! I have worn them several times and feel very light on my feet. Five Stars Fit true to size Five Stars Love the fit Nike always makes a good shoe. Nike always makes a good shoe ..abit rough breaking them in but after 9 hours on my feet anyone's feet would hurt abit One Star Oops! I returned these because I ordered wrong size! Five Stars Extremely comfortable sneaker!  Shoes Good looking shoe Love these shoes I have had this style before in a different color and have received many compliments on the shoes.  They are great walking shoes!  I wear orthotics and these shoes are one of the best I have found to accommodate them for fit. I loved these shoes I loved these shoes...that is until after about an hour of wear, the green inserts on the sole of the right show began falling off. The wear was in my home, on smooth floors. I can only assume they were defective. perfect Great! Super comfy and cute! No issues and fit perfect! Five Stars Good shoes found a Ryka pair I liked I returned them...found a Ryka pair I liked better Five Stars BEST sneakers I've ever purchased!!!! Five Stars Excellent ...!!! the best sneakers by far the best sneakers by far! I had never owned a pair of Nike sneakers, and I went solely on the reviews by others...
And I absolutely loved them!! Classically comfortable and durable Love these shoes. I've been buying Nikes for years now. I bought this pair for work and everyday wear and another pair for working out and active wear. They also last a long time in my opinion, especially if you take care of them. Four Stars Right one is slightly tight.. hope it will stretch out.. !! the Nike Womens Flex Trainer 6 is way better looking and costs about the same They're ugly: the toe is rounded and the material is weird. the Nike Womens Flex Trainer 6 is way better looking and costs about the same. Five Stars So lightweight and awesome! Five Stars Luv them!! Love the color and fit Love the color and fit. I use them to work on at the gym on the treadmill and they are very light and comfortable. OK Bought these shoes with HIIT in mind, but not too sure how I like the fit on my foot. First time to wear them, not great for running. Maybe after they're broken in a little they'll get better. If you just need a comfortable pair of shoes for walking, they're fine. Great fit! My daughter loves them. Great fit! Very satisfied with the seller - delivered on time This is a very attractive shoe. It is true to size and fits as expected. Very satisfied with the seller - delivered on time. Four Stars Fits good, very lightweight. Comfortable shoe for both workout sessions and walking Comfortable shoe for both workout sessions and walking.  Neither too bulky nor too light.  This is my second pair because they fit and have no neon or pink colors, just nice basic B&W. Five Stars  Five Stars Nice These are the best shoes I have ever use for my workouts These are the best shoes I have ever use for my workouts!!! I love them and buy them in bulk!!! LOL I love these shoes I love these shoes.  They fit as expected and they look really nice on.  These shoes have a narrow base which I really like.  I don't like the ones that make your foot look wide. Five Stars Love this product.  Great fit. Low cut heels Very low cut heel so if you training and pushing sleds - I ran right out of shoes! Although the traction on toe and heel are great Perfect Just what I needed for Group Fight class. Quick movements and footwork are so easy in these sneakers. Love them. Exactly what I wanted Love! Great price too. Light shoes It's been a long time since I've worked a cross training shoe. This shoe is very light and minimally passed compared to running shoes. That's not meant to be a knock, just a fact.

I ordered the shoes half a size up because as a former runner, I'm used to my feet needing room to spread and swell. I wish I hadn't because they feel a little roomy. I have orthotics, so I think I can remedy the issue once I swap those in.

Otherwise, very good shoes Good indoor training shoes Good indoor training shoes for running on treadmill, doing lunges and regular exercises at the gym. These are very flexible, light weight and comfortable. Grip is okay - sticky rubber is used only at the edges of heel and toe areas so I slipped a little when I worked on cable machines, resistance band, etc. on un-carpeted floor.  I would emphasize that if you do lifting as a part of your everyday routine workout I would not recommend them because mine (cushion) lasted only for six months and this is the reason I gave three stars. Other than that, I liked them! So Perf. Perf. Five Stars Best shoes ever!!! Five Stars Fit good Great work out shoe I use these for my Cardio Dance class and they are perfect and very cute. I would definitely recommend. They also cam earlier than expected!! I love these shoes so much that I reordered another pair ... I love these shoes so much that  I reordered another pair online. It's hard to find shoes that fit my really wide feet! The heel back is my favorite part on them, they're thin and feel like another layer of skin, not bulky or tight at all.  I walked all over Europe in these! Comfortable, light weight, nice. Love these sneakers. Light weight and comfortable even without socks. Four Stars Nice product I feel like this pair of shoes was made for my feet I feel like this pair of shoes was made for my feet. Great fit and comfort! Very pleased with this purchase. Awesome shoes!!! Quick tranasaction!!!  Loved the shoes!!!  Would purchase from them again!!! Just wasn't what i was looking for I got the impression it's cushiony and comfy by reading the reviews on this product, when i tried it on it was a much firmer than my other work shoes, i'm standing all day and need enough support and comfort, this isn't the right product for that.
So i had to return it, but i would assume it would work fine for training.

It looks decent and clean. and seems sturdy.  just not the right thing for me.
I was refunded instantly upon returning so.. credit for that. So comfortable, I don't even feel like I have a ... So comfortable, I don't even feel like I have a sneaker on. Based on the other reviews I got a half a size up and glad I did. Five Stars they are very comfortable feel like you have nothing on. Five Stars My favorite nike shoe Five Stars Super comfortable and extremely lightweight. Great for crossfit! Five Stars Beautiful I love them comfy Falling apart already!! I've not even had them a month and the bottom is coming off. I'm not happy! Five Stars Love them! Fit exactly as expected in length and width! I would definitely buy these again. Five Stars Great shoes love the fit My second pair, love the fit, light weight and great support. Nike I have wide feet and these were too narrow but very nice looking. Nope Ugh... way to large - is this for a man? It is comfortable. The shoe fit has expected. It is comfortable. Perfect cross trainers They fit great, look great, are quite comfortable and are just what I was looking for! Great training shoes Super comfy, true Size , I use them for boot Camp,  cross fit and they are great , absolutely recommended it. Amazing training Sneakers. Love them absolutely comfortable. I'm very picky with sneakers and this ones for the price are great I use them for cross fit , boot camp & they work great . The sole is very flexible , true size . I have a wide feet and they fit perfectly. Very nice looking Great sneakers. HIIT shoes Wife happy with fit. Four Stars They run big. Order a full size smaller. Lack support but overall good shoe Super light and very comfortable. I'm a runner and they lack a bit in arch support, so the soles of my feet are a sore. I'm going to add an insert to try fix the problem. Adorable shoes Just because they are white, they do need a washing regularly but I have received many compliments on how pretty these white and pink shoes are. Extremely good Nike quality. Highly recommended. Wide sneaker for wide feet Arrived in time. Fit as exoected. They take some breaking in but I wore them 2 days in a row for more than five hours per day. I've been using these to exercise and they are nice a roomy and allow my feet to breath I've been using these to exercise and they are nice a roomy and allow my feet to breath. Also love the colors. Five Stars Comfortable from the start and very light. Five Stars As expected. Great training shoes Lightweight, comfortable, supportive. Very happy I bought these shoes for working out. Five Stars I love these and have them in a light blue too. Very light weight, airy, and comfortable. Five Stars good quality Four Stars Very comfortable sneakers and I also like the way it fits. and they were great! Super comfortable Purchased to wear for weightlifting and Zumba. Zumba trial was last night, and they were great! Super comfortable, good ventilation! Not too much padding, very minimalist, which is just what I wanted Five Stars Comfortable and lightweight. I love these shoes my second pair of 40 plus $ ... I love these shoes my second pair of 40 plus $ shoes and they both have certainly out done the $100 K-swiss that I'm looking to return . The shoes are extremely comfortable, all my clients love them, just wish they came in more colors. They fit as expected and perfect for training They fit as expected and perfect for training, the shoelaces are a little bit too long. Other than that these shoes are as I expected them ! Five Stars Extremely well fitting and light weight Five Stars Perfect Five Stars Love them Very Good For Everyday I love these shoes and have worn them for a long time. That are comfy, thinner on the top & sole and are very cute! Great shoes Fast shipping and turned out as expected. Couldn't be happier. Love these shoes I have been wearing for a solid week during my work outs & they are great for comfort and they are light weight. Five Stars Love these shoes for circuit training. Super comfortable. I joined Cross Fit and this is ... Super comfortable. I joined Cross Fit and this is the perfect shoe. Five Stars just do it :) Sooo comfortable Love these, comfortable, light weight, great fit. So happy. I love this show. the shoe is nice and provides well for my HIIT and Grit classes ... The shoes are true to size. I am used to wearing running shoes so these have been an adjustment. Overall, the shoe is nice and provides well for my HIIT and Grit classes I take. Look amazing, runs slightly big. Love them!  I ordered an 8.5 because I usually wear that size but these are a bit big. I wish I ordered an 8. They are really comfortable and I enjoy wearing them. Four Stars Very comfortable. Five Stars Very nice shoes.  Comfortable. Five Stars Very comfortable. I love wearing them. Five Stars Great fit so comfortable love them!!!!! Decent little shoe for the price. A nice lightweight shoe. Not a lot of cushion so I wouldn't run long distances in them. Attractive and fit well I really love these shoes.  They are attractive and very comfortable.  They work well for my daily workout and fit well. Runs large Comfortable shoe.  First time I've ever bought nikes that feel so large.  It feels about 1/2 size too big.  I bought 7.5.  I normally wear exactly that size and on occasion an 8. One Star Ordered 9(m) received 9 Wide for the second time. Returned them for the second time. Five Stars Nice shoes I love the fit and they provide support for walking This is my second pair of these shoes.  I love the fit and they provide support for walking.  I like the way the shoes fit around my ankle, as many shoes are uncomfortable because they come up too high in the back.  Try them! Good Shoes! There is about a 1/2 inch of extra space from the tip of my big toe to the front of the shoe. That's okay, though. I usually wear socks, so it doesn't feel too big, even if it does make your foot look a bit long.

The colors are vibrant, and the sole has plenty of grip, even on a slippery floor. I wore them for most of the day and they are comfortable.

Overall, I'm very pleased with this shoe. Great shoes Got them for my girlfriend. She loves them. Says it's like wearing slippers because they are incredibly light. Good shoe Serves intended purpose Five Stars They are super comfortable. Loving them. Love These Shoes! I have gotten so many compliments on the blue color and look of this shoe.  It is super comfortable.  The grip is wonderful for my indoor gym cross training classes.  I always order a half size larger in Nike brand shoes and thy fit perfectly as I did with this shoe. Not my favorites... Fit is fine, but not much cushioning in the footbed. The first time wearing them on a long walk I developed a blister on the bottom of my foot. Perfect for the gym Perfect for the gym, could use a little more support in the toe area but very comfortable and light. Fit true to size. Meh Meh, felt very comfortable but provided no support. Seem like a good option for walking around in the summer but not for aerobics or lateral movements Five Stars Love these! Super light and comfortable! Five Stars Loved the products and services!! Hurry before they're gone! It's hard to find a lightweight athletic shoe with a wide toe box. This shoe has that. I am happy with the support for walking and everyday wear. I wouldn't run in them. Now I just have to stock up on as many pair as I can afford before Nike discontinues them :). Don't you hate when that happens? Amazing The shoes are amazing,very comfortable and fit as expected highly recommended. :) Five Stars Super comfy!! Not quite wide enough I needed a wide size, that option was not available. So I went up a half size bigger hoping that would work. It's not quite comfortable but I am  able to wear them. I like the shoes. Not quite wide enough I needed a wide size, that option was not available. So I went up a half size bigger hoping that would work. It's not quite comfortable but I am  able to wear them. I like the shoes. Five Stars Look great Simple look, outstanding comfort! I love these shoes. I am rather basic when it comes to Nikes, I don't need all the cool colors, so these look amazing and feel amazing, like they were made for my feet. I definitely suggest purchasing them. My second favorite. Cute and comfy. Sleek design. My only complaint is the fly wire loosens up and my shoe sometimes slips off my heels during heavy sled runs. I have two pairs of this style. Five Stars I love them! Fit to actual size. normally Nike fits small so we go up a half size. These actually fit to my wife's appropriate size. So be ware when you order. Five Stars love these shoes. use them to workout inside and to work Too small, flimsy upper I was shocked at how small these shoes were, not true at all to size, and I own multiple shoes in this brand. The quality could have been better, in my opinion -- very little support from the upper. Great for kickboxing Great shoes - was looking for something to replace my barefeet so I can wear orthotics while kickboxing. These are light weight, hug my feet comfortably and have a thinner upper so I can still feel the bag when I kick AND they have good lateral stability. My feet are on the narrow side so it's hard to find shoes that are snug enough. These are perfect. Oh, and they are really cute too. These shoes are great for walking - so very comfortable They fit perfectly. These shoes are great for walking - so very comfortable. Love them. Good choice for training shoe Good fit and comfy.  Not so cushiony so definetly better for training and not for running or aerobics. Bought size 8 which is my usual size. Five Stars Light weight and comfortable They are slightly longer in look then I was would like but I think that is typical of cross trainers I was wearing running shoes for cardio dance classes at the gym because I thought they would be sufficient. After getting 2 blood blisters I did some research and found out cross trainers would be more appropriate which is how I ended up buying this pair. They are slightly longer in look then I  would like but I think that is typical of cross trainers. Also, the lacing is done in a way that allows you to tie too tightly if you're not careful (my toes were tingling during one particular work out when I had done this). Other then that I am very happy with the shoes. I love them but they are definitely bright orange/coral and not ... Nikes usually run small and I'm a 7.5, so I ordered these in an 8 and they were actually very roomy.  I love them but they are definitely bright orange/coral and not bright crimson like the description said.  I thought they'd be more red in hue to wear with my Ohio State clothes, but instead I use them for running. Color was not at all what i expected. It ... Color was not at all what i expected.  It was more orange then red.  Not sure that I am going to keep them. Super cute and on sale!! Perfect fit! Brand new in new box completely perfect condition and on sale!!! Awesome! Highly reccomend! Super cute shoes. Three Stars Squeaky then you should pretty much know your size If you wear Nike on the regular, then you should pretty much know your size. I wear only 7's in Nike, and it fit just as expected. I have many of the trail runner generations, and love them all. they're my go to sneakers for the gym use, or casual wear. I have a pair I used mostly for casual wear that have lasted about 5 years. Another pair that I used for cross fit/outdoor runs that lasted a little over a year (very vigorous daily use). All in all, these shoes are great for me. They're lightweight, and comfortable. Nice Support Great arch support and cushion both for the heel and ball of the foot. Great aerobic shoe! Good Sneaker Good quality, perfect fit.  It's a Nike! Satisfied Size 8, but purchased 8.5 for a more comfortable feel, considering shrinkage as a result of perspiration. Too large I've always gotten this size in Nike shoes with similar description, but these are too long- at least an inch and 1/2. colors look great together. Very lightweight. Normal Nike quality. Pink is very bright , colors look great together. Five Stars Love them!! but if I wear thick socks they are fine. Also Arrived on time. I probably should have gone with a 7.5 instead of an 8 because they do seem a little big, but if I wear thick socks they are fine. Also, they can sometimes make a very annoying squeaky noise when I run on certain surfaces so I'm trying to get them worn in. Over-all, I am satisfied with my purchase! Poor quality for Nike After less than a week the sole ripped off on the outside of the shoe 4/5 The lines don't really show up unless there is a bright light on them. But other than that they are perfect. They are very true to size and are comfortable the first time you put them on. LOVE! I love these!  I ordered an 8.5 which is my normal shoe size and they fit great.  I used them for my strength training class and they performed well, and they are sooooo pretty!  Comfortable, low profile and stylish! Five Stars Cute and comfortable Five Stars Very comfortable. Correct size Sizing was perfect as ordered. Quality appears good, still new, not too much more to report. Perfect for the gym Size really depends on the brand.  I wear a 6.5 in Nike and they fit me perfectly.  These shoes are comfortable, they wrap around my feet like a bandage but do not restrict movement. ... opened the box to see the color is exactly like the image shows I was really excited when I opened the box to see the color is exactly like the image shows! I have the Nike flex tr 5 and used the same size to order these. They are a little bigger than expected but still comfortable. I ordered the Nike Women's Flex Supreme TR3 instead and love them! Returning these. the pictures on here make the shoe appear all black with a touch of pink in the check. however, the whole shoe has pink coming through. I was looking for an all black shoe. I ordered the Nike Women's Flex Supreme TR3 instead and love them!!! so light & comfortable! wow these are the most comfortable, light weight shoes. I love them!! Five Stars love the lightweight and the fit Five Stars fits perfect, my daughter loves them these were a perfect fit. They are light and very comfortable Finally, after trying about 10 pairs of Nike's, these were a perfect fit.  They are light and very comfortable, I really just forget about my feet when I'm wearing them. Five Stars Came quick and my daughter LOVES them Five Stars Great Gift - she loved it!  It's a nice shoe! Just what I wanted! Perfect! Bought these for my daughter and she loves them. ... Bought these for my daughter and she loves them.  She tried them on at a retail store a couple months prior, so I knew her exact size. Five Stars Great product and fast shipping! Tried one in the store and bought it online but ... Tried one in the store and bought it online but it was a different  kind of shoe . Too big , different fit ! I had the older generation of this shoe that survived ... I had the older generation of this shoe that survived 2 or 3 mud runs and of all my aches and pains, my feet was not one of them. This is because of this shoe. Nike really dropped the mic with this. Five Stars This pair fits perfect.....the first pair was wrong size in the right box.....definitely order again!!!!! Not true to size I returned these as they were not true to size. They ran large. One Star wrong shoes Nice There very nice Great I actually have 3 pairs of these trainers.  They are very comfortable, there is a neoprene sleeve that goes around your ankle that makes them the most comfortable for me compared to normal athletic shoes.  They run a little narrow - for me this is perfect, but you may want to round up on the size or try on in the store first if your feet are on the wider side. Four Stars Just too big otherwise I liked them! Four Stars Comfortable shoe.  I would buy again Four Stars Light weight and comfortable. Five Stars Fit my size perfectly and very comfortable! Five Stars Love these shoes! Needed new running shoes and these are perfect. Light weight and fit great! Five Stars Purchased these for our teenage daughter. She loves them. For both casual wear and sports. Love them Love these shoes, I have worn them all day and found them really comfortable with no aching feet at the end of the day. Fantastic colour and true to size. I also bought  Nike Women's Flex Supreme Tr 3 Pnk Pw/Mtllc Slvr/Cl Gry/White Training Shoe and these shoes are slightly more comfortable than those even though they look very similar. Super light weight versatile Super light weight comfortable! Kick box in these and run too. Good support! very comfortable but limited use i bought a pair from DSW for 50$ and they are very comfortable but i bought a size 6.5 when I normally where a size 7.  and even the 6.5 feels a little roomy.  I have wide flat feet btw.  im not sure if I will keep them even though i love their look and comfort.  I've been having feet problems while taking a gym class and I think they won't give me enough support when running.  they're great for wearing at home or gym and doing exercises in one place- extremely light weight and flexible, but i don't know if they'll last long if you use them everywhere else.  :(  i really like them but i cant just buy 2 different shoes.
also, i really like the strings inside the lining on the side of the shoes to adjust and make the shoe fit snug. it makes me feel secure :D Four Stars Not a lot of arch support but really lightweight. Five Stars EXCELLENT Not for aerobic exercise Good for non-aerobic workout. Mesh was very comfortable but no support for lateral movrment. Favorite Nikes ever Favorite Nikes ever. I already owned this style and was ready for a new pair so I went with these. Love the color and they fit great. Four Stars Light-weight comfy shoes. ... of shoes for cross training and these were the best! Tried a lot of shoes for cross training and these were the best! Overall, a grwat shoe. Wish they had a little more support/cushion, but I love everything else about them! These are as far as comfort goes the most comfortable pair of sneakers I have I suffer from sciatica ... These are as far as comfort goes the most comfortable pair of sneakers I have I suffer from sciatica pain that goes into my feet I have difficulty finding the proper support and comfort in shoes I would recommend these most definitely. They feel good but I will not recommended if you need Wide ... After my purchased I found out they are overpriced. They feel good but I will not recommended if you need Wide fit. Get a half-size or more larger than usual. I bought a pair of these in my size, but they are too small. I can get my feet in them but not comfortably. It's too bad because I can tell the soles are comfortable. Of course, now I've work them to work so I can't return them. Love them! Very comfortable and great for weight training Love them!  Very comfortable and great for weight training! Not as expected Took other reviewers advice and went up half size and it was too large. I thought this was a more sock-like fit but it had a tongue that came up high on my ankle not at all sock like. Nice looking and very light weight with a rounded square toe that left plenty of room front foot and toes. These just weren't what I was looking for. Five Stars Really comfortable and very cute. Really Comfortable Shoes These shoes are great.  This is the second pair that I have purchased and I love them. Five Stars Fit to size. Comfortable Worth it. Picky daughter actually loves them. Great sneakers! Fit like a dream! Great for cross-training/HITT videos I do everyday. Great for walking too. Look amazing! Lightweight yet supportive Most comfortable training shoes I've worn in a long time. but like them so far I bought these sneakers for boot camp class.  They are very light weight and different than other sneakers that I have owned.  Have only used them a few times, but like them so far. Great red color I got a hot spot on the bottom of my foot the first day I wore them. they'll work great!: ) Still breaking them in for use at the gym.  I think once I get used to them, they'll work great!  :) Shoes looked great but too narrow for most feet Not a fan. Shoes looked great but too narrow for most feet. I love these shoes I love these shoes. I exercise in them as well as just take them on longer walks. Feels good, looks GREAT!! Five Stars fits perfect Very comfortable shoes. I have wide feet with falling arches Very comfortable shoes. I have wide feet with falling arches. These help both and are comfortable enough that I can be in them all day long. Did not fit my feet Unfortunately, this Flex Supreme does NOT have enough support over the toe and ankle are for my requirements.
Returning for credit.  Thanks anyway. Poor Quality. Don't buy. After using this shoes seven times for regular activities like walking or dancing the sole came out. I am very disappointed. I don't recommend this product at all. The worse part is that I can not return this item because the return window closed 4 days ago. Five Stars Fit like gloves to my feet! Perfect for workouts. Does the job! I've worn these to work out for 5 days in a row now. Initially, my arches ached but over time the discomfort subsided entirely. I've done everything from bootcamps, resistance training, running and Zumba. So yeah.., they are truly crosstrainers ;-) I liked these shoes a lot I liked these shoes a lot. Very light weight. I didn't give a 5 because the color was a little lighter than I thought it was going to be but still a great shoe. Very comfortable Five Stars Love them !!! Five Stars I love these shoes! Great arch support and perfect for cardio. ... crossfit and find that these shoes help give me good support with my endurance workouts I workout at the local crossfit and find that these shoes help give me good support  with my endurance workouts. Unnacceptable. Zero support These shoes look really great. However, slightly loose. The problems with lack of support arose when I exercised. It feels like there is little to no support in them. Possibly this is a shoe more geared for an office environment or short walking distances. Great for walking! These are my favorite walk around shoes! I can wear them all day and not be in pain! Love em! Simply Supreme. Favorite training and walking-around sneakers.
They look good with just about anything, and are comfortable for most situations.
With the exception of running (for which I use proper Mizuno running sneakers with an arch-support insole), these sneakers are my go-to.
If I could, I'd take away a 1/2 star for arch support - I have a slightly wider front of the foot and arches that are a little on the high side, so I do look for a good under the foot fit. I could probably tie the laces differently or put in an insole(they're pretty expensive), but as is, when I did a zumba class in these, my arch began to twinge :(
However, this is overall an awesome shoe that I will continue to stick with for going out, day to day walking, and for training and gym use (with the exception of running and zumba (although hip-hop was fine). The shoes have a great flexibility to them and don't look ""dirty"" easily. My previous pair of flex supreme TR 3s have lasted for a good 2 years and are just now on the verge of being worn out. This is the optimal sneaker that is flexible in more ways than one: from pointing you toes to leg-pressing, from gym use to shopping to adding a sporty edge to a dressy night out, the flex has it all. Soooo comfortable..... Love these! I have 3 pairs...they're so comfortable - I'm on my feet all day & my feet actually don't hurt at the end of the day when I wear these :)
I've learned to get these 1/2 size smaller....I'm normally a size 7 and the 6 1/2 fit perfectly Five Stars Great shoes. Lightweight and comfortable BEST SHOES EVER! BEST. SHOES. EVER.  I bought two pairs in different colors- black n' white and the pink and white...  They have AWESOME support for whatever you use them for.. I have one for work and the other for training/running/etc in... ... me the motivation to workout because they feel so good and are great for any training These sneakers give me the motivation to workout because they feel so good and are great for any training Hurt my knees and back running I LOVE the look and comfort of these shoes for style and lifting weights. Super cute and flezable. BUT for running, absolutely not!! It might just be my pronation/supnation and these shoes just do not work for my personal stride. I run about 2-4 miles every few days. Average of 8 miles a week and then sprints twice a week on a treadmill. Just after running with these 3 times, I am having major back issues that I have never had before.

MY STATS and other shoes:
I road and trail run. I run on my tip toes on the treadmill and a lot of heal on the road. I am 5'6 169lbs with more muscle than an average runner. Built more like a sprinter than a marathon runner.
I LOVE Nike FLEX bottoms. They really give me support and flex needed. I have also used Asics and Puma. Very comfortable shoes. Love Size 5. Very comfortable shoes. Love! Great shoes I bought a wide size of these at a local store and they are amazing!  Soft, comfy, with moderate support.  Not a cloud to walk on, but not minimalist.  The wide size is perfect for my wide feet with high arches.  The shoe tends to run about a half size long though, especially for Nike.  I am working on getting in shape, and these shoes feel good all day... No rubbing on my big toe joint or pinkie toe or heel.  Very pleased. large shoe I always buy the same size this ones came to large Five Stars Nice shoes, fit good My wife loves these shoes. I bought these for my wife. She saw them in the store but did not have their size so i ordered on amazon. She loves them . She already had for a couple of months and no complains at all. One of her favorites shoes for running or for her job since she walks a lot in the warehouse. Now she loves me more. :) Love Love Love Love these shoes. My feet have been weird since I was pregnant and my old shoes were uncomfortable. These are very comfy and help me get active. They are also stylish and go with anything. PERFECT Look better than the picture, very comfortable, great support. Nice shoe Love my new Nike's.  It's been years since I've been able to wear them (sizing changed years ago and I just couldn't wear them any more) but now the new styles and sizing are perfect.  Lightweight shoe with tons of style.  The Fog color is just what I was looking for...not black and not neon!  I wore them to participate in Relay for Life (24 hour walk) and they held up great! I am so happy with this purchase I am so happy with this purchase. I feel like I'm barely wearing a sneaker when working out. Another plus is that when I take off my sneaker, my sock is barely sweaty! I have never had that experience with a shoe. The shoe is also very attractive and flattering and looks nice on my feet. Five Stars Absolutely love them. Can even wear them without my insoles. Cute Super cute shoe however runs wide and big, I'm a size 10 however this size 10 is too big. I went to a sporting goods store and tried the same shoe on  turns out with this particular shoe I'm a 9.5, so order half the size u normally are. Love Wore these for the first time hiking the bluffs. Not the best traction on well worn rocks, but super comfy. No blisters, no achilles pain like with other shoes. Will continue to purchase Nike shoes, because my feet love them for all activities! ( except my home workouts, they drag pretty hard on the carpet) Absolutely Perfect Shoe!! A-MA-ZING!  I needed a good jogging shoe and these make me feel like ""Forest Gump"".  I felt like I was running on a cloud.  I have narrow feet and these fit perfectly.  I am so happy that I am going to purchase another two pair as back-ups for once it's time to replace them.  Highly recommend to women who like to walk or run and light a light weight, comfortable shoe. Comfortable and lightweight Comfortable and lightweight. Need a good training shoe that's also supportive and flexible.  I really like the fit, but had to get 1/2 size larger as this style in my size is too perfect from heel to toe. Five Stars Excellent Awesome shoes! These shoes are awesome!  They are nearly weightless and feel great on my feet.  The first day I wore them I wore them ALL day on vacation.  I put them on the next day and did the same.  Besides the comfort, they are really a cool color! Five Stars Super cute! Five Stars perfect Time to leave the fad of the month for something that works. This is the most comfortable shoe I've ever had. No other shoe can compare to how the individual nubs on the bottom allow your foot to be cushioned, yet work like it's suppose to. My feet feel cradled in this shoe and hard surfaces don't make my feet ache anymore.

These shoes have a small amount of support, but not much, which I like as I'm coming from vibram five fingers. (Sorry vffs, I'm bailing after 2 years of shin splints, no matter what I did).

Highly recommended for walking/running on concrete or tracks. As long as nike continues to make the flex supreme, they will get my money. Please don't change this shoe! A little annoying because I have to pay attention but they are ... I wear them for Zumba and my heel slips on turns. A little annoying because I have to pay attention but they are so cute and comfy, it balances out. Five Stars Nice shoes and the toe area is pretty wide plus plenty long even with socks These run large. I wear a 9.5 exactly in every shoe, but these I bought a 9, and the toe area is pretty wide plus plenty long even with socks. Very comfy and very nice looking shoe. I love them but glad I was able to try them on before purchasing. Five Stars Perfect fit, very comfortable, and a great color. They also fit as expected. Great and comfy for sports Really comfy and nice color A bit pointier toe than depicted... The picture makes the shoe look like it has a ""boxier"" toe rather than the ""pointier"" toe that it actually has. I have wider feet and generally need to buy a size or half size longer to get a comfortable width (in any brand of shoe). I was shooting for a rounder, broader toe design which is more comfortable for me, and I feel that the pictures of this shoe didn't accurately depict what I received, in that one detail. Otherwise, ""the shoe fits."" So I am wearing it. Best shoes ever!!! These are the most comfortable shoes I've used for working out. Extremely light weight and flexible. Loved them so much I purchased two more pair in different colors. Five Stars Very comfortable and looks great! Fits wonderful Love this shoes so comfy and great very everyday use. Runs big Four Stars Nice looking and fit nice Comfortable and lightweight I am a recess aide and on my feet all day long. I tried these shoes on in the store before purchasing them on Amazon. They are very lightweight and comfortable. I was surprised how great they felt. I haven't had a pair of Nikes since Nike shoxs came out. They are so much more lightweight than those. I wore them an entire day the first day and had no problems. The second day; however, I got a pain in my hip to the point where I started limping. As soon as I got home and took them off, the pain was gone the rest of the evening. I'm only 30 by the way. Nothing else in my daily routine changed except wearing these shoes two days in a row. I don't understand why it would make my hip hurt since they are comfortable on my feet, but I'm sure that was the problem. I wore different shoes today and had no pain. I don't think as much as I am on my feet I will be able to wear them an extended amount of time. I will have to rotate wearing them every other day. For normal wear, I believe, people will be fine. I am literally walking or standing six hours a day straight.

**UPDATE: So, initially after wearing them, I had hip pain after wearing them. I don't know if they just needed to be broken in, but I wear them all the time now and have not experienced any pain since the first couple times of wearing them. They are comfortable, and I love them even more now. nice Perfict fit for me. Great looking shoes at a great price. Five Stars The sneakers are very comfortable and fit to size. Wide Feet so Somewhat Tight I've had these shoes for about a week now and have so far enjoyed using them. Considering the fact that I have wide feet, the shoes are slightly tight. However, it doesn't feel uncomfortable nor does it bothers me as I use them throughout my workouts. I know some people personally like when the shoes are a bit tighter or a bit looser so it's all in personal preference. Four Stars I really like them! Four Stars Good light weight shoe...had to add insole for more support. Five Stars I love my tennis shoes LOOKS GOOD, FEELS ICKY! This is a shoe I will wear with black dress pants or jeans when I need comfort and a little style, but I am not impressed.  This is a very flimsy shoe with little support at all.  Not like any Nike I've ever purchased in the past.  It looks nice, but it's not comfortable. Love it!! Definetly recommend it Love it!! Super comfortable and nice!! Got more than I expected, super flexible great for training. Definetly recommend it. Five Stars Excelente Cheap These shoes are poorly constructed and I don't expect them to last more that one summer.  Would not recommend, and will not order another Nike downshifter series again Pretty comfortable pair of running shoes For the price I spent on the pair of shoes, I'd say it's as good as expected.
It's comfortable and doesn't hurt my feet when I run. Five Stars I love this shoes they are so comfortable I absolutely LOVE these shoes I absolutely LOVE these shoes. These are my absolute favorite. So light and comfortable. These are actually my 2nd pair. I am still wearing my 1st pair after 2 years and they look good still. I am just afraid they are going to disappear and I want a back up pair for when my 1st pair wears out. These have been the best shoes I've owned! Five Stars Perfect fit! Comfortable My favorite cross trainers! Five Stars Love them fit perfect Love them! Favorite Nike shoe ever! The flex sole is excellent for someone like me who loves the free feeling of sandals or being barefoot. These move effortlessly with the bend of my foot. I've worn these for multiple activities and I've had no foot or ankle pain. The white/green/dark grey color goes with so many outfits and the mesh breathes perfectly on hot summer days. Highly recommend! Five Stars I wear these everyday to work, the gym, etc. Five Stars Love these shoes! Great fit, very light weight. LOVE my new sneakers! Super comfortable and fit my small feet perfectly. I have flat feet so a lot of shoes are not comfortable for long periods of time. I can wear the shoe all day long and they are super comfortable. They are light colored so any dirt will be seen right away, but they are easy to clean compared to other shoes Ive had. Would definitely buy another pair in a different color. Very confortable! Love these shoes!",Fashion
B00G8Q7JZ4,Beautiful!!!,Beautiful!!! Beautiful mirror finish-very comfortable. Looks great with my white gold engagement ring and you cant beat the price. I have another band like this in a different size that Ive had for 2 years and the finish is still beautiful with no scratches. If you want a beautiful ring at a great price I highly recommend the white tungsten carbide!! Beautiful ring!!! Love the mirror finish - very comfortable - scratchproof. Pairs beautifully with my white gold engagement ring. Five Stars very nice...quick shipment... Five Stars very nice...quick shipment Five Stars very nice ....high quality.... Five Stars looks great Five Stars yes Five Stars perfect,Fashion
B00GKF5BAS,Four Stars,Four Stars Very nice,Fashion
B00I0VHS10,Soft. Strong. Comfortable!!,"Soft. Strong. Comfortable!! Would recomend Love these pants! My favorite workout pants.  Have had them several months and use several times a week.  Keep me dry and stand up to a llt of washing! Good just watch the seams! I ended up having to throw them out. The inside seam and around the private area was unraveling which can't happen when working out. I have a black pair which are just find so I think I got a defective pair. Comfortable Capris WOW!  I love these capris!  I ordered the deep teal and they are a very dark blue/teal (a much deeper prettier color than shown).  I received many compliments the first time I wore them to the gym.  They are super soft and comfortable from the leg all the way to the waist...COMFORTABLE.  They never slip down at the waist and give me full coverage (not see through at all). I am 5' 4"" and 159 pounds and I ordered a medium.  The size fit perfectly although that being said they are longer on me than the photo (probably my short legs) but came 2 inches above my ankle so just below my calf.  Given that I have weight to loose these are very flattering on as well.  They are also a nice stretchy fabric (thus the comfort) and cool.  We are in the high 90's and 100 degree summer weather and I am cool!  Purchase these as you won't be disappointed especially at this price.  I like these better than my Lululemon and Athleta capris!!!  I am back to purchase more!",Fashion
B00LKWYX2I,"You will love the colors, the softness and value","You will love the colors, the softness and value SO CUTE!!  Very good value. Cute style, pretty colors and soft material.",Fashion
B00MLYE8PQ,Good quality for price,"Good quality for price I like it. I wasn't sure if I could pull off this kind of hat, but it looks good and fits nicely.",Fashion
B00ND9047Y,Nice fit,Nice fit I used this for a costume and it worked well. Nice vest. Husband was very happy. He now feels like he would fit in on the set of Downton Abbey.,Fashion
B00RLSCLJM,Beautiful!!!,Beautiful!!! Beautiful mirror finish-very comfortable. Looks great with my white gold engagement ring and you cant beat the price. I have another band like this in a different size that Ive had for 2 years and the finish is still beautiful with no scratches. If you want a beautiful ring at a great price I highly recommend the white tungsten carbide!! Beautiful ring!!! Love the mirror finish - very comfortable - scratchproof. Pairs beautifully with my white gold engagement ring. Five Stars very nice...quick shipment... Five Stars very nice...quick shipment Five Stars very nice ....high quality.... Five Stars looks great Five Stars yes Five Stars perfect Beautiful ring - I love it!!! My ring shipped the same day that I placed the order and was received well before the estimated delivery date. It is absolutely beautiful!! It is a substantial ring without being overly heavy and is very comfortable to wear. I've cooked and cleaned with it on and it is still free of scratches and the finish is beautifully shiny. It also runs true to size. I highly recommend this ring and this seller!! Will definitely do business with them again.,Fashion
B00ZUA6AJK,OK esp. for the price but size 8 mens' is probably the max.,"OK esp. for the price but size 8 mens' is probably the max. I am changing my review after a second washing.
I am a male size 9 wide and after washing  they are a very tight fit. They are mid calf, wide enough at the toe, but snug from toe to heel. That said I think a male size 8 is about it. Larger size feet might have a problem. Quality is OK for the price. You will see these socks sold singly on other sites at $12.99 each!  I like the socks and ordered a second set to put in my daughters Christmas stocking.",Fashion
B010RRWKT4,Love it!! Definetly recommend it,"Love it!! Definetly recommend it Love it!! Super comfortable and nice!! Got more than I expected, super flexible great for training. Definetly recommend it. Five Stars Excelente Cheap These shoes are poorly constructed and I don't expect them to last more that one summer.  Would not recommend, and will not order another Nike downshifter series again Pretty comfortable pair of running shoes For the price I spent on the pair of shoes, I'd say it's as good as expected.
It's comfortable and doesn't hurt my feet when I run. I always get a half size up in my tennis ... I always get a half size up in my tennis shoes. For some reason these feel to big in the heel area and wide. Love them! So light feeling Put them on and walked 3 hours with no problem! Love them! So light feeling Five Stars excelente you feel like you have a lot of room The shoes fit well in the arch area. They are a little wider in the toe area of the shoe, you feel like you have a lot of room. This does not make the shoe uncomfortable, just had to get used to it. Love the shoe. Exactly What I Was Looking For Tried them on in a store before buying online so I knew they'd fit good. Overall I was looking for a durable cross training shoe that would hold up to my rigorous training and these have been great so far. They are really light and comfortable. Most importantly for me they have grips on the bottoms so my feet don't slide out from under me while doing planks, push-ups, etc. Highly satisfied with this purchase. Five Stars I recommend that! Five Stars I love this shoes they are so comfortable I absolutely LOVE these shoes I absolutely LOVE these shoes. These are my absolute favorite. So light and comfortable. These are actually my 2nd pair. I am still wearing my 1st pair after 2 years and they look good still. I am just afraid they are going to disappear and I want a back up pair for when my 1st pair wears out. These have been the best shoes I've owned! Five Stars Perfect fit! Comfortable My favorite cross trainers! Five Stars Love them fit perfect Love them! Favorite Nike shoe ever! The flex sole is excellent for someone like me who loves the free feeling of sandals or being barefoot. These move effortlessly with the bend of my foot. I've worn these for multiple activities and I've had no foot or ankle pain. The white/green/dark grey color goes with so many outfits and the mesh breathes perfectly on hot summer days. Highly recommend! Five Stars I wear these everyday to work, the gym, etc. Five Stars Love these shoes! Great fit, very light weight. LOVE my new sneakers! Super comfortable and fit my small feet perfectly. I have flat feet so a lot of shoes are not comfortable for long periods of time. I can wear the shoe all day long and they are super comfortable. They are light colored so any dirt will be seen right away, but they are easy to clean compared to other shoes Ive had. Would definitely buy another pair in a different color. Very confortable! Love these shoes! Five Stars Comfortable Three Stars Fit fine...did not like color in person somewhat large fit The shoe is too large. When you do lunges it hurts the heel. The shoe size from a local store is the size I ordered from Amazon however the size or fitting seems to be large Five Stars Really great for walking I'm very glad I got these and the color is fun Five Stars Love these shoes. My feet feel so much better. Lots of padding and light enough to run in. Three Stars ok but too big Five Stars Love these shoes.. they are so comfortable. Great Shoe In really like these. I wear between a 9-9.5 womens, I got the 9.5 and they fit perfectly. They are light weight but have good support. I will buy another pair. Love these shoes Love these shoes!
So stylish and comfortable. Just got back from a trip to NYC, Black and white Nikes and yoga pants are in high fashion right now! Its not as comfortable as I was expecting This shoe is JUST OK. Its not as comfortable as I was expecting, compared to my last pair of NIKE shoes. I hope they hold up. Very Comfortable Best tennis shoes I've had all my life. Very comfortable out the box. I would buy 10 pairs of these shoes if had the money. The color pattern and fit is what I liked the most what I liked the least is that ... The color pattern and fit is what I liked the most what I liked the least is that they are not easy to clean and stains do not come out very easy or at all Great shoe for the price! love these shoes. Workout in them 3-4 times a week at the gym. I do treadmill, stairmaster, cardio classes and weight lifting. lightweight and versatile shoe. Great shoe! Great shoe. I've had Nike's before and have always been pleased with the comfort, performance, and quality. Though I will say this was the first time I ordered a pair online without trying them on first, so I was nervous. But this turned out to be a great choice. Breathable, lightweight but sturdy, and comfortable during all my workouts. The built-in arch support is great and I've had no discomfort after 2 weeks of use. As far as the sole thickness and cushioning goes, I would consider these a 'medium' build (not thin, not overly thick) so if you're into heavy running outdoors then take that into consideration. Everyone is different in their preference for cushioning, but I think for light runs on a treadmill they would be sufficient. Love these, highly recommend! Three Stars The material is real then hope they don't fall apart . to expensive for what you get. Three Stars Nice Five Stars Gracias Love these shoes Love these shoes!! They are true to size and very comfortable!! This is my second pair - I wore out the first pair!! Good arch support - I have a high arch!! Five Stars  Great cross trainer Great arch support and comfortable. They are comfortable for the most but just a bit narrow It looks a bit nicer on the picture. Its very light in such a way that when I held the box I wondered if there was just paper filling inside. They are comfortable for the most. Good looking training shoes overall. staple sneakers second pair. Comfortable and great for people with bunion issues or previous surgeries.  Sole wears great Great looking shoe My daughter loves these shoes. Fit true to size. Great shoes. Purchased for my daughter for gym class.  She loves them.  Very cute and very comfortable. Style 10/10, Comfort 3/10 Great look but zero support inside the shoe. Had to buy expensive inserts to be wearable. Expected more from a nike shoe. these shoes are great! Very lightweight and fits comfortably on my feet ... Straight out of the box, these shoes are great! Very lightweight and fits comfortably on my feet like a glove! I love most especially that the sole is not bulky like my previous running shoes  I hated those things lol! I would give them a shot and they are great for the price! Great shoes. Fit perfectly Great shoes. Fit perfectly. Comfortable right from the start. Light weight and perfect for a 12 hour work shift. Good price also. Five Stars I love them! They fit perfect and are very comfortable!! Perfect. Lightweight and comfortable all day Love these lightweight shoes! Absolute favorite. Always order half a size bigger with nike shoes than with every other shoe in my closet. My knees feel better so so hard so good My knees were bothering me during HIIT workouts so i  purchased these shoes after researching many styles.  Fit true to size and are lightweight.  My knees feel better so so hard so good.  They are cute in too!! Five Stars Love the color! Comfortable, lightweight Xtrainer Comfortable athletic shoe,  good for the gym (ellipical, tredmill, etc.) Fit is good, and shoe is really lightweight and comfy. Great shoe! The shoes fit perfectly and came within the time frame i was given.  Very comfortable, which is needed since my job requires a lot if standing abd walking throughout the day. Returned...looked cheap They looked very cheap Fits to size The fit is as expected Very comfortable shoes. This is my second pair of this ... Very comfortable shoes. This is my second pair of this style of shoe because I loved them that much. Sleek and sporty Comfortable, consistent each time I order and good looking I love the shoes and the description and photos were accurate I love the shoe and it fit as expected the photos and description are accurate if you're looking for a shoe that has more cushion or support try a different style but as far as wanting a lightweight and breathable shoe this is it. I am very satisfied with this purchase Great fit! These are so cute and comfortable and very light. I just received them today and the fit is perfect. I normally wear an 8 1/2 and they are true to size! Lightweight I always order a 1/2 size up in workout shoes. Squeaky soles I wore these shoe one time, from the airport in Omaha, NE to the airport in Phoenix, AZ. When I arrived in Phoenix, the left shoe/sole started squeaking and won't stop. I want to return for a refund. Need instructions for returning as no paperwork was in my package when it arrived. Two Stars They run big and are super uncomfortable and the soles squeak. They don't breathe at all. Comfortable and Exactly what I expected! Comfortable and chic Their Cute and Pink They were a gift  to my daughter she loved them Five Stars Love these comfy shoes. they fit like a glove. Smooth and confortable. Very confortable. Five Stars i love these shoes. decent arch support and comfortably to wear all day doing regular activity and sprinting Lightweight, decent arch support and comfortably to wear all day doing regular activity and sprinting. Five Stars daughter loves them Good shoes I ordered a 1/2 size smaller than my usual size, and they are perfect. These shoes are hard to find. Great customer service as well. Good shoes Very good overall.
Now Ive been a huge Sketchers Go Walk fan for some time and the only reason I tried these instead of the latest number 4 of those is because the tread looked too slippery to me.
These shoes are very sturdy and the grip of the soles has been very solid so far. I use them for basic workout cardio and cross training, as well as work as a massage therapist (I go through shoes fast enough that Ive recently consolidated).
If you're a Go Walk fan, these do not offer the same level of cushion-comfort as those, HOWEVER, they offer the kind of long-term comfort to make them a durable option.
The material of the shoes seem very durable and the breathable. My feet do not feel hot in them.
Now these shoes are ideal for a basic workout or cross training, I would not get them to do 25,000 steps in Walt Disney World.
Solid choice, overall. Five Stars Wife loves them! Five Stars These shoes are extremely comfortable, and fit as expected.  Will purchase again. One Star Artculo equivocado en color Glad I read the reviews and ordered a half size ... Glad I read the reviews and ordered a half size too big. These are light weight. I worked out in them last night and had a great work out. They are very comfortable. I would recommend these to anyone. I am a Beach Body Coach and these are now my new favorite shoes to work out in. I feel like I am walking in slippers when I wear these shoes. They are so comfortable. I LOVE them so much. I never buy myself anything nice and for Christmas got an Amazon gift card and used it to buy myself these sneakers and they are so awesome. I really do love them and have been telling all my friends about them. GET THESE SHOES! Not in perfect condition On the left shoe, there were two stained yellow spots. Very comfortable, cute, and long-lasting I love these, I had the previous iteration (or maybe two earlier?) and finally wore them out after several years. They are definitely a light-weight training shoe so I wouldn't get them if you are going to be doing a lot of running. But this also makes them extremely comfortable, I hadn't realized how hot running shoes made my feet until I switched to these. Good support and my feet stay cool all day, also noticeably light but well-made and long lasting.

I have worn them hiking in a pinch but don't really recommend it because the material is mesh-like and will let a lot of dirt in. But if you mainly take cardio classes and/or do weight training or just need something to wear around town look no further. Super light-weight, nice tread and arch support - love them so far! Super light-weight, decent arch support (mine is higher than average).  I was pleasantly surprised by the sole/tread on these for my circuit training classes, as I couldn't really tell by online pics.  Also pleasantly surprised that these ran ever so slightly bigger than Nike running shoes I use to wear 15+years ago - I always wore one to 1.5 sizes larger in their ""Hurache's""/running shoes, so I was really worried my size 6 would be too small - there is actually more toe room in these shoes than any other size 6 shoe I own (athletic, heel, boot).  But it is the correct amount of room from big toe to edge of shoe for me (an inch or less, I don't want my big toe being jammed into edge of shoe when lunging, jumping, etc.).  Shoes arrived with an odd yellowish color on side of one shoe, but no damage to box, paper lining etc - I was happy that a clorox wipe easily cleaned the shoe and did not discolor any further.  I am very happy and highly recommend, although I have only worked out it once! Five Stars I Love it. It is very light and the color is great. My wife loves these shoes. We have both been ... My wife loves these shoes. We have both been wearing sketchers and new balance for several years and recently we have both purchased Nike. There is a reason why Nike is still number 1 after all these years, you just cant beat their comfort. New Favorite Shoes Absolutly love these shoes!! Beautiful color, comfy, and lightweight Foam compresses I **loved** these shoes when I got them. I've noticed that the foam inside tends to compress during a workout, though. I'll lace them tightly enough that they're nearly cutting off my circulation. 20 minutes later, I'm sliding out of them while doing sled pushes. Five Stars She loves them I usually wear a 9 but could have easily ordered a 8 These are a bit longer than they should be. I usually wear a 9 but could have easily ordered a 8.5. The width is accurate.

The pink is even pinker than shown and the light gray is over the very bright pink so it isn't as gray as shown in the picture. It makes the shoe a bit overwhelming. Also two grommets on each shoe is dark. I'm not referring to the dark grommets closer to the toe as shown in the photo, I'm talking about two grommets up at the top of of the laces (opposite side of side shown in photo). I thought it was faulty at first until I noticed they were on the same side of each shoe. Kind of odd and not pictured.

Overall, they are very comfortable shoes which is why I am keeping them...even if you can see me coming from a mile away. Five Stars great Five Stars c Five Stars Love them! Fits snug Very nice shoe, just a bit to snug/small for my foot. The Flex wire really makes it the shoe fit tight to your foot. I need more ""wiggle"" room in my footwear, otherwise I would have kept them. Not sure why, but my mid section of my ... Not sure why, but my mid section of my foot starts to hurt using these shoes for a long day or a tough workout at the gym. I've owned other nike shoes of this line but that never happened to me. Love My New Gym shoes! Love them Five Stars Perfect! Five Stars Perfect! TOO NARROW! I usually wear a size 8 and they fit fine. These are way too narrow. Thought they might stretch out but they didnt. Had to give away. Consider sizing down 1 size Great shoe! Outside arch is kind of high, but I'm still breaking them in. So I'm sure that will work it's way out. I originally ordered a 9, my regular size, and it was a tad too big. Returned and ordered an 8.5 and it fits perfect! Seem to Run Big I had to return the first pair and buy a 1/2 size smaller.  First time I've had to buy smaller for Nike. Five Stars Fit comfortable Perfect for trails My favorite running shoes!  The wall of the shoe is very thin, which makes them very comfortable to wear if your feet swell as you run.  I would not recommend for use on concrete or a treadmill, as there isn't very much impact absorption, but they are perfect for trail running! Four Stars Nice fit Zumba) - and really wanted to like them, since I loved the color and the ... I bought these for gym training - weight class and dance class (body jam, Zumba) - and really wanted to like them, since I loved the color and the light weight feel. But when I worked out high impact, my toes tingled, went numb and cramped because the toe bed is very narrow. Also, there wasn't enough cushion for me. When doing lunges, the ball of my feet hurt. Can't return them because I wore them several times. These might be fine for someone with a narrow foot. Five Stars They fit perfect, extremely comfortable Three Stars No arch support but l love the colors! Size problem Shoe was somewhat large Five Stars love them! True to size, would recommend This is a great shoe for in gym workouts. I did take a 10 mile hike and had a blister on my pinky, but other than that these are very comfortable shoes! Best birthday present Comfortable and light Purchased these for my wife as she has a similar ... Purchased these for my wife as she has a similar pair that is wearing out.  She has feet are difficult to fit and these fit perfectly without pressure on sensitive portions of her feet. I have pretty high arches and my calves always hurt at the ... I have pretty high arches and my calves always hurt at the gym with other shoes. I have been on the hunt for a good cross trainer that I can use to lift, take gym classes, and lightly jog/run on the treadmill. These have been wonderful! I don't ever have any pain in my calves or my feet when wearing these and they fit like a glove. Highly recommend! Five Stars Great shoes Five Stars These were exactly what I expected. Five Stars Love love love They are really light and not as sturdy as what I was looking for but over all ... I always wear a womans 9 in Nikes but these are bigger than usual. The right one almost slips off my foot a bit.  They are really light and not as sturdy as what I was looking for but over all not bad. Five Stars These shoes are awesome!! l always buy Nike shoes and been happy so far l always buy Nike shoes and been happy so far, but this time my left shoe fit perfectly while the right shoe was too loose on my heal and when I tighten it more it was hurting side of my foot. Honestly Fantastic Shoes Bought these as my back up shoes but they have turned into my daily ones I go to! So comfortable and my feet don't hurt after long hours on my feet. I own a cleaning business so I need my feet not to hurt in the middle of the day. Absolutely love these shoes and color Absolutely love these shoes and color!! They are perfect for running! I run roughly 4 miles 3x per week. This is my second or 3rd pair of this exact style. Fit is perfect! Five Stars Super comfy! Nike runs small Ordered half a size larger than my usual shoe size and fits perfectly. Five Stars Fit well. Five Stars The fit was perfect! I Highly recommend this shoe. Very Happy Customer Obsessed with these shoes! I was looking for good all around sneakers (running, walking, tennis, etc.) and these more than fit the bill. I was looking specifically for black nikes (I love the fit) with white soles (good for court sports); I was a little reluctant to purchase because I wasn't sure whether the black on the soles would contact the ground, but it doesn't! and very comfortable. Cute shoe, fit as expected, and very comfortable. nice sneakers. Fit as expected On time, nice sneakers. Fit as expected. 5 stars Perfect fit, as always. Five Stars Great shoe, very comfortable Five Stars Love these sneakers! Perfect fit and super light These shoes fit like a glove These shoes fit like a glove! Light but very supportive! I have worn them several times and feel very light on my feet. Five Stars Fit true to size Five Stars Love the fit Nike always makes a good shoe. Nike always makes a good shoe ..abit rough breaking them in but after 9 hours on my feet anyone's feet would hurt abit One Star Oops! I returned these because I ordered wrong size! Five Stars Extremely comfortable sneaker!  Shoes Good looking shoe Love these shoes I have had this style before in a different color and have received many compliments on the shoes.  They are great walking shoes!  I wear orthotics and these shoes are one of the best I have found to accommodate them for fit. I loved these shoes I loved these shoes...that is until after about an hour of wear, the green inserts on the sole of the right show began falling off. The wear was in my home, on smooth floors. I can only assume they were defective. perfect Great! Super comfy and cute! No issues and fit perfect! Five Stars Good shoes found a Ryka pair I liked I returned them...found a Ryka pair I liked better Five Stars BEST sneakers I've ever purchased!!!! Five Stars Excellent ...!!! the best sneakers by far the best sneakers by far! I had never owned a pair of Nike sneakers, and I went solely on the reviews by others...
And I absolutely loved them!! Classically comfortable and durable Love these shoes. I've been buying Nikes for years now. I bought this pair for work and everyday wear and another pair for working out and active wear. They also last a long time in my opinion, especially if you take care of them. Four Stars Right one is slightly tight.. hope it will stretch out.. !! the Nike Womens Flex Trainer 6 is way better looking and costs about the same They're ugly: the toe is rounded and the material is weird. the Nike Womens Flex Trainer 6 is way better looking and costs about the same. Five Stars So lightweight and awesome! Five Stars Luv them!! Love the color and fit Love the color and fit. I use them to work on at the gym on the treadmill and they are very light and comfortable. OK Bought these shoes with HIIT in mind, but not too sure how I like the fit on my foot. First time to wear them, not great for running. Maybe after they're broken in a little they'll get better. If you just need a comfortable pair of shoes for walking, they're fine. Great fit! My daughter loves them. Great fit! Very satisfied with the seller - delivered on time This is a very attractive shoe. It is true to size and fits as expected. Very satisfied with the seller - delivered on time. Four Stars Fits good, very lightweight. Comfortable shoe for both workout sessions and walking Comfortable shoe for both workout sessions and walking.  Neither too bulky nor too light.  This is my second pair because they fit and have no neon or pink colors, just nice basic B&W. Five Stars  Five Stars Nice These are the best shoes I have ever use for my workouts These are the best shoes I have ever use for my workouts!!! I love them and buy them in bulk!!! LOL I love these shoes I love these shoes.  They fit as expected and they look really nice on.  These shoes have a narrow base which I really like.  I don't like the ones that make your foot look wide. Five Stars Love this product.  Great fit. Low cut heels Very low cut heel so if you training and pushing sleds - I ran right out of shoes! Although the traction on toe and heel are great Perfect Just what I needed for Group Fight class. Quick movements and footwork are so easy in these sneakers. Love them. Exactly what I wanted Love! Great price too. Light shoes It's been a long time since I've worked a cross training shoe. This shoe is very light and minimally passed compared to running shoes. That's not meant to be a knock, just a fact.

I ordered the shoes half a size up because as a former runner, I'm used to my feet needing room to spread and swell. I wish I hadn't because they feel a little roomy. I have orthotics, so I think I can remedy the issue once I swap those in.

Otherwise, very good shoes Good indoor training shoes Good indoor training shoes for running on treadmill, doing lunges and regular exercises at the gym. These are very flexible, light weight and comfortable. Grip is okay - sticky rubber is used only at the edges of heel and toe areas so I slipped a little when I worked on cable machines, resistance band, etc. on un-carpeted floor.  I would emphasize that if you do lifting as a part of your everyday routine workout I would not recommend them because mine (cushion) lasted only for six months and this is the reason I gave three stars. Other than that, I liked them! So Perf. Perf. Five Stars Best shoes ever!!! Five Stars Fit good Great work out shoe I use these for my Cardio Dance class and they are perfect and very cute. I would definitely recommend. They also cam earlier than expected!! I love these shoes so much that I reordered another pair ... I love these shoes so much that  I reordered another pair online. It's hard to find shoes that fit my really wide feet! The heel back is my favorite part on them, they're thin and feel like another layer of skin, not bulky or tight at all.  I walked all over Europe in these! Comfortable, light weight, nice. Love these sneakers. Light weight and comfortable even without socks. Four Stars Nice product I feel like this pair of shoes was made for my feet I feel like this pair of shoes was made for my feet. Great fit and comfort! Very pleased with this purchase. Awesome shoes!!! Quick tranasaction!!!  Loved the shoes!!!  Would purchase from them again!!! Just wasn't what i was looking for I got the impression it's cushiony and comfy by reading the reviews on this product, when i tried it on it was a much firmer than my other work shoes, i'm standing all day and need enough support and comfort, this isn't the right product for that.
So i had to return it, but i would assume it would work fine for training.

It looks decent and clean. and seems sturdy.  just not the right thing for me.
I was refunded instantly upon returning so.. credit for that. So comfortable, I don't even feel like I have a ... So comfortable, I don't even feel like I have a sneaker on. Based on the other reviews I got a half a size up and glad I did. Five Stars they are very comfortable feel like you have nothing on. Five Stars My favorite nike shoe Five Stars Super comfortable and extremely lightweight. Great for crossfit! Five Stars Beautiful I love them comfy Falling apart already!! I've not even had them a month and the bottom is coming off. I'm not happy! Five Stars Love them! Fit exactly as expected in length and width! I would definitely buy these again. Five Stars Great shoes love the fit My second pair, love the fit, light weight and great support. Nike I have wide feet and these were too narrow but very nice looking. Nope Ugh... way to large - is this for a man? It is comfortable. The shoe fit has expected. It is comfortable. Perfect cross trainers They fit great, look great, are quite comfortable and are just what I was looking for! Great training shoes Super comfy, true Size , I use them for boot Camp,  cross fit and they are great , absolutely recommended it. Amazing training Sneakers. Love them absolutely comfortable. I'm very picky with sneakers and this ones for the price are great I use them for cross fit , boot camp & they work great . The sole is very flexible , true size . I have a wide feet and they fit perfectly. Very nice looking Great sneakers. HIIT shoes Wife happy with fit. Four Stars They run big. Order a full size smaller. Lack support but overall good shoe Super light and very comfortable. I'm a runner and they lack a bit in arch support, so the soles of my feet are a sore. I'm going to add an insert to try fix the problem. Adorable shoes Just because they are white, they do need a washing regularly but I have received many compliments on how pretty these white and pink shoes are. Extremely good Nike quality. Highly recommended. Wide sneaker for wide feet Arrived in time. Fit as exoected. They take some breaking in but I wore them 2 days in a row for more than five hours per day. I've been using these to exercise and they are nice a roomy and allow my feet to breath I've been using these to exercise and they are nice a roomy and allow my feet to breath. Also love the colors. Five Stars Comfortable from the start and very light. Five Stars As expected. Great training shoes Lightweight, comfortable, supportive. Very happy I bought these shoes for working out. Five Stars I love these and have them in a light blue too. Very light weight, airy, and comfortable. Five Stars good quality Four Stars Very comfortable sneakers and I also like the way it fits. and they were great! Super comfortable Purchased to wear for weightlifting and Zumba. Zumba trial was last night, and they were great! Super comfortable, good ventilation! Not too much padding, very minimalist, which is just what I wanted Five Stars Comfortable and lightweight. I love these shoes my second pair of 40 plus $ ... I love these shoes my second pair of 40 plus $ shoes and they both have certainly out done the $100 K-swiss that I'm looking to return . The shoes are extremely comfortable, all my clients love them, just wish they came in more colors. They fit as expected and perfect for training They fit as expected and perfect for training, the shoelaces are a little bit too long. Other than that these shoes are as I expected them ! Five Stars Extremely well fitting and light weight Five Stars Perfect Five Stars Love them Very Good For Everyday I love these shoes and have worn them for a long time. That are comfy, thinner on the top & sole and are very cute! Great shoes Fast shipping and turned out as expected. Couldn't be happier. Love these shoes I have been wearing for a solid week during my work outs & they are great for comfort and they are light weight. Five Stars Love these shoes for circuit training. Super comfortable. I joined Cross Fit and this is ... Super comfortable. I joined Cross Fit and this is the perfect shoe. Five Stars just do it :) Sooo comfortable Love these, comfortable, light weight, great fit. So happy. I love this show. the shoe is nice and provides well for my HIIT and Grit classes ... The shoes are true to size. I am used to wearing running shoes so these have been an adjustment. Overall, the shoe is nice and provides well for my HIIT and Grit classes I take. Look amazing, runs slightly big. Love them!  I ordered an 8.5 because I usually wear that size but these are a bit big. I wish I ordered an 8. They are really comfortable and I enjoy wearing them. Four Stars Very comfortable. Five Stars Very nice shoes.  Comfortable. Five Stars Very comfortable. I love wearing them. Five Stars Great fit so comfortable love them!!!!! Decent little shoe for the price. A nice lightweight shoe. Not a lot of cushion so I wouldn't run long distances in them. Attractive and fit well I really love these shoes.  They are attractive and very comfortable.  They work well for my daily workout and fit well. Runs large Comfortable shoe.  First time I've ever bought nikes that feel so large.  It feels about 1/2 size too big.  I bought 7.5.  I normally wear exactly that size and on occasion an 8. One Star Ordered 9(m) received 9 Wide for the second time. Returned them for the second time. Five Stars Nice shoes I love the fit and they provide support for walking This is my second pair of these shoes.  I love the fit and they provide support for walking.  I like the way the shoes fit around my ankle, as many shoes are uncomfortable because they come up too high in the back.  Try them! Good Shoes! There is about a 1/2 inch of extra space from the tip of my big toe to the front of the shoe. That's okay, though. I usually wear socks, so it doesn't feel too big, even if it does make your foot look a bit long.

The colors are vibrant, and the sole has plenty of grip, even on a slippery floor. I wore them for most of the day and they are comfortable.

Overall, I'm very pleased with this shoe. Great shoes Got them for my girlfriend. She loves them. Says it's like wearing slippers because they are incredibly light. Good shoe Serves intended purpose Five Stars They are super comfortable. Loving them. Love These Shoes! I have gotten so many compliments on the blue color and look of this shoe.  It is super comfortable.  The grip is wonderful for my indoor gym cross training classes.  I always order a half size larger in Nike brand shoes and thy fit perfectly as I did with this shoe. Not my favorites... Fit is fine, but not much cushioning in the footbed. The first time wearing them on a long walk I developed a blister on the bottom of my foot. Perfect for the gym Perfect for the gym, could use a little more support in the toe area but very comfortable and light. Fit true to size. Meh Meh, felt very comfortable but provided no support. Seem like a good option for walking around in the summer but not for aerobics or lateral movements Five Stars Love these! Super light and comfortable! Five Stars Loved the products and services!! Hurry before they're gone! It's hard to find a lightweight athletic shoe with a wide toe box. This shoe has that. I am happy with the support for walking and everyday wear. I wouldn't run in them. Now I just have to stock up on as many pair as I can afford before Nike discontinues them :). Don't you hate when that happens? Amazing The shoes are amazing,very comfortable and fit as expected highly recommended. :) Five Stars Super comfy!! Not quite wide enough I needed a wide size, that option was not available. So I went up a half size bigger hoping that would work. It's not quite comfortable but I am  able to wear them. I like the shoes. Not quite wide enough I needed a wide size, that option was not available. So I went up a half size bigger hoping that would work. It's not quite comfortable but I am  able to wear them. I like the shoes. Five Stars Look great Simple look, outstanding comfort! I love these shoes. I am rather basic when it comes to Nikes, I don't need all the cool colors, so these look amazing and feel amazing, like they were made for my feet. I definitely suggest purchasing them. My second favorite. Cute and comfy. Sleek design. My only complaint is the fly wire loosens up and my shoe sometimes slips off my heels during heavy sled runs. I have two pairs of this style. Five Stars I love them! Fit to actual size. normally Nike fits small so we go up a half size. These actually fit to my wife's appropriate size. So be ware when you order. Five Stars love these shoes. use them to workout inside and to work Too small, flimsy upper I was shocked at how small these shoes were, not true at all to size, and I own multiple shoes in this brand. The quality could have been better, in my opinion -- very little support from the upper. Great for kickboxing Great shoes - was looking for something to replace my barefeet so I can wear orthotics while kickboxing. These are light weight, hug my feet comfortably and have a thinner upper so I can still feel the bag when I kick AND they have good lateral stability. My feet are on the narrow side so it's hard to find shoes that are snug enough. These are perfect. Oh, and they are really cute too. These shoes are great for walking - so very comfortable They fit perfectly. These shoes are great for walking - so very comfortable. Love them. Good choice for training shoe Good fit and comfy.  Not so cushiony so definetly better for training and not for running or aerobics. Bought size 8 which is my usual size. Five Stars Light weight and comfortable They are slightly longer in look then I was would like but I think that is typical of cross trainers I was wearing running shoes for cardio dance classes at the gym because I thought they would be sufficient. After getting 2 blood blisters I did some research and found out cross trainers would be more appropriate which is how I ended up buying this pair. They are slightly longer in look then I  would like but I think that is typical of cross trainers. Also, the lacing is done in a way that allows you to tie too tightly if you're not careful (my toes were tingling during one particular work out when I had done this). Other then that I am very happy with the shoes. I love them but they are definitely bright orange/coral and not ... Nikes usually run small and I'm a 7.5, so I ordered these in an 8 and they were actually very roomy.  I love them but they are definitely bright orange/coral and not bright crimson like the description said.  I thought they'd be more red in hue to wear with my Ohio State clothes, but instead I use them for running. Color was not at all what i expected. It ... Color was not at all what i expected.  It was more orange then red.  Not sure that I am going to keep them. Super cute and on sale!! Perfect fit! Brand new in new box completely perfect condition and on sale!!! Awesome! Highly reccomend! Super cute shoes. Three Stars Squeaky then you should pretty much know your size If you wear Nike on the regular, then you should pretty much know your size. I wear only 7's in Nike, and it fit just as expected. I have many of the trail runner generations, and love them all. they're my go to sneakers for the gym use, or casual wear. I have a pair I used mostly for casual wear that have lasted about 5 years. Another pair that I used for cross fit/outdoor runs that lasted a little over a year (very vigorous daily use). All in all, these shoes are great for me. They're lightweight, and comfortable. Nice Support Great arch support and cushion both for the heel and ball of the foot. Great aerobic shoe! Good Sneaker Good quality, perfect fit.  It's a Nike! Satisfied Size 8, but purchased 8.5 for a more comfortable feel, considering shrinkage as a result of perspiration. Too large I've always gotten this size in Nike shoes with similar description, but these are too long- at least an inch and 1/2. colors look great together. Very lightweight. Normal Nike quality. Pink is very bright , colors look great together. Five Stars Love them!! but if I wear thick socks they are fine. Also Arrived on time. I probably should have gone with a 7.5 instead of an 8 because they do seem a little big, but if I wear thick socks they are fine. Also, they can sometimes make a very annoying squeaky noise when I run on certain surfaces so I'm trying to get them worn in. Over-all, I am satisfied with my purchase! Poor quality for Nike After less than a week the sole ripped off on the outside of the shoe 4/5 The lines don't really show up unless there is a bright light on them. But other than that they are perfect. They are very true to size and are comfortable the first time you put them on. LOVE! I love these!  I ordered an 8.5 which is my normal shoe size and they fit great.  I used them for my strength training class and they performed well, and they are sooooo pretty!  Comfortable, low profile and stylish! Five Stars Cute and comfortable Five Stars Very comfortable. Correct size Sizing was perfect as ordered. Quality appears good, still new, not too much more to report. Perfect for the gym Size really depends on the brand.  I wear a 6.5 in Nike and they fit me perfectly.  These shoes are comfortable, they wrap around my feet like a bandage but do not restrict movement. ... opened the box to see the color is exactly like the image shows I was really excited when I opened the box to see the color is exactly like the image shows! I have the Nike flex tr 5 and used the same size to order these. They are a little bigger than expected but still comfortable. I ordered the Nike Women's Flex Supreme TR3 instead and love them! Returning these. the pictures on here make the shoe appear all black with a touch of pink in the check. however, the whole shoe has pink coming through. I was looking for an all black shoe. I ordered the Nike Women's Flex Supreme TR3 instead and love them!!! so light & comfortable! wow these are the most comfortable, light weight shoes. I love them!! Five Stars love the lightweight and the fit Five Stars fits perfect, my daughter loves them these were a perfect fit. They are light and very comfortable Finally, after trying about 10 pairs of Nike's, these were a perfect fit.  They are light and very comfortable, I really just forget about my feet when I'm wearing them. Five Stars Came quick and my daughter LOVES them Five Stars Great Gift - she loved it!  It's a nice shoe! Just what I wanted! Perfect! Bought these for my daughter and she loves them. ... Bought these for my daughter and she loves them.  She tried them on at a retail store a couple months prior, so I knew her exact size. Five Stars Great product and fast shipping! Tried one in the store and bought it online but ... Tried one in the store and bought it online but it was a different  kind of shoe . Too big , different fit ! I had the older generation of this shoe that survived ... I had the older generation of this shoe that survived 2 or 3 mud runs and of all my aches and pains, my feet was not one of them. This is because of this shoe. Nike really dropped the mic with this. Five Stars This pair fits perfect.....the first pair was wrong size in the right box.....definitely order again!!!!! Not true to size I returned these as they were not true to size. They ran large. One Star wrong shoes Nice There very nice Great I actually have 3 pairs of these trainers.  They are very comfortable, there is a neoprene sleeve that goes around your ankle that makes them the most comfortable for me compared to normal athletic shoes.  They run a little narrow - for me this is perfect, but you may want to round up on the size or try on in the store first if your feet are on the wider side. Four Stars Just too big otherwise I liked them! Four Stars Comfortable shoe.  I would buy again Four Stars Light weight and comfortable. Five Stars Fit my size perfectly and very comfortable! Five Stars Love these shoes! Needed new running shoes and these are perfect. Light weight and fit great! Five Stars Purchased these for our teenage daughter. She loves them. For both casual wear and sports. Love them Love these shoes, I have worn them all day and found them really comfortable with no aching feet at the end of the day. Fantastic colour and true to size. I also bought  Nike Women's Flex Supreme Tr 3 Pnk Pw/Mtllc Slvr/Cl Gry/White Training Shoe and these shoes are slightly more comfortable than those even though they look very similar. Super light weight versatile Super light weight comfortable! Kick box in these and run too. Good support! very comfortable but limited use i bought a pair from DSW for 50$ and they are very comfortable but i bought a size 6.5 when I normally where a size 7.  and even the 6.5 feels a little roomy.  I have wide flat feet btw.  im not sure if I will keep them even though i love their look and comfort.  I've been having feet problems while taking a gym class and I think they won't give me enough support when running.  they're great for wearing at home or gym and doing exercises in one place- extremely light weight and flexible, but i don't know if they'll last long if you use them everywhere else.  :(  i really like them but i cant just buy 2 different shoes.
also, i really like the strings inside the lining on the side of the shoes to adjust and make the shoe fit snug. it makes me feel secure :D Four Stars Not a lot of arch support but really lightweight. Five Stars EXCELLENT Not for aerobic exercise Good for non-aerobic workout. Mesh was very comfortable but no support for lateral movrment. Favorite Nikes ever Favorite Nikes ever. I already owned this style and was ready for a new pair so I went with these. Love the color and they fit great. Four Stars Light-weight comfy shoes. ... of shoes for cross training and these were the best! Tried a lot of shoes for cross training and these were the best! Overall, a grwat shoe. Wish they had a little more support/cushion, but I love everything else about them! These are as far as comfort goes the most comfortable pair of sneakers I have I suffer from sciatica ... These are as far as comfort goes the most comfortable pair of sneakers I have I suffer from sciatica pain that goes into my feet I have difficulty finding the proper support and comfort in shoes I would recommend these most definitely. They feel good but I will not recommended if you need Wide ... After my purchased I found out they are overpriced. They feel good but I will not recommended if you need Wide fit. Get a half-size or more larger than usual. I bought a pair of these in my size, but they are too small. I can get my feet in them but not comfortably. It's too bad because I can tell the soles are comfortable. Of course, now I've work them to work so I can't return them. Love them! Very comfortable and great for weight training Love them!  Very comfortable and great for weight training! Not as expected Took other reviewers advice and went up half size and it was too large. I thought this was a more sock-like fit but it had a tongue that came up high on my ankle not at all sock like. Nice looking and very light weight with a rounded square toe that left plenty of room front foot and toes. These just weren't what I was looking for. Five Stars Really comfortable and very cute. Really Comfortable Shoes These shoes are great.  This is the second pair that I have purchased and I love them. Five Stars Fit to size. Comfortable Worth it. Picky daughter actually loves them. Great sneakers! Fit like a dream! Great for cross-training/HITT videos I do everyday. Great for walking too. Look amazing! Lightweight yet supportive Most comfortable training shoes I've worn in a long time. but like them so far I bought these sneakers for boot camp class.  They are very light weight and different than other sneakers that I have owned.  Have only used them a few times, but like them so far. Great red color I got a hot spot on the bottom of my foot the first day I wore them. they'll work great!: ) Still breaking them in for use at the gym.  I think once I get used to them, they'll work great!  :) Shoes looked great but too narrow for most feet Not a fan. Shoes looked great but too narrow for most feet. I love these shoes I love these shoes. I exercise in them as well as just take them on longer walks. Feels good, looks GREAT!! Five Stars fits perfect Very comfortable shoes. I have wide feet with falling arches Very comfortable shoes. I have wide feet with falling arches. These help both and are comfortable enough that I can be in them all day long. Did not fit my feet Unfortunately, this Flex Supreme does NOT have enough support over the toe and ankle are for my requirements.
Returning for credit.  Thanks anyway. Poor Quality. Don't buy. After using this shoes seven times for regular activities like walking or dancing the sole came out. I am very disappointed. I don't recommend this product at all. The worse part is that I can not return this item because the return window closed 4 days ago. Five Stars Fit like gloves to my feet! Perfect for workouts. Does the job! I've worn these to work out for 5 days in a row now. Initially, my arches ached but over time the discomfort subsided entirely. I've done everything from bootcamps, resistance training, running and Zumba. So yeah.., they are truly crosstrainers ;-) I liked these shoes a lot I liked these shoes a lot. Very light weight. I didn't give a 5 because the color was a little lighter than I thought it was going to be but still a great shoe. Very comfortable Five Stars Love them !!! Five Stars I love these shoes! Great arch support and perfect for cardio. ... crossfit and find that these shoes help give me good support with my endurance workouts I workout at the local crossfit and find that these shoes help give me good support  with my endurance workouts. Unnacceptable. Zero support These shoes look really great. However, slightly loose. The problems with lack of support arose when I exercised. It feels like there is little to no support in them. Possibly this is a shoe more geared for an office environment or short walking distances. Great for walking! These are my favorite walk around shoes! I can wear them all day and not be in pain! Love em! Simply Supreme. Favorite training and walking-around sneakers.
They look good with just about anything, and are comfortable for most situations.
With the exception of running (for which I use proper Mizuno running sneakers with an arch-support insole), these sneakers are my go-to.
If I could, I'd take away a 1/2 star for arch support - I have a slightly wider front of the foot and arches that are a little on the high side, so I do look for a good under the foot fit. I could probably tie the laces differently or put in an insole(they're pretty expensive), but as is, when I did a zumba class in these, my arch began to twinge :(
However, this is overall an awesome shoe that I will continue to stick with for going out, day to day walking, and for training and gym use (with the exception of running and zumba (although hip-hop was fine). The shoes have a great flexibility to them and don't look ""dirty"" easily. My previous pair of flex supreme TR 3s have lasted for a good 2 years and are just now on the verge of being worn out. This is the optimal sneaker that is flexible in more ways than one: from pointing you toes to leg-pressing, from gym use to shopping to adding a sporty edge to a dressy night out, the flex has it all. Soooo comfortable..... Love these! I have 3 pairs...they're so comfortable - I'm on my feet all day & my feet actually don't hurt at the end of the day when I wear these :)
I've learned to get these 1/2 size smaller....I'm normally a size 7 and the 6 1/2 fit perfectly Five Stars Great shoes. Lightweight and comfortable BEST SHOES EVER! BEST. SHOES. EVER.  I bought two pairs in different colors- black n' white and the pink and white...  They have AWESOME support for whatever you use them for.. I have one for work and the other for training/running/etc in... ... me the motivation to workout because they feel so good and are great for any training These sneakers give me the motivation to workout because they feel so good and are great for any training Hurt my knees and back running I LOVE the look and comfort of these shoes for style and lifting weights. Super cute and flezable. BUT for running, absolutely not!! It might just be my pronation/supnation and these shoes just do not work for my personal stride. I run about 2-4 miles every few days. Average of 8 miles a week and then sprints twice a week on a treadmill. Just after running with these 3 times, I am having major back issues that I have never had before.

MY STATS and other shoes:
I road and trail run. I run on my tip toes on the treadmill and a lot of heal on the road. I am 5'6 169lbs with more muscle than an average runner. Built more like a sprinter than a marathon runner.
I LOVE Nike FLEX bottoms. They really give me support and flex needed. I have also used Asics and Puma. Very comfortable shoes. Love Size 5. Very comfortable shoes. Love! Great shoes I bought a wide size of these at a local store and they are amazing!  Soft, comfy, with moderate support.  Not a cloud to walk on, but not minimalist.  The wide size is perfect for my wide feet with high arches.  The shoe tends to run about a half size long though, especially for Nike.  I am working on getting in shape, and these shoes feel good all day... No rubbing on my big toe joint or pinkie toe or heel.  Very pleased. large shoe I always buy the same size this ones came to large Five Stars Nice shoes, fit good My wife loves these shoes. I bought these for my wife. She saw them in the store but did not have their size so i ordered on amazon. She loves them . She already had for a couple of months and no complains at all. One of her favorites shoes for running or for her job since she walks a lot in the warehouse. Now she loves me more. :) Love Love Love Love these shoes. My feet have been weird since I was pregnant and my old shoes were uncomfortable. These are very comfy and help me get active. They are also stylish and go with anything. PERFECT Look better than the picture, very comfortable, great support. Nice shoe Love my new Nike's.  It's been years since I've been able to wear them (sizing changed years ago and I just couldn't wear them any more) but now the new styles and sizing are perfect.  Lightweight shoe with tons of style.  The Fog color is just what I was looking for...not black and not neon!  I wore them to participate in Relay for Life (24 hour walk) and they held up great! I am so happy with this purchase I am so happy with this purchase. I feel like I'm barely wearing a sneaker when working out. Another plus is that when I take off my sneaker, my sock is barely sweaty! I have never had that experience with a shoe. The shoe is also very attractive and flattering and looks nice on my feet. Five Stars Absolutely love them. Can even wear them without my insoles. Cute Super cute shoe however runs wide and big, I'm a size 10 however this size 10 is too big. I went to a sporting goods store and tried the same shoe on  turns out with this particular shoe I'm a 9.5, so order half the size u normally are. Love Wore these for the first time hiking the bluffs. Not the best traction on well worn rocks, but super comfy. No blisters, no achilles pain like with other shoes. Will continue to purchase Nike shoes, because my feet love them for all activities! ( except my home workouts, they drag pretty hard on the carpet) Absolutely Perfect Shoe!! A-MA-ZING!  I needed a good jogging shoe and these make me feel like ""Forest Gump"".  I felt like I was running on a cloud.  I have narrow feet and these fit perfectly.  I am so happy that I am going to purchase another two pair as back-ups for once it's time to replace them.  Highly recommend to women who like to walk or run and light a light weight, comfortable shoe. Comfortable and lightweight Comfortable and lightweight. Need a good training shoe that's also supportive and flexible.  I really like the fit, but had to get 1/2 size larger as this style in my size is too perfect from heel to toe. Five Stars Excellent Awesome shoes! These shoes are awesome!  They are nearly weightless and feel great on my feet.  The first day I wore them I wore them ALL day on vacation.  I put them on the next day and did the same.  Besides the comfort, they are really a cool color! Five Stars Super cute! Five Stars perfect Time to leave the fad of the month for something that works. This is the most comfortable shoe I've ever had. No other shoe can compare to how the individual nubs on the bottom allow your foot to be cushioned, yet work like it's suppose to. My feet feel cradled in this shoe and hard surfaces don't make my feet ache anymore.

These shoes have a small amount of support, but not much, which I like as I'm coming from vibram five fingers. (Sorry vffs, I'm bailing after 2 years of shin splints, no matter what I did).

Highly recommended for walking/running on concrete or tracks. As long as nike continues to make the flex supreme, they will get my money. Please don't change this shoe! A little annoying because I have to pay attention but they are ... I wear them for Zumba and my heel slips on turns. A little annoying because I have to pay attention but they are so cute and comfy, it balances out. Five Stars Nice shoes and the toe area is pretty wide plus plenty long even with socks These run large. I wear a 9.5 exactly in every shoe, but these I bought a 9, and the toe area is pretty wide plus plenty long even with socks. Very comfy and very nice looking shoe. I love them but glad I was able to try them on before purchasing. Five Stars Perfect fit, very comfortable, and a great color. They also fit as expected. Great and comfy for sports Really comfy and nice color A bit pointier toe than depicted... The picture makes the shoe look like it has a ""boxier"" toe rather than the ""pointier"" toe that it actually has. I have wider feet and generally need to buy a size or half size longer to get a comfortable width (in any brand of shoe). I was shooting for a rounder, broader toe design which is more comfortable for me, and I feel that the pictures of this shoe didn't accurately depict what I received, in that one detail. Otherwise, ""the shoe fits."" So I am wearing it. Best shoes ever!!! These are the most comfortable shoes I've used for working out. Extremely light weight and flexible. Loved them so much I purchased two more pair in different colors. Five Stars Very comfortable and looks great! Fits wonderful Love this shoes so comfy and great very everyday use. Runs big Four Stars Nice looking and fit nice Comfortable and lightweight I am a recess aide and on my feet all day long. I tried these shoes on in the store before purchasing them on Amazon. They are very lightweight and comfortable. I was surprised how great they felt. I haven't had a pair of Nikes since Nike shoxs came out. They are so much more lightweight than those. I wore them an entire day the first day and had no problems. The second day; however, I got a pain in my hip to the point where I started limping. As soon as I got home and took them off, the pain was gone the rest of the evening. I'm only 30 by the way. Nothing else in my daily routine changed except wearing these shoes two days in a row. I don't understand why it would make my hip hurt since they are comfortable on my feet, but I'm sure that was the problem. I wore different shoes today and had no pain. I don't think as much as I am on my feet I will be able to wear them an extended amount of time. I will have to rotate wearing them every other day. For normal wear, I believe, people will be fine. I am literally walking or standing six hours a day straight.

**UPDATE: So, initially after wearing them, I had hip pain after wearing them. I don't know if they just needed to be broken in, but I wear them all the time now and have not experienced any pain since the first couple times of wearing them. They are comfortable, and I love them even more now. nice Perfict fit for me. Great looking shoes at a great price. Five Stars The sneakers are very comfortable and fit to size. Wide Feet so Somewhat Tight I've had these shoes for about a week now and have so far enjoyed using them. Considering the fact that I have wide feet, the shoes are slightly tight. However, it doesn't feel uncomfortable nor does it bothers me as I use them throughout my workouts. I know some people personally like when the shoes are a bit tighter or a bit looser so it's all in personal preference. Four Stars I really like them! Four Stars Good light weight shoe...had to add insole for more support. Five Stars I love my tennis shoes LOOKS GOOD, FEELS ICKY! This is a shoe I will wear with black dress pants or jeans when I need comfort and a little style, but I am not impressed.  This is a very flimsy shoe with little support at all.  Not like any Nike I've ever purchased in the past.  It looks nice, but it's not comfortable.",Fashion
B014IBJKNO,Five Stars,"Five Stars Excelente Cheap These shoes are poorly constructed and I don't expect them to last more that one summer.  Would not recommend, and will not order another Nike downshifter series again Pretty comfortable pair of running shoes For the price I spent on the pair of shoes, I'd say it's as good as expected.
It's comfortable and doesn't hurt my feet when I run. I always get a half size up in my tennis ... I always get a half size up in my tennis shoes. For some reason these feel to big in the heel area and wide. Love them! So light feeling Put them on and walked 3 hours with no problem! Love them! So light feeling Five Stars excelente you feel like you have a lot of room The shoes fit well in the arch area. They are a little wider in the toe area of the shoe, you feel like you have a lot of room. This does not make the shoe uncomfortable, just had to get used to it. Love the shoe. Exactly What I Was Looking For Tried them on in a store before buying online so I knew they'd fit good. Overall I was looking for a durable cross training shoe that would hold up to my rigorous training and these have been great so far. They are really light and comfortable. Most importantly for me they have grips on the bottoms so my feet don't slide out from under me while doing planks, push-ups, etc. Highly satisfied with this purchase. Five Stars I recommend that! Good shoes, tolerable price. My son likes these, and this is the 2nd pair he's worn. Five Stars I love this shoes they are so comfortable I absolutely LOVE these shoes I absolutely LOVE these shoes. These are my absolute favorite. So light and comfortable. These are actually my 2nd pair. I am still wearing my 1st pair after 2 years and they look good still. I am just afraid they are going to disappear and I want a back up pair for when my 1st pair wears out. These have been the best shoes I've owned! Five Stars Perfect fit! Comfortable My favorite cross trainers! Five Stars Love them fit perfect Love them! Favorite Nike shoe ever! The flex sole is excellent for someone like me who loves the free feeling of sandals or being barefoot. These move effortlessly with the bend of my foot. I've worn these for multiple activities and I've had no foot or ankle pain. The white/green/dark grey color goes with so many outfits and the mesh breathes perfectly on hot summer days. Highly recommend! Five Stars I wear these everyday to work, the gym, etc. Five Stars Love these shoes! Great fit, very light weight. LOVE my new sneakers! Super comfortable and fit my small feet perfectly. I have flat feet so a lot of shoes are not comfortable for long periods of time. I can wear the shoe all day long and they are super comfortable. They are light colored so any dirt will be seen right away, but they are easy to clean compared to other shoes Ive had. Would definitely buy another pair in a different color. Very confortable! Love these shoes! Five Stars Comfortable Three Stars Fit fine...did not like color in person somewhat large fit The shoe is too large. When you do lunges it hurts the heel. The shoe size from a local store is the size I ordered from Amazon however the size or fitting seems to be large Five Stars Really great for walking I'm very glad I got these and the color is fun Five Stars Love these shoes. My feet feel so much better. Lots of padding and light enough to run in. Three Stars ok but too big Five Stars Love these shoes.. they are so comfortable. Great Shoe In really like these. I wear between a 9-9.5 womens, I got the 9.5 and they fit perfectly. They are light weight but have good support. I will buy another pair. Love these shoes Love these shoes!
So stylish and comfortable. Just got back from a trip to NYC, Black and white Nikes and yoga pants are in high fashion right now! Its not as comfortable as I was expecting This shoe is JUST OK. Its not as comfortable as I was expecting, compared to my last pair of NIKE shoes. I hope they hold up. Very Comfortable Best tennis shoes I've had all my life. Very comfortable out the box. I would buy 10 pairs of these shoes if had the money. The color pattern and fit is what I liked the most what I liked the least is that ... The color pattern and fit is what I liked the most what I liked the least is that they are not easy to clean and stains do not come out very easy or at all Great shoe for the price! love these shoes. Workout in them 3-4 times a week at the gym. I do treadmill, stairmaster, cardio classes and weight lifting. lightweight and versatile shoe. Great shoe! Great shoe. I've had Nike's before and have always been pleased with the comfort, performance, and quality. Though I will say this was the first time I ordered a pair online without trying them on first, so I was nervous. But this turned out to be a great choice. Breathable, lightweight but sturdy, and comfortable during all my workouts. The built-in arch support is great and I've had no discomfort after 2 weeks of use. As far as the sole thickness and cushioning goes, I would consider these a 'medium' build (not thin, not overly thick) so if you're into heavy running outdoors then take that into consideration. Everyone is different in their preference for cushioning, but I think for light runs on a treadmill they would be sufficient. Love these, highly recommend! Three Stars The material is real then hope they don't fall apart . to expensive for what you get. Three Stars Nice Five Stars Gracias Love these shoes Love these shoes!! They are true to size and very comfortable!! This is my second pair - I wore out the first pair!! Good arch support - I have a high arch!! Five Stars  Great cross trainer Great arch support and comfortable. They are comfortable for the most but just a bit narrow It looks a bit nicer on the picture. Its very light in such a way that when I held the box I wondered if there was just paper filling inside. They are comfortable for the most. Good looking training shoes overall. staple sneakers second pair. Comfortable and great for people with bunion issues or previous surgeries.  Sole wears great Great looking shoe My daughter loves these shoes. Fit true to size. Great shoes. Purchased for my daughter for gym class.  She loves them.  Very cute and very comfortable. Style 10/10, Comfort 3/10 Great look but zero support inside the shoe. Had to buy expensive inserts to be wearable. Expected more from a nike shoe. these shoes are great! Very lightweight and fits comfortably on my feet ... Straight out of the box, these shoes are great! Very lightweight and fits comfortably on my feet like a glove! I love most especially that the sole is not bulky like my previous running shoes  I hated those things lol! I would give them a shot and they are great for the price! Great shoes. Fit perfectly Great shoes. Fit perfectly. Comfortable right from the start. Light weight and perfect for a 12 hour work shift. Good price also. Five Stars I love them! They fit perfect and are very comfortable!! Perfect. Lightweight and comfortable all day Love these lightweight shoes! Absolute favorite. Always order half a size bigger with nike shoes than with every other shoe in my closet. My knees feel better so so hard so good My knees were bothering me during HIIT workouts so i  purchased these shoes after researching many styles.  Fit true to size and are lightweight.  My knees feel better so so hard so good.  They are cute in too!! Five Stars Love the color! Comfortable, lightweight Xtrainer Comfortable athletic shoe,  good for the gym (ellipical, tredmill, etc.) Fit is good, and shoe is really lightweight and comfy. Great shoe! The shoes fit perfectly and came within the time frame i was given.  Very comfortable, which is needed since my job requires a lot if standing abd walking throughout the day. Returned...looked cheap They looked very cheap Fits to size The fit is as expected Very comfortable shoes. This is my second pair of this ... Very comfortable shoes. This is my second pair of this style of shoe because I loved them that much. Sleek and sporty Comfortable, consistent each time I order and good looking I love the shoes and the description and photos were accurate I love the shoe and it fit as expected the photos and description are accurate if you're looking for a shoe that has more cushion or support try a different style but as far as wanting a lightweight and breathable shoe this is it. I am very satisfied with this purchase Great fit! These are so cute and comfortable and very light. I just received them today and the fit is perfect. I normally wear an 8 1/2 and they are true to size! Lightweight I always order a 1/2 size up in workout shoes. Squeaky soles I wore these shoe one time, from the airport in Omaha, NE to the airport in Phoenix, AZ. When I arrived in Phoenix, the left shoe/sole started squeaking and won't stop. I want to return for a refund. Need instructions for returning as no paperwork was in my package when it arrived. Two Stars They run big and are super uncomfortable and the soles squeak. They don't breathe at all. Comfortable and Exactly what I expected! Comfortable and chic Their Cute and Pink They were a gift  to my daughter she loved them Five Stars Love these comfy shoes. they fit like a glove. Smooth and confortable. Very confortable. Five Stars i love these shoes. decent arch support and comfortably to wear all day doing regular activity and sprinting Lightweight, decent arch support and comfortably to wear all day doing regular activity and sprinting. Five Stars daughter loves them Good shoes I ordered a 1/2 size smaller than my usual size, and they are perfect. These shoes are hard to find. Great customer service as well. Good shoes Very good overall.
Now Ive been a huge Sketchers Go Walk fan for some time and the only reason I tried these instead of the latest number 4 of those is because the tread looked too slippery to me.
These shoes are very sturdy and the grip of the soles has been very solid so far. I use them for basic workout cardio and cross training, as well as work as a massage therapist (I go through shoes fast enough that Ive recently consolidated).
If you're a Go Walk fan, these do not offer the same level of cushion-comfort as those, HOWEVER, they offer the kind of long-term comfort to make them a durable option.
The material of the shoes seem very durable and the breathable. My feet do not feel hot in them.
Now these shoes are ideal for a basic workout or cross training, I would not get them to do 25,000 steps in Walt Disney World.
Solid choice, overall. Five Stars Wife loves them! Five Stars These shoes are extremely comfortable, and fit as expected.  Will purchase again. One Star Artculo equivocado en color Glad I read the reviews and ordered a half size ... Glad I read the reviews and ordered a half size too big. These are light weight. I worked out in them last night and had a great work out. They are very comfortable. I would recommend these to anyone. I am a Beach Body Coach and these are now my new favorite shoes to work out in. I feel like I am walking in slippers when I wear these shoes. They are so comfortable. I LOVE them so much. I never buy myself anything nice and for Christmas got an Amazon gift card and used it to buy myself these sneakers and they are so awesome. I really do love them and have been telling all my friends about them. GET THESE SHOES! Not in perfect condition On the left shoe, there were two stained yellow spots. Very comfortable, cute, and long-lasting I love these, I had the previous iteration (or maybe two earlier?) and finally wore them out after several years. They are definitely a light-weight training shoe so I wouldn't get them if you are going to be doing a lot of running. But this also makes them extremely comfortable, I hadn't realized how hot running shoes made my feet until I switched to these. Good support and my feet stay cool all day, also noticeably light but well-made and long lasting.

I have worn them hiking in a pinch but don't really recommend it because the material is mesh-like and will let a lot of dirt in. But if you mainly take cardio classes and/or do weight training or just need something to wear around town look no further. Super light-weight, nice tread and arch support - love them so far! Super light-weight, decent arch support (mine is higher than average).  I was pleasantly surprised by the sole/tread on these for my circuit training classes, as I couldn't really tell by online pics.  Also pleasantly surprised that these ran ever so slightly bigger than Nike running shoes I use to wear 15+years ago - I always wore one to 1.5 sizes larger in their ""Hurache's""/running shoes, so I was really worried my size 6 would be too small - there is actually more toe room in these shoes than any other size 6 shoe I own (athletic, heel, boot).  But it is the correct amount of room from big toe to edge of shoe for me (an inch or less, I don't want my big toe being jammed into edge of shoe when lunging, jumping, etc.).  Shoes arrived with an odd yellowish color on side of one shoe, but no damage to box, paper lining etc - I was happy that a clorox wipe easily cleaned the shoe and did not discolor any further.  I am very happy and highly recommend, although I have only worked out it once! Five Stars I Love it. It is very light and the color is great. My wife loves these shoes. We have both been ... My wife loves these shoes. We have both been wearing sketchers and new balance for several years and recently we have both purchased Nike. There is a reason why Nike is still number 1 after all these years, you just cant beat their comfort. New Favorite Shoes Absolutly love these shoes!! Beautiful color, comfy, and lightweight Foam compresses I **loved** these shoes when I got them. I've noticed that the foam inside tends to compress during a workout, though. I'll lace them tightly enough that they're nearly cutting off my circulation. 20 minutes later, I'm sliding out of them while doing sled pushes. Five Stars She loves them I usually wear a 9 but could have easily ordered a 8 These are a bit longer than they should be. I usually wear a 9 but could have easily ordered a 8.5. The width is accurate.

The pink is even pinker than shown and the light gray is over the very bright pink so it isn't as gray as shown in the picture. It makes the shoe a bit overwhelming. Also two grommets on each shoe is dark. I'm not referring to the dark grommets closer to the toe as shown in the photo, I'm talking about two grommets up at the top of of the laces (opposite side of side shown in photo). I thought it was faulty at first until I noticed they were on the same side of each shoe. Kind of odd and not pictured.

Overall, they are very comfortable shoes which is why I am keeping them...even if you can see me coming from a mile away. Five Stars great Five Stars c Five Stars Love them! Fits snug Very nice shoe, just a bit to snug/small for my foot. The Flex wire really makes it the shoe fit tight to your foot. I need more ""wiggle"" room in my footwear, otherwise I would have kept them. Not sure why, but my mid section of my ... Not sure why, but my mid section of my foot starts to hurt using these shoes for a long day or a tough workout at the gym. I've owned other nike shoes of this line but that never happened to me. Five Stars Perfect! Five Stars Perfect! TOO NARROW! I usually wear a size 8 and they fit fine. These are way too narrow. Thought they might stretch out but they didnt. Had to give away. Consider sizing down 1 size Great shoe! Outside arch is kind of high, but I'm still breaking them in. So I'm sure that will work it's way out. I originally ordered a 9, my regular size, and it was a tad too big. Returned and ordered an 8.5 and it fits perfect! Seem to Run Big I had to return the first pair and buy a 1/2 size smaller.  First time I've had to buy smaller for Nike. Five Stars Fit comfortable Perfect for trails My favorite running shoes!  The wall of the shoe is very thin, which makes them very comfortable to wear if your feet swell as you run.  I would not recommend for use on concrete or a treadmill, as there isn't very much impact absorption, but they are perfect for trail running! Four Stars Nice fit Zumba) - and really wanted to like them, since I loved the color and the ... I bought these for gym training - weight class and dance class (body jam, Zumba) - and really wanted to like them, since I loved the color and the light weight feel. But when I worked out high impact, my toes tingled, went numb and cramped because the toe bed is very narrow. Also, there wasn't enough cushion for me. When doing lunges, the ball of my feet hurt. Can't return them because I wore them several times. These might be fine for someone with a narrow foot. Five Stars They fit perfect, extremely comfortable Three Stars No arch support but l love the colors! Size problem Shoe was somewhat large Five Stars love them! True to size, would recommend This is a great shoe for in gym workouts. I did take a 10 mile hike and had a blister on my pinky, but other than that these are very comfortable shoes! Best birthday present Comfortable and light Purchased these for my wife as she has a similar ... Purchased these for my wife as she has a similar pair that is wearing out.  She has feet are difficult to fit and these fit perfectly without pressure on sensitive portions of her feet. I have pretty high arches and my calves always hurt at the ... I have pretty high arches and my calves always hurt at the gym with other shoes. I have been on the hunt for a good cross trainer that I can use to lift, take gym classes, and lightly jog/run on the treadmill. These have been wonderful! I don't ever have any pain in my calves or my feet when wearing these and they fit like a glove. Highly recommend! Five Stars Great shoes Five Stars These were exactly what I expected. Five Stars Love love love They are really light and not as sturdy as what I was looking for but over all ... I always wear a womans 9 in Nikes but these are bigger than usual. The right one almost slips off my foot a bit.  They are really light and not as sturdy as what I was looking for but over all not bad. Five Stars These shoes are awesome!! l always buy Nike shoes and been happy so far l always buy Nike shoes and been happy so far, but this time my left shoe fit perfectly while the right shoe was too loose on my heal and when I tighten it more it was hurting side of my foot. Honestly Fantastic Shoes Bought these as my back up shoes but they have turned into my daily ones I go to! So comfortable and my feet don't hurt after long hours on my feet. I own a cleaning business so I need my feet not to hurt in the middle of the day. Absolutely love these shoes and color Absolutely love these shoes and color!! They are perfect for running! I run roughly 4 miles 3x per week. This is my second or 3rd pair of this exact style. Fit is perfect! Five Stars Super comfy! Five Stars Fit well. Five Stars The fit was perfect! I Highly recommend this shoe. Very Happy Customer Obsessed with these shoes! I was looking for good all around sneakers (running, walking, tennis, etc.) and these more than fit the bill. I was looking specifically for black nikes (I love the fit) with white soles (good for court sports); I was a little reluctant to purchase because I wasn't sure whether the black on the soles would contact the ground, but it doesn't! and very comfortable. Cute shoe, fit as expected, and very comfortable. nice sneakers. Fit as expected On time, nice sneakers. Fit as expected. 5 stars Perfect fit, as always. Five Stars Great shoe, very comfortable Five Stars Love these sneakers! Perfect fit and super light These shoes fit like a glove These shoes fit like a glove! Light but very supportive! I have worn them several times and feel very light on my feet. Five Stars Fit true to size Five Stars Love the fit Nike always makes a good shoe. Nike always makes a good shoe ..abit rough breaking them in but after 9 hours on my feet anyone's feet would hurt abit One Star Oops! I returned these because I ordered wrong size! Five Stars Extremely comfortable sneaker!  Shoes Good looking shoe Love these shoes I have had this style before in a different color and have received many compliments on the shoes.  They are great walking shoes!  I wear orthotics and these shoes are one of the best I have found to accommodate them for fit. I loved these shoes I loved these shoes...that is until after about an hour of wear, the green inserts on the sole of the right show began falling off. The wear was in my home, on smooth floors. I can only assume they were defective. perfect Great! Super comfy and cute! No issues and fit perfect! Five Stars Good shoes found a Ryka pair I liked I returned them...found a Ryka pair I liked better Five Stars BEST sneakers I've ever purchased!!!! Five Stars Excellent ...!!! the best sneakers by far the best sneakers by far! I had never owned a pair of Nike sneakers, and I went solely on the reviews by others...
And I absolutely loved them!! Classically comfortable and durable Love these shoes. I've been buying Nikes for years now. I bought this pair for work and everyday wear and another pair for working out and active wear. They also last a long time in my opinion, especially if you take care of them. Four Stars Right one is slightly tight.. hope it will stretch out.. !! the Nike Womens Flex Trainer 6 is way better looking and costs about the same They're ugly: the toe is rounded and the material is weird. the Nike Womens Flex Trainer 6 is way better looking and costs about the same. Five Stars So lightweight and awesome! Five Stars Luv them!! Love the color and fit Love the color and fit. I use them to work on at the gym on the treadmill and they are very light and comfortable. OK Bought these shoes with HIIT in mind, but not too sure how I like the fit on my foot. First time to wear them, not great for running. Maybe after they're broken in a little they'll get better. If you just need a comfortable pair of shoes for walking, they're fine. Great fit! My daughter loves them. Great fit! Very satisfied with the seller - delivered on time This is a very attractive shoe. It is true to size and fits as expected. Very satisfied with the seller - delivered on time. Four Stars Fits good, very lightweight. Comfortable shoe for both workout sessions and walking Comfortable shoe for both workout sessions and walking.  Neither too bulky nor too light.  This is my second pair because they fit and have no neon or pink colors, just nice basic B&W. Five Stars  Five Stars Nice These are the best shoes I have ever use for my workouts These are the best shoes I have ever use for my workouts!!! I love them and buy them in bulk!!! LOL I love these shoes I love these shoes.  They fit as expected and they look really nice on.  These shoes have a narrow base which I really like.  I don't like the ones that make your foot look wide. Five Stars Love this product.  Great fit. Low cut heels Very low cut heel so if you training and pushing sleds - I ran right out of shoes! Although the traction on toe and heel are great Perfect Just what I needed for Group Fight class. Quick movements and footwork are so easy in these sneakers. Love them. Exactly what I wanted Love! Great price too. Light shoes It's been a long time since I've worked a cross training shoe. This shoe is very light and minimally passed compared to running shoes. That's not meant to be a knock, just a fact.

I ordered the shoes half a size up because as a former runner, I'm used to my feet needing room to spread and swell. I wish I hadn't because they feel a little roomy. I have orthotics, so I think I can remedy the issue once I swap those in.

Otherwise, very good shoes Good indoor training shoes Good indoor training shoes for running on treadmill, doing lunges and regular exercises at the gym. These are very flexible, light weight and comfortable. Grip is okay - sticky rubber is used only at the edges of heel and toe areas so I slipped a little when I worked on cable machines, resistance band, etc. on un-carpeted floor.  I would emphasize that if you do lifting as a part of your everyday routine workout I would not recommend them because mine (cushion) lasted only for six months and this is the reason I gave three stars. Other than that, I liked them! So Perf. Perf. Five Stars Best shoes ever!!! Five Stars Fit good Great work out shoe I use these for my Cardio Dance class and they are perfect and very cute. I would definitely recommend. They also cam earlier than expected!! I love these shoes so much that I reordered another pair ... I love these shoes so much that  I reordered another pair online. It's hard to find shoes that fit my really wide feet! The heel back is my favorite part on them, they're thin and feel like another layer of skin, not bulky or tight at all.  I walked all over Europe in these! Comfortable, light weight, nice. Love these sneakers. Light weight and comfortable even without socks. Four Stars Nice product I feel like this pair of shoes was made for my feet I feel like this pair of shoes was made for my feet. Great fit and comfort! Very pleased with this purchase. Awesome shoes!!! Quick tranasaction!!!  Loved the shoes!!!  Would purchase from them again!!! Just wasn't what i was looking for I got the impression it's cushiony and comfy by reading the reviews on this product, when i tried it on it was a much firmer than my other work shoes, i'm standing all day and need enough support and comfort, this isn't the right product for that.
So i had to return it, but i would assume it would work fine for training.

It looks decent and clean. and seems sturdy.  just not the right thing for me.
I was refunded instantly upon returning so.. credit for that. So comfortable, I don't even feel like I have a ... So comfortable, I don't even feel like I have a sneaker on. Based on the other reviews I got a half a size up and glad I did. Five Stars they are very comfortable feel like you have nothing on. Five Stars My favorite nike shoe Five Stars Super comfortable and extremely lightweight. Great for crossfit! Five Stars Beautiful I love them comfy Falling apart already!! I've not even had them a month and the bottom is coming off. I'm not happy! Five Stars Love them! Fit exactly as expected in length and width! I would definitely buy these again. Five Stars Great shoes love the fit My second pair, love the fit, light weight and great support. Nike I have wide feet and these were too narrow but very nice looking. Nope Ugh... way to large - is this for a man? It is comfortable. The shoe fit has expected. It is comfortable. Perfect cross trainers They fit great, look great, are quite comfortable and are just what I was looking for! Great training shoes Super comfy, true Size , I use them for boot Camp,  cross fit and they are great , absolutely recommended it. Amazing training Sneakers. Love them absolutely comfortable. I'm very picky with sneakers and this ones for the price are great I use them for cross fit , boot camp & they work great . The sole is very flexible , true size . I have a wide feet and they fit perfectly. Very nice looking Great sneakers. HIIT shoes Wife happy with fit. Four Stars They run big. Order a full size smaller. Lack support but overall good shoe Super light and very comfortable. I'm a runner and they lack a bit in arch support, so the soles of my feet are a sore. I'm going to add an insert to try fix the problem. Adorable shoes Just because they are white, they do need a washing regularly but I have received many compliments on how pretty these white and pink shoes are. Extremely good Nike quality. Highly recommended. Wide sneaker for wide feet Arrived in time. Fit as exoected. They take some breaking in but I wore them 2 days in a row for more than five hours per day. I've been using these to exercise and they are nice a roomy and allow my feet to breath I've been using these to exercise and they are nice a roomy and allow my feet to breath. Also love the colors. Five Stars Comfortable from the start and very light. Five Stars As expected. Great training shoes Lightweight, comfortable, supportive. Very happy I bought these shoes for working out. Five Stars I love these and have them in a light blue too. Very light weight, airy, and comfortable. Five Stars good quality Four Stars Very comfortable sneakers and I also like the way it fits. and they were great! Super comfortable Purchased to wear for weightlifting and Zumba. Zumba trial was last night, and they were great! Super comfortable, good ventilation! Not too much padding, very minimalist, which is just what I wanted Five Stars Comfortable and lightweight. I love these shoes my second pair of 40 plus $ ... I love these shoes my second pair of 40 plus $ shoes and they both have certainly out done the $100 K-swiss that I'm looking to return . The shoes are extremely comfortable, all my clients love them, just wish they came in more colors. They fit as expected and perfect for training They fit as expected and perfect for training, the shoelaces are a little bit too long. Other than that these shoes are as I expected them ! Five Stars Extremely well fitting and light weight Five Stars Perfect Five Stars Love them Very Good For Everyday I love these shoes and have worn them for a long time. That are comfy, thinner on the top & sole and are very cute! Great shoes Fast shipping and turned out as expected. Couldn't be happier. Love these shoes I have been wearing for a solid week during my work outs & they are great for comfort and they are light weight. Five Stars Love these shoes for circuit training. Super comfortable. I joined Cross Fit and this is ... Super comfortable. I joined Cross Fit and this is the perfect shoe. Five Stars just do it :) Sooo comfortable Love these, comfortable, light weight, great fit. So happy. I love this show. the shoe is nice and provides well for my HIIT and Grit classes ... The shoes are true to size. I am used to wearing running shoes so these have been an adjustment. Overall, the shoe is nice and provides well for my HIIT and Grit classes I take. Look amazing, runs slightly big. Love them!  I ordered an 8.5 because I usually wear that size but these are a bit big. I wish I ordered an 8. They are really comfortable and I enjoy wearing them. Four Stars Very comfortable. Five Stars Very nice shoes.  Comfortable. Five Stars Very comfortable. I love wearing them. Five Stars Great fit so comfortable love them!!!!! Decent little shoe for the price. A nice lightweight shoe. Not a lot of cushion so I wouldn't run long distances in them. Attractive and fit well I really love these shoes.  They are attractive and very comfortable.  They work well for my daily workout and fit well. Runs large Comfortable shoe.  First time I've ever bought nikes that feel so large.  It feels about 1/2 size too big.  I bought 7.5.  I normally wear exactly that size and on occasion an 8. One Star Ordered 9(m) received 9 Wide for the second time. Returned them for the second time. Five Stars Nice shoes I love the fit and they provide support for walking This is my second pair of these shoes.  I love the fit and they provide support for walking.  I like the way the shoes fit around my ankle, as many shoes are uncomfortable because they come up too high in the back.  Try them! Good Shoes! There is about a 1/2 inch of extra space from the tip of my big toe to the front of the shoe. That's okay, though. I usually wear socks, so it doesn't feel too big, even if it does make your foot look a bit long.

The colors are vibrant, and the sole has plenty of grip, even on a slippery floor. I wore them for most of the day and they are comfortable.

Overall, I'm very pleased with this shoe. Great shoes Got them for my girlfriend. She loves them. Says it's like wearing slippers because they are incredibly light. Good shoe Serves intended purpose Five Stars They are super comfortable. Loving them. Love These Shoes! I have gotten so many compliments on the blue color and look of this shoe.  It is super comfortable.  The grip is wonderful for my indoor gym cross training classes.  I always order a half size larger in Nike brand shoes and thy fit perfectly as I did with this shoe. Not my favorites... Fit is fine, but not much cushioning in the footbed. The first time wearing them on a long walk I developed a blister on the bottom of my foot. Perfect for the gym Perfect for the gym, could use a little more support in the toe area but very comfortable and light. Fit true to size. Meh Meh, felt very comfortable but provided no support. Seem like a good option for walking around in the summer but not for aerobics or lateral movements Five Stars Love these! Super light and comfortable! Five Stars Loved the products and services!! Hurry before they're gone! It's hard to find a lightweight athletic shoe with a wide toe box. This shoe has that. I am happy with the support for walking and everyday wear. I wouldn't run in them. Now I just have to stock up on as many pair as I can afford before Nike discontinues them :). Don't you hate when that happens? Amazing The shoes are amazing,very comfortable and fit as expected highly recommended. :) Five Stars Super comfy!! Not quite wide enough I needed a wide size, that option was not available. So I went up a half size bigger hoping that would work. It's not quite comfortable but I am  able to wear them. I like the shoes. Not quite wide enough I needed a wide size, that option was not available. So I went up a half size bigger hoping that would work. It's not quite comfortable but I am  able to wear them. I like the shoes. Five Stars Look great Simple look, outstanding comfort! I love these shoes. I am rather basic when it comes to Nikes, I don't need all the cool colors, so these look amazing and feel amazing, like they were made for my feet. I definitely suggest purchasing them. My second favorite. Cute and comfy. Sleek design. My only complaint is the fly wire loosens up and my shoe sometimes slips off my heels during heavy sled runs. I have two pairs of this style. Five Stars I love them! Fit to actual size. normally Nike fits small so we go up a half size. These actually fit to my wife's appropriate size. So be ware when you order. Five Stars love these shoes. use them to workout inside and to work Too small, flimsy upper I was shocked at how small these shoes were, not true at all to size, and I own multiple shoes in this brand. The quality could have been better, in my opinion -- very little support from the upper. Great for kickboxing Great shoes - was looking for something to replace my barefeet so I can wear orthotics while kickboxing. These are light weight, hug my feet comfortably and have a thinner upper so I can still feel the bag when I kick AND they have good lateral stability. My feet are on the narrow side so it's hard to find shoes that are snug enough. These are perfect. Oh, and they are really cute too. These shoes are great for walking - so very comfortable They fit perfectly. These shoes are great for walking - so very comfortable. Love them. Good choice for training shoe Good fit and comfy.  Not so cushiony so definetly better for training and not for running or aerobics. Bought size 8 which is my usual size. Five Stars Light weight and comfortable They are slightly longer in look then I was would like but I think that is typical of cross trainers I was wearing running shoes for cardio dance classes at the gym because I thought they would be sufficient. After getting 2 blood blisters I did some research and found out cross trainers would be more appropriate which is how I ended up buying this pair. They are slightly longer in look then I  would like but I think that is typical of cross trainers. Also, the lacing is done in a way that allows you to tie too tightly if you're not careful (my toes were tingling during one particular work out when I had done this). Other then that I am very happy with the shoes. I love them but they are definitely bright orange/coral and not ... Nikes usually run small and I'm a 7.5, so I ordered these in an 8 and they were actually very roomy.  I love them but they are definitely bright orange/coral and not bright crimson like the description said.  I thought they'd be more red in hue to wear with my Ohio State clothes, but instead I use them for running. Color was not at all what i expected. It ... Color was not at all what i expected.  It was more orange then red.  Not sure that I am going to keep them. Super cute and on sale!! Perfect fit! Brand new in new box completely perfect condition and on sale!!! Awesome! Highly reccomend! Super cute shoes. Three Stars Squeaky then you should pretty much know your size If you wear Nike on the regular, then you should pretty much know your size. I wear only 7's in Nike, and it fit just as expected. I have many of the trail runner generations, and love them all. they're my go to sneakers for the gym use, or casual wear. I have a pair I used mostly for casual wear that have lasted about 5 years. Another pair that I used for cross fit/outdoor runs that lasted a little over a year (very vigorous daily use). All in all, these shoes are great for me. They're lightweight, and comfortable. Nice Support Great arch support and cushion both for the heel and ball of the foot. Great aerobic shoe! Good Sneaker Good quality, perfect fit.  It's a Nike! Satisfied Size 8, but purchased 8.5 for a more comfortable feel, considering shrinkage as a result of perspiration. Too large I've always gotten this size in Nike shoes with similar description, but these are too long- at least an inch and 1/2. colors look great together. Very lightweight. Normal Nike quality. Pink is very bright , colors look great together. Five Stars Love them!! but if I wear thick socks they are fine. Also Arrived on time. I probably should have gone with a 7.5 instead of an 8 because they do seem a little big, but if I wear thick socks they are fine. Also, they can sometimes make a very annoying squeaky noise when I run on certain surfaces so I'm trying to get them worn in. Over-all, I am satisfied with my purchase! Poor quality for Nike After less than a week the sole ripped off on the outside of the shoe 4/5 The lines don't really show up unless there is a bright light on them. But other than that they are perfect. They are very true to size and are comfortable the first time you put them on. LOVE! I love these!  I ordered an 8.5 which is my normal shoe size and they fit great.  I used them for my strength training class and they performed well, and they are sooooo pretty!  Comfortable, low profile and stylish! Five Stars Cute and comfortable Five Stars Very comfortable. Correct size Sizing was perfect as ordered. Quality appears good, still new, not too much more to report. Perfect for the gym Size really depends on the brand.  I wear a 6.5 in Nike and they fit me perfectly.  These shoes are comfortable, they wrap around my feet like a bandage but do not restrict movement. ... opened the box to see the color is exactly like the image shows I was really excited when I opened the box to see the color is exactly like the image shows! I have the Nike flex tr 5 and used the same size to order these. They are a little bigger than expected but still comfortable. I ordered the Nike Women's Flex Supreme TR3 instead and love them! Returning these. the pictures on here make the shoe appear all black with a touch of pink in the check. however, the whole shoe has pink coming through. I was looking for an all black shoe. I ordered the Nike Women's Flex Supreme TR3 instead and love them!!! so light & comfortable! wow these are the most comfortable, light weight shoes. I love them!! Five Stars love the lightweight and the fit Five Stars fits perfect, my daughter loves them these were a perfect fit. They are light and very comfortable Finally, after trying about 10 pairs of Nike's, these were a perfect fit.  They are light and very comfortable, I really just forget about my feet when I'm wearing them. Five Stars Came quick and my daughter LOVES them Five Stars Great Gift - she loved it!  It's a nice shoe! Just what I wanted! Perfect! Bought these for my daughter and she loves them. ... Bought these for my daughter and she loves them.  She tried them on at a retail store a couple months prior, so I knew her exact size. Five Stars Great product and fast shipping! Tried one in the store and bought it online but ... Tried one in the store and bought it online but it was a different  kind of shoe . Too big , different fit ! I had the older generation of this shoe that survived ... I had the older generation of this shoe that survived 2 or 3 mud runs and of all my aches and pains, my feet was not one of them. This is because of this shoe. Nike really dropped the mic with this. Five Stars This pair fits perfect.....the first pair was wrong size in the right box.....definitely order again!!!!! Not true to size I returned these as they were not true to size. They ran large. One Star wrong shoes Nice There very nice Great I actually have 3 pairs of these trainers.  They are very comfortable, there is a neoprene sleeve that goes around your ankle that makes them the most comfortable for me compared to normal athletic shoes.  They run a little narrow - for me this is perfect, but you may want to round up on the size or try on in the store first if your feet are on the wider side. Four Stars Just too big otherwise I liked them! Four Stars Comfortable shoe.  I would buy again Four Stars Light weight and comfortable. Five Stars Fit my size perfectly and very comfortable! Five Stars Love these shoes! Needed new running shoes and these are perfect. Light weight and fit great! Five Stars Purchased these for our teenage daughter. She loves them. For both casual wear and sports. Love them Love these shoes, I have worn them all day and found them really comfortable with no aching feet at the end of the day. Fantastic colour and true to size. I also bought  Nike Women's Flex Supreme Tr 3 Pnk Pw/Mtllc Slvr/Cl Gry/White Training Shoe and these shoes are slightly more comfortable than those even though they look very similar. Super light weight versatile Super light weight comfortable! Kick box in these and run too. Good support! very comfortable but limited use i bought a pair from DSW for 50$ and they are very comfortable but i bought a size 6.5 when I normally where a size 7.  and even the 6.5 feels a little roomy.  I have wide flat feet btw.  im not sure if I will keep them even though i love their look and comfort.  I've been having feet problems while taking a gym class and I think they won't give me enough support when running.  they're great for wearing at home or gym and doing exercises in one place- extremely light weight and flexible, but i don't know if they'll last long if you use them everywhere else.  :(  i really like them but i cant just buy 2 different shoes.
also, i really like the strings inside the lining on the side of the shoes to adjust and make the shoe fit snug. it makes me feel secure :D Four Stars Not a lot of arch support but really lightweight. Five Stars EXCELLENT Not for aerobic exercise Good for non-aerobic workout. Mesh was very comfortable but no support for lateral movrment. Favorite Nikes ever Favorite Nikes ever. I already owned this style and was ready for a new pair so I went with these. Love the color and they fit great. Four Stars Light-weight comfy shoes. ... of shoes for cross training and these were the best! Tried a lot of shoes for cross training and these were the best! Overall, a grwat shoe. Wish they had a little more support/cushion, but I love everything else about them! These are as far as comfort goes the most comfortable pair of sneakers I have I suffer from sciatica ... These are as far as comfort goes the most comfortable pair of sneakers I have I suffer from sciatica pain that goes into my feet I have difficulty finding the proper support and comfort in shoes I would recommend these most definitely. They feel good but I will not recommended if you need Wide ... After my purchased I found out they are overpriced. They feel good but I will not recommended if you need Wide fit. Get a half-size or more larger than usual. I bought a pair of these in my size, but they are too small. I can get my feet in them but not comfortably. It's too bad because I can tell the soles are comfortable. Of course, now I've work them to work so I can't return them. Love them! Very comfortable and great for weight training Love them!  Very comfortable and great for weight training! Not as expected Took other reviewers advice and went up half size and it was too large. I thought this was a more sock-like fit but it had a tongue that came up high on my ankle not at all sock like. Nice looking and very light weight with a rounded square toe that left plenty of room front foot and toes. These just weren't what I was looking for. Five Stars Really comfortable and very cute. Really Comfortable Shoes These shoes are great.  This is the second pair that I have purchased and I love them. Five Stars Fit to size. Comfortable Worth it. Picky daughter actually loves them. Great sneakers! Fit like a dream! Great for cross-training/HITT videos I do everyday. Great for walking too. Look amazing! Lightweight yet supportive Most comfortable training shoes I've worn in a long time. but like them so far I bought these sneakers for boot camp class.  They are very light weight and different than other sneakers that I have owned.  Have only used them a few times, but like them so far. Great red color I got a hot spot on the bottom of my foot the first day I wore them. they'll work great!: ) Still breaking them in for use at the gym.  I think once I get used to them, they'll work great!  :) Shoes looked great but too narrow for most feet Not a fan. Shoes looked great but too narrow for most feet. I love these shoes I love these shoes. I exercise in them as well as just take them on longer walks. Feels good, looks GREAT!! Five Stars fits perfect Very comfortable shoes. I have wide feet with falling arches Very comfortable shoes. I have wide feet with falling arches. These help both and are comfortable enough that I can be in them all day long. Did not fit my feet Unfortunately, this Flex Supreme does NOT have enough support over the toe and ankle are for my requirements.
Returning for credit.  Thanks anyway. Poor Quality. Don't buy. After using this shoes seven times for regular activities like walking or dancing the sole came out. I am very disappointed. I don't recommend this product at all. The worse part is that I can not return this item because the return window closed 4 days ago. Five Stars Fit like gloves to my feet! Perfect for workouts. Does the job! I've worn these to work out for 5 days in a row now. Initially, my arches ached but over time the discomfort subsided entirely. I've done everything from bootcamps, resistance training, running and Zumba. So yeah.., they are truly crosstrainers ;-) I liked these shoes a lot I liked these shoes a lot. Very light weight. I didn't give a 5 because the color was a little lighter than I thought it was going to be but still a great shoe. Very comfortable Five Stars Love them !!! Five Stars I love these shoes! Great arch support and perfect for cardio. ... crossfit and find that these shoes help give me good support with my endurance workouts I workout at the local crossfit and find that these shoes help give me good support  with my endurance workouts. Unnacceptable. Zero support These shoes look really great. However, slightly loose. The problems with lack of support arose when I exercised. It feels like there is little to no support in them. Possibly this is a shoe more geared for an office environment or short walking distances. Great for walking! These are my favorite walk around shoes! I can wear them all day and not be in pain! Love em! Simply Supreme. Favorite training and walking-around sneakers.
They look good with just about anything, and are comfortable for most situations.
With the exception of running (for which I use proper Mizuno running sneakers with an arch-support insole), these sneakers are my go-to.
If I could, I'd take away a 1/2 star for arch support - I have a slightly wider front of the foot and arches that are a little on the high side, so I do look for a good under the foot fit. I could probably tie the laces differently or put in an insole(they're pretty expensive), but as is, when I did a zumba class in these, my arch began to twinge :(
However, this is overall an awesome shoe that I will continue to stick with for going out, day to day walking, and for training and gym use (with the exception of running and zumba (although hip-hop was fine). The shoes have a great flexibility to them and don't look ""dirty"" easily. My previous pair of flex supreme TR 3s have lasted for a good 2 years and are just now on the verge of being worn out. This is the optimal sneaker that is flexible in more ways than one: from pointing you toes to leg-pressing, from gym use to shopping to adding a sporty edge to a dressy night out, the flex has it all. Soooo comfortable..... Love these! I have 3 pairs...they're so comfortable - I'm on my feet all day & my feet actually don't hurt at the end of the day when I wear these :)
I've learned to get these 1/2 size smaller....I'm normally a size 7 and the 6 1/2 fit perfectly Five Stars Great shoes. Lightweight and comfortable BEST SHOES EVER! BEST. SHOES. EVER.  I bought two pairs in different colors- black n' white and the pink and white...  They have AWESOME support for whatever you use them for.. I have one for work and the other for training/running/etc in... ... me the motivation to workout because they feel so good and are great for any training These sneakers give me the motivation to workout because they feel so good and are great for any training Hurt my knees and back running I LOVE the look and comfort of these shoes for style and lifting weights. Super cute and flezable. BUT for running, absolutely not!! It might just be my pronation/supnation and these shoes just do not work for my personal stride. I run about 2-4 miles every few days. Average of 8 miles a week and then sprints twice a week on a treadmill. Just after running with these 3 times, I am having major back issues that I have never had before.

MY STATS and other shoes:
I road and trail run. I run on my tip toes on the treadmill and a lot of heal on the road. I am 5'6 169lbs with more muscle than an average runner. Built more like a sprinter than a marathon runner.
I LOVE Nike FLEX bottoms. They really give me support and flex needed. I have also used Asics and Puma. Very comfortable shoes. Love Size 5. Very comfortable shoes. Love! Great shoes I bought a wide size of these at a local store and they are amazing!  Soft, comfy, with moderate support.  Not a cloud to walk on, but not minimalist.  The wide size is perfect for my wide feet with high arches.  The shoe tends to run about a half size long though, especially for Nike.  I am working on getting in shape, and these shoes feel good all day... No rubbing on my big toe joint or pinkie toe or heel.  Very pleased. large shoe I always buy the same size this ones came to large Five Stars Nice shoes, fit good My wife loves these shoes. I bought these for my wife. She saw them in the store but did not have their size so i ordered on amazon. She loves them . She already had for a couple of months and no complains at all. One of her favorites shoes for running or for her job since she walks a lot in the warehouse. Now she loves me more. :) Love Love Love Love these shoes. My feet have been weird since I was pregnant and my old shoes were uncomfortable. These are very comfy and help me get active. They are also stylish and go with anything. PERFECT Look better than the picture, very comfortable, great support. Nice shoe Love my new Nike's.  It's been years since I've been able to wear them (sizing changed years ago and I just couldn't wear them any more) but now the new styles and sizing are perfect.  Lightweight shoe with tons of style.  The Fog color is just what I was looking for...not black and not neon!  I wore them to participate in Relay for Life (24 hour walk) and they held up great! I am so happy with this purchase I am so happy with this purchase. I feel like I'm barely wearing a sneaker when working out. Another plus is that when I take off my sneaker, my sock is barely sweaty! I have never had that experience with a shoe. The shoe is also very attractive and flattering and looks nice on my feet. Five Stars Absolutely love them. Can even wear them without my insoles. Cute Super cute shoe however runs wide and big, I'm a size 10 however this size 10 is too big. I went to a sporting goods store and tried the same shoe on  turns out with this particular shoe I'm a 9.5, so order half the size u normally are. Love Wore these for the first time hiking the bluffs. Not the best traction on well worn rocks, but super comfy. No blisters, no achilles pain like with other shoes. Will continue to purchase Nike shoes, because my feet love them for all activities! ( except my home workouts, they drag pretty hard on the carpet) Absolutely Perfect Shoe!! A-MA-ZING!  I needed a good jogging shoe and these make me feel like ""Forest Gump"".  I felt like I was running on a cloud.  I have narrow feet and these fit perfectly.  I am so happy that I am going to purchase another two pair as back-ups for once it's time to replace them.  Highly recommend to women who like to walk or run and light a light weight, comfortable shoe. Comfortable and lightweight Comfortable and lightweight. Need a good training shoe that's also supportive and flexible.  I really like the fit, but had to get 1/2 size larger as this style in my size is too perfect from heel to toe. Five Stars Excellent Awesome shoes! These shoes are awesome!  They are nearly weightless and feel great on my feet.  The first day I wore them I wore them ALL day on vacation.  I put them on the next day and did the same.  Besides the comfort, they are really a cool color! Five Stars Super cute! Five Stars perfect Time to leave the fad of the month for something that works. This is the most comfortable shoe I've ever had. No other shoe can compare to how the individual nubs on the bottom allow your foot to be cushioned, yet work like it's suppose to. My feet feel cradled in this shoe and hard surfaces don't make my feet ache anymore.

These shoes have a small amount of support, but not much, which I like as I'm coming from vibram five fingers. (Sorry vffs, I'm bailing after 2 years of shin splints, no matter what I did).

Highly recommended for walking/running on concrete or tracks. As long as nike continues to make the flex supreme, they will get my money. Please don't change this shoe! A little annoying because I have to pay attention but they are ... I wear them for Zumba and my heel slips on turns. A little annoying because I have to pay attention but they are so cute and comfy, it balances out. Five Stars Nice shoes and the toe area is pretty wide plus plenty long even with socks These run large. I wear a 9.5 exactly in every shoe, but these I bought a 9, and the toe area is pretty wide plus plenty long even with socks. Very comfy and very nice looking shoe. I love them but glad I was able to try them on before purchasing. Five Stars Perfect fit, very comfortable, and a great color. They also fit as expected. Great and comfy for sports Really comfy and nice color A bit pointier toe than depicted... The picture makes the shoe look like it has a ""boxier"" toe rather than the ""pointier"" toe that it actually has. I have wider feet and generally need to buy a size or half size longer to get a comfortable width (in any brand of shoe). I was shooting for a rounder, broader toe design which is more comfortable for me, and I feel that the pictures of this shoe didn't accurately depict what I received, in that one detail. Otherwise, ""the shoe fits."" So I am wearing it. Best shoes ever!!! These are the most comfortable shoes I've used for working out. Extremely light weight and flexible. Loved them so much I purchased two more pair in different colors. Five Stars Very comfortable and looks great! Fits wonderful Love this shoes so comfy and great very everyday use. Runs big Four Stars Nice looking and fit nice Comfortable and lightweight I am a recess aide and on my feet all day long. I tried these shoes on in the store before purchasing them on Amazon. They are very lightweight and comfortable. I was surprised how great they felt. I haven't had a pair of Nikes since Nike shoxs came out. They are so much more lightweight than those. I wore them an entire day the first day and had no problems. The second day; however, I got a pain in my hip to the point where I started limping. As soon as I got home and took them off, the pain was gone the rest of the evening. I'm only 30 by the way. Nothing else in my daily routine changed except wearing these shoes two days in a row. I don't understand why it would make my hip hurt since they are comfortable on my feet, but I'm sure that was the problem. I wore different shoes today and had no pain. I don't think as much as I am on my feet I will be able to wear them an extended amount of time. I will have to rotate wearing them every other day. For normal wear, I believe, people will be fine. I am literally walking or standing six hours a day straight.

**UPDATE: So, initially after wearing them, I had hip pain after wearing them. I don't know if they just needed to be broken in, but I wear them all the time now and have not experienced any pain since the first couple times of wearing them. They are comfortable, and I love them even more now. nice Perfict fit for me. Great looking shoes at a great price. Five Stars The sneakers are very comfortable and fit to size. Wide Feet so Somewhat Tight I've had these shoes for about a week now and have so far enjoyed using them. Considering the fact that I have wide feet, the shoes are slightly tight. However, it doesn't feel uncomfortable nor does it bothers me as I use them throughout my workouts. I know some people personally like when the shoes are a bit tighter or a bit looser so it's all in personal preference. Four Stars I really like them! Four Stars Good light weight shoe...had to add insole for more support. Five Stars I love my tennis shoes LOOKS GOOD, FEELS ICKY! This is a shoe I will wear with black dress pants or jeans when I need comfort and a little style, but I am not impressed.  This is a very flimsy shoe with little support at all.  Not like any Nike I've ever purchased in the past.  It looks nice, but it's not comfortable. Love it!! Definetly recommend it Love it!! Super comfortable and nice!! Got more than I expected, super flexible great for training. Definetly recommend it.",Fashion
B01595OS62,Five Stars,Five Stars Very comfortable and fits perfectly,Fashion
B016XAJLVO,Five Stars,Five Stars Super.,Fashion
B01H7KY678,Read fiber content carefully,"Read fiber content carefully Largely my fault for not reading carefully, but the high synthetic fiber content made the shirt uncomfortable to the touch.  Not the manufacturer's fault, of course.",Fashion
