user_id,item_id,rating,timestamp
ALJ66O1Y6SLHA,B000K2PJ4K,5,1441324800
ALJ66O1Y6SLHA,B000K2PJ4K,5,1441324800
ALJ66O1Y6SLHA,B000K2PJ4K,5,1441324800
ALJ66O1Y6SLHA,B000K2PJ4K,5,1441324800
ALJ66O1Y6SLHA,B000K2PJ4K,5,1441324800
A3W11493KS6Z2L,B000K2PJ4K,3,1430870400
A3W11493KS6Z2L,B000K2PJ4K,5,1430870400
A3W11493KS6Z2L,B000K2PJ4K,5,1430870400
A3W11493KS6Z2L,B000K2PJ4K,5,1430870400
A3W11493KS6Z2L,B000K2PJ4K,3,1430870400
A3HX4X3TIABWOV,B000KPIHQ4,2,1516838400
AW8UBYMNJ894V,B000KPIHQ4,2,1483574400
A265UZVOZWTTXQ,B000KPIHQ4,5,1476662400
AW8UBYMNJ894V,B000KPIHQ4,5,1471824000
A265UZVOZWTTXQ,B000KPIHQ4,5,1458691200
AW8UBYMNJ894V,B000KPIHQ4,5,1435104000
A265UZVOZWTTXQ,B000KPIHQ4,5,1416182400
A3HX4X3TIABWOV,B000V0IBDM,2,1516838400
AW8UBYMNJ894V,B000V0IBDM,2,1483574400
A265UZVOZWTTXQ,B000V0IBDM,5,1476662400
AW8UBYMNJ894V,B000V0IBDM,5,1471824000
A265UZVOZWTTXQ,B000V0IBDM,5,1458691200
AW8UBYMNJ894V,B000V0IBDM,5,1435104000
A265UZVOZWTTXQ,B000V0IBDM,5,1416182400
A3QY3THQ42WSCQ,B000YFSR5G,1,1520812800
AGZ5OOZVDO194,B000YFSR5G,5,1518048000
A3GJ3DJU1RXOHN,B000YFSR4W,4,1277942400
A232J1FHOQI5YN,B000YFSR5G,5,1508889600
A2ON4RYI9Z4SQ,B000YFSR5G,5,1507939200
A3QY3THQ42WSCQ,B000YFSR4W,1,1520812800
A232J1FHOQI5YN,B000YFSR5G,5,1501372800
A1EZN3E9R322YJ,B000YFSR5G,5,1497571200
A3T8NHQYBQSV1X,B000YFSR5G,3,1492473600
A2NEJIX5NIH2ZZ,B000YFSR5G,5,1492041600
A2NEJIX5NIH2ZZ,B000YFSR5G,3,1492041600
A3T8NHQYBQSV1X,B000YFSR5G,4,1491350400
A1G0HYMR02WM2W,B000YFSR5G,3,1490313600
AGZ5OOZVDO194,B000YFSR4W,5,1518048000
A2BFZUQ2XV535H,B000YFSR5G,5,1489190400
ABX2R8Q6GBTJ8,B000YFSR5G,2,1487635200
ABX2R8Q6GBTJ8,B000YFSR5G,2,1487635200
A1Y01U6OZLZE7I,B000YFSR5G,4,1487635200
A21HH0VIBKK80J,B000YFSR5G,1,1486512000
A1G0HYMR02WM2W,B000YFSR5G,3,1485907200
A2BFZUQ2XV535H,B000YFSR5G,5,1485129600
A3E30OLSMGJEVK,B000YFSR5G,5,1457395200
A26TEJJ6YOGWMZ,B000YFSR5G,2,1445817600
A2J9WEIRNVTX61,B000YFSR5G,3,1433980800
A2UUEV4MYOJY66,B000YFSR5G,4,1432425600
A3E30OLSMGJEVK,B000YFSR5G,5,1457395200
A26TEJJ6YOGWMZ,B000YFSR5G,2,1445817600
A2J9WEIRNVTX61,B000YFSR5G,3,1433980800
A2UUEV4MYOJY66,B000YFSR5G,4,1432425600
A36GNVEQP92OPA,B000YFSR5G,5,1423008000
A232J1FHOQI5YN,B000YFSR4W,5,1508889600
A2ON4RYI9Z4SQ,B000YFSR4W,5,1507939200
A3GJ3DJU1RXOHN,B000YFSR5G,4,1277942400
A232J1FHOQI5YN,B000YFSR4W,5,1501372800
A1EZN3E9R322YJ,B000YFSR4W,5,1497571200
A3T8NHQYBQSV1X,B000YFSR4W,3,1492473600
A2NEJIX5NIH2ZZ,B000YFSR4W,5,1492041600
A2NEJIX5NIH2ZZ,B000YFSR4W,3,1492041600
A3T8NHQYBQSV1X,B000YFSR4W,4,1491350400
A1G0HYMR02WM2W,B000YFSR4W,3,1490313600
A2BFZUQ2XV535H,B000YFSR4W,5,1489190400
ABX2R8Q6GBTJ8,B000YFSR4W,2,1487635200
ABX2R8Q6GBTJ8,B000YFSR4W,2,1487635200
A1Y01U6OZLZE7I,B000YFSR4W,4,1487635200
A21HH0VIBKK80J,B000YFSR4W,1,1486512000
A1G0HYMR02WM2W,B000YFSR4W,3,1485907200
A3CNRM11BHAR1A,B0012DR1LU,5,1437523200
A3CNRM11BHAR1A,B0012DR1LU,5,1407283200
A276HQXYS553QW,B0014F8TIU,1,1518998400
A276HQXYS553QW,B0014F8TIU,1,1518998400
A3BN0MRGRDKM0J,B0014F8TIU,5,1506384000
A276HQXYS553QW,B0014F8TIU,4,1446249600
A3HX4X3TIABWOV,B0014HA6VG,4,1454025600
A3HX4X3TIABWOV,B0014HA6VG,5,1453420800
A1Z8U8IPBLBEU5,B0017LD0BM,3,1436659200
A36GNVEQP92OPA,B0017LD0BM,2,1432166400
A33GD4H5O1MK6S,B0017LD0BM,4,1419811200
A12DWXDNZQTKXQ,B0017LD0BM,3,1355443200
A2VR6SWVSF6K4,B0017LD0BM,4,1261699200
A1Z8U8IPBLBEU5,B0017LGD34,3,1436659200
A36GNVEQP92OPA,B0017LGD34,2,1432166400
A33GD4H5O1MK6S,B0017LGD34,4,1419811200
A12DWXDNZQTKXQ,B0017LGD34,3,1355443200
A2VR6SWVSF6K4,B0017LGD34,4,1261699200
A3QY3THQ42WSCQ,B000YFSR5G,1,1520812800
AGZ5OOZVDO194,B000YFSR5G,5,1518048000
A3GJ3DJU1RXOHN,B000YFSR4W,4,1277942400
A232J1FHOQI5YN,B000YFSR5G,5,1508889600
A2ON4RYI9Z4SQ,B000YFSR5G,5,1507939200
A3QY3THQ42WSCQ,B000YFSR4W,1,1520812800
A232J1FHOQI5YN,B000YFSR5G,5,1501372800
A1EZN3E9R322YJ,B000YFSR5G,5,1497571200
A3T8NHQYBQSV1X,B000YFSR5G,3,1492473600
A2NEJIX5NIH2ZZ,B000YFSR5G,5,1492041600
A2NEJIX5NIH2ZZ,B000YFSR5G,3,1492041600
A3T8NHQYBQSV1X,B000YFSR5G,4,1491350400
A1G0HYMR02WM2W,B000YFSR5G,3,1490313600
AGZ5OOZVDO194,B000YFSR4W,5,1518048000
A2BFZUQ2XV535H,B000YFSR5G,5,1489190400
ABX2R8Q6GBTJ8,B000YFSR5G,2,1487635200
ABX2R8Q6GBTJ8,B000YFSR5G,2,1487635200
A1Y01U6OZLZE7I,B000YFSR5G,4,1487635200
A21HH0VIBKK80J,B000YFSR5G,1,1486512000
A1G0HYMR02WM2W,B000YFSR5G,3,1485907200
A2BFZUQ2XV535H,B000YFSR5G,5,1485129600
A3E30OLSMGJEVK,B000YFSR5G,5,1457395200
A26TEJJ6YOGWMZ,B000YFSR5G,2,1445817600
A2J9WEIRNVTX61,B000YFSR5G,3,1433980800
A2UUEV4MYOJY66,B000YFSR5G,4,1432425600
A3E30OLSMGJEVK,B000YFSR5G,5,1457395200
A26TEJJ6YOGWMZ,B000YFSR5G,2,1445817600
A2J9WEIRNVTX61,B000YFSR5G,3,1433980800
A2UUEV4MYOJY66,B000YFSR5G,4,1432425600
A36GNVEQP92OPA,B000YFSR5G,5,1423008000
A232J1FHOQI5YN,B000YFSR4W,5,1508889600
A2ON4RYI9Z4SQ,B000YFSR4W,5,1507939200
A3GJ3DJU1RXOHN,B000YFSR5G,4,1277942400
A232J1FHOQI5YN,B000YFSR4W,5,1501372800
A1EZN3E9R322YJ,B000YFSR4W,5,1497571200
A3T8NHQYBQSV1X,B000YFSR4W,3,1492473600
A2NEJIX5NIH2ZZ,B000YFSR4W,5,1492041600
A2NEJIX5NIH2ZZ,B000YFSR4W,3,1492041600
A3T8NHQYBQSV1X,B000YFSR4W,4,1491350400
A1G0HYMR02WM2W,B000YFSR4W,3,1490313600
A2BFZUQ2XV535H,B000YFSR4W,5,1489190400
ABX2R8Q6GBTJ8,B000YFSR4W,2,1487635200
ABX2R8Q6GBTJ8,B000YFSR4W,2,1487635200
A1Y01U6OZLZE7I,B000YFSR4W,4,1487635200
A21HH0VIBKK80J,B000YFSR4W,1,1486512000
A1G0HYMR02WM2W,B000YFSR4W,3,1485907200
A3CNRM11BHAR1A,B0012DR1LU,5,1437523200
A3CNRM11BHAR1A,B0012DR1LU,5,1407283200
A276HQXYS553QW,B0014F8TIU,1,1518998400
A276HQXYS553QW,B0014F8TIU,1,1518998400
A3BN0MRGRDKM0J,B0014F8TIU,5,1506384000
A276HQXYS553QW,B0014F8TIU,4,1446249600
A3HX4X3TIABWOV,B0014HA6VG,4,1454025600
A3HX4X3TIABWOV,B0014HA6VG,5,1453420800
A1Z8U8IPBLBEU5,B0017LD0BM,3,1436659200
A36GNVEQP92OPA,B0017LD0BM,2,1432166400
A33GD4H5O1MK6S,B0017LD0BM,4,1419811200
A12DWXDNZQTKXQ,B0017LD0BM,3,1355443200
A2VR6SWVSF6K4,B0017LD0BM,4,1261699200
A1Z8U8IPBLBEU5,B0017LGD34,3,1436659200
A36GNVEQP92OPA,B0017LGD34,2,1432166400
A33GD4H5O1MK6S,B0017LGD34,4,1419811200
A12DWXDNZQTKXQ,B0017LGD34,3,1355443200
A2VR6SWVSF6K4,B0017LGD34,4,1261699200
A3UMNRR89DIZRM,B001IKJOLW,4,1461024000
AZRZ2FB7CFNOE,B001IKJOLW,5,1460937600
A4M7JTCBXRAT3,B001IKJOLW,3,1459728000
A2TRI54C8EMCX,B001IKJOLW,5,1459382400
A1WVSBL8J4ZESK,B001IKJOLW,5,1459123200
A2GJUMX0CRHLIN,B001IKJOLW,2,1459123200
A3KAX5RZ4XH9L7,B001IKJOLW,4,1458777600
A2YI41MCJB2QCV,B001IKJOLW,3,1458691200
A3ONF0JD2UBP54,B001IKJOLW,5,1458432000
A3R09ZAUTB2PUU,B001IKJOLW,5,1458259200
A1VH37JYIIHE3F,B001IKJOLW,5,1524355200
AOZHQ15OKY2ZT,B001IKJOLW,3,1524096000
A2YZERYQTLB8NG,B001IKJOLW,5,1524009600
A2EGVPBTNJI3HB,B001IKJOLW,5,1524009600
A1B3W4RSJ1CJEO,B001IKJOLW,5,1523836800
A3P9DECTULU1B3,B001IKJOLW,5,1523750400
A353OJ19SEMPT4,B001IKJOLW,3,1523577600
A1CIQ2ULKB933A,B001IKJOLW,3,1523232000
A1TFZVGT6J5NYZ,B001IKJOLW,5,1523232000
A2IJJUO99LXIXG,B001IKJOLW,5,1523145600
A1CKPC88NHMYGR,B001IKJOLW,5,1523059200
A1S4O68F0UG4GA,B001IKJOLW,5,1522800000
A8C8Q1GQPYPR3,B001IKJOLW,4,1522713600
A3RHNGQAZWUX01,B001IKJOLW,5,1522713600
A2ILUTAAPPZY79,B001IKJOLW,5,1522454400
A21PLUMLST80EK,B001IKJOLW,5,1522195200
A1R9CFF27RIALC,B001IKJOLW,3,1522108800
A3KKVVAINMZF9D,B001IKJOLW,5,1521676800
AHQZL3LSIR57E,B001IKJOLW,5,1521676800
A36UF843501J4Y,B001IKJOLW,5,1521590400
AJ74ZOS1UKOBA,B001IKJOLW,5,1521504000
A3UTTXFSBNV2V7,B001IKJOLW,5,1521417600
A2QPBIA0HKEL96,B001IKJOLW,5,1521417600
AHXQ0PAMEKC0P,B001IKJOLW,4,1521244800
A2P6I9PGAVEW6E,B001IKJOLW,5,1520899200
A6CXK8NXD50R2,B001IKJOLW,1,1520726400
A39943Z2419XIU,B001IKJOLW,5,1520208000
A2RZ3T3ECENTMO,B001IKJOLW,5,1519948800
A16BGUHQH20CIP,B001IKJOLW,5,1519776000
A3O3KF45YVTOGY,B001IKJOLW,5,1519689600
A3TLWN2BRF1QH5,B001IKJOLW,5,1519689600
A2ZGEESHHGFZKL,B001IKJOLW,5,1519689600
AUE82PKEUMKZB,B001IKJOLW,1,1519516800
A2UVALXRJ35D1A,B001IKJOLW,2,1519516800
A3E05IUHHCTRJC,B001IKJOLW,5,1519171200
A3RNGBSBRJ3YAQ,B001IKJOLW,5,1519084800
A13W5DGU9QF721,B001IKJOLW,5,1518566400
A2QRWCN5YR05G9,B001IKJOLW,5,1518566400
A2UALK0MY7S3C2,B001IKJOLW,5,1518393600
A5JF4EQ9MQC78,B001IKJOLW,5,1517443200
A3VGHF7VNFBMCQ,B001IKJOLW,5,1517443200
A13JGYKUU10QKH,B001IKJOLW,5,1517184000
ATHL3S7ZD436V,B001IKJOLW,4,1516838400
A36T5MSMYI9F3C,B001IKJOLW,5,1516233600
ACZAPPQ95QM86,B001IKJOLW,5,1515628800
A23TE15JI8Q2YQ,B001IKJOLW,1,1515542400
AC5PPX3XLCZN1,B001IKJOLW,5,1515542400
A3U0BBRU2Q85LE,B001IKJOLW,3,1515456000
A174EEWMHB3J8N,B001IKJOLW,5,1515369600
A1VXFXHDY4SRI5,B001IKJOLW,5,1515369600
A1FQAVH5JBSV6A,B001IKJOLW,5,1515283200
A2GBBOXDACUA6,B001IKJOLW,5,1514505600
A2LZMWZ1CM4PF3,B001IKJOLW,5,1514419200
A1UVWOQTPDSYGY,B001IKJOLW,2,1513468800
A18530DRJJ0QAF,B001IKJOLW,5,1513468800
A2LSGH30A8AN2Y,B001IKJOLW,3,1512432000
A1LKTJ6HKH077C,B001IKJOLW,5,1512432000
A1DX2WRQ2ZHAEK,B001IKJOLW,5,1512345600
A2PWOO618R3IKJ,B001IKJOLW,5,1512000000
AERFS3FMQJJ9L,B001IKJOLW,3,1512000000
A22FYN2DKXSWS0,B001IKJOLW,3,1511827200
A22WH1BPQH7XJD,B001IKJOLW,4,1511827200
A3OP70LPLALBKN,B001IKJOLW,5,1511740800
A3OP70LPLALBKN,B001IKJOLW,5,1511740800
A1BN6I0B2OF7WB,B001IKJOLW,1,1511049600
A2PYQN4T4LV0NP,B001IKJOLW,5,1510617600
A14LN0R1PQA5WI,B001IKJOLW,4,1510358400
A35U6TP5276HMD,B001IKJOLW,5,1510272000
AKZNLII88A0KO,B001IKJOLW,5,1510185600
A3PZ1TJ71WPLXV,B001IKJOLW,4,1510012800
A3M69Q5SNV7U0X,B001IKJOLW,2,1509840000
A2GOOFFNUI20XI,B001IKJOLW,5,1509753600
A10Z8PKPUJ7YHO,B001IKJOLW,3,1509753600
AHFAVT1MUB29W,B001IKJOLW,4,1509667200
A10X6EMVZGVX9E,B001IKJOLW,5,1509580800
A3JPU96NVWGUF5,B001IKJOLW,4,1509408000
A2620Z0QR2OFYC,B001IKJOLW,5,1509235200
A312BTXKFHK927,B001IKJOLW,5,1508976000
A30HFZ2FW8CQBI,B001IKJOLW,5,1508976000
AF70T61UO8MCD,B001IKJOLW,5,1508889600
AJX8JEGB4Z8AI,B001IKJOLW,5,1508803200
A2HMEEX4K9UX81,B001IKJOLW,5,1508630400
AKG96VVJ8XANP,B001IKJOLW,3,1508284800
A34LYR4FWZ77CA,B001IKJOLW,5,1507852800
A2M3ZNLCYPZ5A1,B001IKJOLW,3,1507593600
AQAY0P6DQAWDL,B001IKJOLW,5,1506988800
A246RG8KSPK5XS,B001IKJOLW,5,1506902400
A2JCYVQLKWULGM,B001IKJOLW,5,1506470400
A1EF7YWCNN7E9K,B001IKJOLW,5,1506470400
AQWZQKD0N851T,B001IKJOLW,5,1506384000
A3V6I3EA3X3SCE,B001IKJOLW,5,1506297600
AGT48Z76ZQSQU,B001IKJOLW,5,1505865600
A2W3B4YHP3HZ9R,B001IKJOLW,5,1505692800
AGVYFU0PR5IWV,B001IKJOLW,5,1505520000
A2SU06VTWMFP7C,B001IKJOLW,5,1505347200
AVZB7UFLT6VD,B001IKJOLW,5,1505260800
ANPPQ1G3RP88H,B001IKJOLW,5,1505001600
ABONZZSS8YG3K,B001IKJOLW,5,1504742400
A2T8BWOO7BFBWY,B001IKJOLW,5,1504569600
A1NTI9B7VY30JM,B001IKJOLW,5,1504483200
AM9TTLTT6DR1W,B001IKJOLW,4,1503964800
AP8CWOZ30P4GH,B001IKJOLW,1,1503964800
A2ORP5RT8NQ0Q7,B001IKJOLW,5,1503964800
A5Z3UGOPDBJPW,B001IKJOLW,5,1503792000
A2GWLCDWM7V59I,B001IKJOLW,4,1503532800
A2XUQXG9J9SRTG,B001IKJOLW,1,1503532800
A2R0RL0TF6E9VC,B001IKJOLW,5,1503273600
AB29N6EMOFEVW,B001IKJOLW,5,1503187200
A2Y2IKO63FNHQE,B001IKJOLW,3,1502928000
A1OK7HI3YI9682,B001IKJOLW,5,1502928000
A39U1R8S96YIR4,B001IKJOLW,5,1502755200
A1Z37N7XE7FRD2,B001IKJOLW,5,1502668800
A3LGYYLGO2KJOE,B001IKJOLW,5,1502496000
A1J3XYI0M1D0LW,B001IKJOLW,4,1502409600
A9KR8PT0Z47CL,B001IKJOLW,3,1502150400
A1AUEUD7NP1LUC,B001IKJOLW,5,1502150400
A177WB7O660HS8,B001IKJOLW,5,1502064000
A38BS1VCQ4XSGV,B001IKJOLW,5,1501804800
A38X15IJFAPHZP,B001IKJOLW,3,1501632000
A1OFFB5DLIHH41,B001IKJOLW,5,1500508800
A1PFKS00R93MRZ,B001IKJOLW,5,1500336000
A23H50RT6SLXY9,B001IKJOLW,4,1500336000
APWLFTPOXQCCG,B001IKJOLW,5,1500336000
AN5PL4KUZS35E,B001IKJOLW,5,1500336000
A37EEIAK5YJGTS,B001IKJOLW,5,1500336000
A87LWEOT3ZJU7,B001IKJOLW,5,1500336000
A1LCV2UNXGHB0W,B001IKJOLW,5,1500336000
A3O0UBMD8CSF1V,B001IKJOLW,5,1500076800
A184AKBVD3WI86,B001IKJOLW,3,1500076800
A3I0ZDRING4F8W,B001IKJOLW,5,1499558400
AXZ02W7FMBC35,B001IKJOLW,5,1499472000
A29K85C92Z8HGR,B001IKJOLW,4,1499385600
AE6W48FPMKO4L,B001IKJOLW,3,1498867200
AKY3EYDEZVW6C,B001IKJOLW,5,1498780800
A1GQ2TRY8J631M,B001IKJOLW,5,1498608000
A21M1G84SE8SOO,B001IKJOLW,5,1498435200
AU2OMN6TEN4GA,B001IKJOLW,5,1498003200
A2PJ5F6BY1TZNK,B001IKJOLW,5,1497916800
A3B23RZXRXYT9Q,B001IKJOLW,5,1497916800
A3JTZ664IGZIOK,B001IKJOLW,4,1497830400
A2JOUOASELY1XR,B001IKJOLW,5,1497830400
ADTQ22MUSQFIR,B001IKJOLW,5,1497830400
A1OM5S4Z9J2JQQ,B001IKJOLW,3,1497571200
AXJZFD1IUBAE7,B001IKJOLW,5,1497484800
A3UO0DDWXIJ8DW,B001IKJOLW,5,1497484800
A4GR8SDFRBSDV,B001IKJOLW,5,1497398400
A29ACU3O9IMICZ,B001IKJOLW,5,1497312000
A9C9408H23DRM,B001IKJOLW,5,1496880000
A3T9CL6JYWAP40,B001IKJOLW,1,1496620800
A3W0GO31B8Y2KE,B001IKJOLW,5,1496361600
A3GQXGVAIH5EU4,B001IKJOLW,5,1496102400
A14LVJDMDABMML,B001IKJOLW,5,1496102400
AJWKZNI5VHW86,B001IKJOLW,4,1496016000
A3J4XAGMLTHFHZ,B001IKJOLW,3,1495670400
A12FBA7DCFE5W7,B001IKJOLW,5,1495411200
A2ZE58RF22658T,B001IKJOLW,5,1495411200
AT7UEQ7UJB0RU,B001IKJOLW,5,1495152000
AT7UEQ7UJB0RU,B001IKJOLW,5,1495152000
A10WPKF2VH1JWY,B001IKJOLW,4,1495065600
A2ABEGA0S52R5E,B001IKJOLW,4,1494806400
ADD8OMIBXZ89G,B001IKJOLW,3,1494374400
A1P2JWDZ4SFW78,B001IKJOLW,5,1494115200
AI4KO5XDRKDFR,B001IKJOLW,5,1494028800
A24DSR6Y3A08QM,B001IKJOLW,5,1493942400
A1E4Y7BABMEA03,B001IKJOLW,5,1493769600
AJDX5KE665V0K,B001IKJOLW,5,1493769600
A1SR58S4CXKU5G,B001IKJOLW,4,1493683200
A3D71DQPAAI6O4,B001IKJOLW,5,1493596800
AASAT3YLO3WTB,B001IKJOLW,5,1493337600
A1RNS06YMZXM0K,B001IKJOLW,4,1493251200
A21SV1XYXF2GK,B001IKJOLW,4,1493251200
A17DW041T4X7TJ,B001IKJOLW,5,1493164800
A14TS9PCRLLWEG,B001IKJOLW,5,1493078400
A2ZMHBMNYFXOX7,B001IKJOLW,4,1492992000
A1K0VEMIB5QF7I,B001IKJOLW,5,1492992000
A135KOM855ZA5,B001IKJOLW,5,1492646400
A2IAB9QOQH3IA6,B001IKJOLW,5,1492560000
A3S1CGGMXE41RR,B001IKJOLW,5,1492473600
A3B4FM5VE99X4P,B001IKJOLW,5,1492387200
AKJVCU7H1KDWI,B001IKJOLW,5,1492214400
AFD4WKNPLPS3I,B001IKJOLW,5,1492128000
A36GUL3Z65YSIP,B001IKJOLW,4,1491868800
AT72GRKOXVE25,B001IKJOLW,5,1491868800
A2AEJ9NTLWD61V,B001IKJOLW,5,1491782400
AWEIW3G1E0MKO,B001IKJOLW,5,1491782400
A2IFCGU2IQ6KAV,B001IKJOLW,4,1491782400
A2AGT9INDKDK6B,B001IKJOLW,5,1491609600
A2Q6OH5LUQXPFV,B001IKJOLW,4,1491350400
ADLAYE3PNYFJM,B001IKJOLW,5,1491350400
AZ7LUSY20ZFSC,B001IKJOLW,5,1491264000
A1L7TD1CZQDK6R,B001IKJOLW,5,1491091200
A3T1O294HJJTUH,B001IKJOLW,4,1490832000
A3EOYFVP68048C,B001IKJOLW,5,1490745600
A2JX7ESVMGXMJY,B001IKJOLW,2,1490486400
A2K5ZBX75J80TX,B001IKJOLW,1,1490400000
AY9TXNLYCD9L5,B001IKJOLW,5,1490313600
A9MOCNHJD03PI,B001IKJOLW,5,1490313600
AEUUYBIO73RLA,B001IKJOLW,5,1490227200
A3A2DRPMDCRFBC,B001IKJOLW,5,1490054400
A140XVPLRQYKYY,B001IKJOLW,4,1489968000
A2KMWD77XBGZ8K,B001IKJOLW,5,1489795200
A25SOIZ0IZE1YY,B001IKJOLW,5,1489795200
A1ZR8LQHUOUFJP,B001IKJOLW,3,1489708800
A2AAABWQUYH26V,B001IKJOLW,4,1489536000
A3LBTMJ453T4W6,B001IKJOLW,3,1489536000
A2NBGWZH3VC2EW,B001IKJOLW,5,1489536000
A3B5TYITM5FKRO,B001IKJOLW,5,1489449600
A2O3GSYI4B5Z9H,B001IKJOLW,5,1489363200
AG1CF6PFNBOQH,B001IKJOLW,5,1489276800
A1LLDHUO4OLXYI,B001IKJOLW,5,1488931200
A37K0VP2H8FKOU,B001IKJOLW,4,1488931200
A37K0VP2H8FKOU,B001IKJOLW,4,1488931200
AZYHPRWLMSY9O,B001IKJOLW,5,1488758400
A1GZ9Z5M3Q4FDK,B001IKJOLW,5,1488067200
A3F5015D4BBJM9,B001IKJOLW,4,1487894400
ABKS5CX4GI72B,B001IKJOLW,5,1487894400
A2A1WECA7Y5UPN,B001IKJOLW,4,1487635200
A3PRZ9ESGB2KPU,B001IKJOLW,5,1487635200
A3JGWZXFBDENRB,B001IKJOLW,3,1487203200
A6BHQ6FNIRI1K,B001IKJOLW,5,1487116800
A1EE1EP2G0HKQ,B001IKJOLW,5,1486944000
A2DDYH2QTGQ6FZ,B001IKJOLW,5,1486857600
A2T47RI1J0I7JM,B001IKJOLW,5,1486771200
ABWHIDHK8JSRD,B001IKJOLW,4,1486512000
ADUWEIS0CHJV8,B001IKJOLW,4,1486339200
A2JD3RN8JCO62Z,B001IKJOLW,2,1485993600
A3BN0MRGRDKM0J,B001IKJOLW,5,1485907200
AODFGQL9CC7G7,B001IKJOLW,3,1485820800
A13P82MG3XFWV1,B001IKJOLW,5,1485302400
A8I41EKH4UI1Y,B001IKJOLW,5,1485043200
ADJRDVMENHF0J,B001IKJOLW,5,1484870400
A3QKKFB26AZSMG,B001IKJOLW,5,1484697600
A1IE5BGNY2JTF4,B001IKJOLW,2,1484697600
A1F6LKEC43RSZM,B001IKJOLW,5,1484697600
A3BZKR332FQEP8,B001IKJOLW,5,1484697600
ARY4E7Y947T9P,B001IKJOLW,4,1484697600
A8DR2Z71DERN0,B001IKJOLW,1,1484438400
A3RP2S6J4VUA7D,B001IKJOLW,4,1484265600
A34NDY5V71MVJ6,B001IKJOLW,5,1484179200
A2AXI9WHORKU6X,B001IKJOLW,5,1484179200
AOYR5V85UYA8O,B001IKJOLW,5,1484006400
A38Z4KJHHVY0AU,B001IKJOLW,5,1483747200
A1WK3VVSUB1FY7,B001IKJOLW,5,1483747200
A3KWGJH9EBRLE8,B001IKJOLW,4,1483660800
A199ICSPL9EXJ5,B001IKJOLW,1,1483488000
A11D8CLU9H24YK,B001IKJOLW,5,1483488000
A3A90ECS7ALV4T,B001IKJOLW,5,1483228800
A1LLX8PMQSAUHT,B001IKJOLW,5,1483228800
A62VUJ6MUZU6M,B001IKJOLW,5,1483142400
A37RTXMIC21YOH,B001IKJOLW,5,1482969600
A2JMHGCCBZPYP4,B001IKJOLW,5,1482969600
A29KOO6WMPLGOQ,B001IKJOLW,5,1482883200
A3LWEZO2OWFJX5,B001IKJOLW,5,1482883200
A1IR4GED6BXNSR,B001IKJOLW,5,1482796800
A9MNC403IAKFS,B001IKJOLW,2,1482624000
ASEXDKPTYY14D,B001IKJOLW,5,1482451200
AEHOCC2S72M38,B001IKJOLW,5,1482364800
A1R7S4XNZLSLBH,B001IKJOLW,2,1481846400
A3PTZ7IHGU9BA8,B001IKJOLW,1,1481760000
AZ7P3NH09B66S,B001IKJOLW,5,1481500800
A37OEAOYVLKYC,B001IKJOLW,5,1481500800
A1QGX3IWOHIZYA,B001IKJOLW,4,1481155200
A1DF4MM3K93J0W,B001IKJOLW,4,1480809600
A2VMKNYTJ973O3,B001IKJOLW,4,1480636800
A1OZMZ4FLR5UPW,B001IKJOLW,5,1480636800
A3G2IEH99QRNYP,B001IKJOLW,5,1480550400
A9E07GS8ZV3ON,B001IKJOLW,5,1480291200
ACDIEMICS7XGC,B001IKJOLW,5,1480204800
A1223JGQ0GRSPT,B001IKJOLW,5,1479859200
AUDAQGK21DH1Z,B001IKJOLW,4,1479686400
ATSUXY7ASCGPY,B001IKJOLW,4,1479254400
AY6GA8WZR3JKV,B001IKJOLW,5,1479254400
A1NBH6OGAD3BSK,B001IKJOLW,3,1479081600
A3DIMXA53RL7P,B001IKJOLW,5,1478822400
A2RI4IA5982B8I,B001IKJOLW,4,1478822400
A1EWNWTJPKEO4Z,B001IKJOLW,5,1478649600
AXKDU1CHG7Y4,B001IKJOLW,4,1478563200
A2FCRNY9C46Q4H,B001IKJOLW,5,1478476800
AJWSFNS4F87M6,B001IKJOLW,3,1478390400
A2KGKIJ528667I,B001IKJOLW,3,1477785600
A2CP5A30XO5JUO,B001IKJOLW,5,1477699200
A6IYTCB1PQ6NR,B001IKJOLW,3,1477440000
A3CXL2P49AQQRH,B001IKJOLW,5,1477353600
A1TEBP1FCCJW5V,B001IKJOLW,5,1477267200
AD7ZF3D5JH9HL,B001IKJOLW,5,1477267200
A2HL6AXS8GU07F,B001IKJOLW,5,1476835200
A3GJ2XW7W3VC5L,B001IKJOLW,5,1476662400
A1X1ZJUOWLSFPG,B001IKJOLW,5,1476489600
A2QVLSH9P0BFA6,B001IKJOLW,4,1476144000
A17SQ5GHL7FCTZ,B001IKJOLW,3,1475971200
A2JYB3OMH5QEBV,B001IKJOLW,4,1475625600
A717DJ1DZRTC5,B001IKJOLW,3,1475280000
A2NKNE9SV2KIN2,B001IKJOLW,5,1474848000
AZ3KLARHNWMNZ,B001IKJOLW,5,1474588800
A218T4MO2D9DF3,B001IKJOLW,5,1474156800
A39XW67H6XEUOJ,B001IKJOLW,1,1473638400
A3SM5XENOINDNH,B001IKJOLW,1,1473552000
AMDBCZOTA9PVG,B001IKJOLW,5,1473379200
AIIPH3GX5LWS0,B001IKJOLW,4,1473120000
ASOSP4VAUDB7I,B001IKJOLW,4,1472774400
A11JLWK8H96AU,B001IKJOLW,5,1472428800
AC5WLG32YTU5K,B001IKJOLW,5,1472256000
A2MIBT81MX859C,B001IKJOLW,5,1472256000
A2YPMEQ0QQ2I50,B001IKJOLW,3,1472169600
A12LDKOWDBPQTC,B001IKJOLW,5,1471910400
A2S1234WV0NH27,B001IKJOLW,5,1471651200
A3R2PQ01UGPDOX,B001IKJOLW,5,1471219200
AV2MXVWMTERBK,B001IKJOLW,5,1471219200
A2UE1H1A7NH56P,B001IKJOLW,5,1471132800
A36XF6818PQ4DJ,B001IKJOLW,5,1470614400
A2SF88GW3AWEFK,B001IKJOLW,3,1470355200
AIM9MWMG87AWG,B001IKJOLW,5,1469577600
AK1X6JAJ2L389,B001IKJOLW,5,1469145600
A3IO5BLF4EPZDR,B001IKJOLW,3,1469059200
A26TU9F2BSPSGT,B001IKJOLW,5,1468886400
ABRX0RQNRXX85,B001IKJOLW,5,1468800000
A2GXUQFUWMZ2FH,B001IKJOLW,5,1468368000
AS378UOMHULXO,B001IKJOLW,5,1467331200
A3QX1A6IPFQTN9,B001IKJOLW,5,1467331200
A3LJ4LLR2UX4CB,B001IKJOLW,5,1467072000
A34WSGSH5OBAM2,B001IKJOLW,5,1466812800
A2QJWHL4HY9FMF,B001IKJOLW,3,1466467200
AXVYVUK058AM3,B001IKJOLW,5,1466294400
A1AS1520CGYJ79,B001IKJOLW,5,1466035200
AIP4C9MG13COB,B001IKJOLW,5,1465516800
A1X1DXP9HGXG27,B001IKJOLW,5,1465084800
AIO1XEP0AIDQJ,B001IKJOLW,5,1464825600
AYNXCABS73RDW,B001IKJOLW,5,1464480000
A2X2KP4XXM06OU,B001IKJOLW,5,1464393600
A15DWAOMHKY7F2,B001IKJOLW,5,1464048000
A2P87PVYP2KLT6,B001IKJOLW,4,1464048000
A1OOBIVO3APP7E,B001IKJOLW,5,1463702400
A2G9JO5SZ3GUXH,B001IKJOLW,5,1463529600
A14NH559TEDFQL,B001IKJOLW,5,1463356800
A2KCFRMKVHYSU7,B001IKJOLW,5,1463270400
A10RXRZE0TAKPU,B001IKJOLW,4,1462924800
A22WG2NE4D47UM,B001IKJOLW,5,1462838400
A1SC6HVU28ND3D,B001IKJOLW,5,1462752000
AJDH2WVLX79KA,B001IKJOLW,5,1462665600
AVHVZJ5HB6FSK,B001IKJOLW,4,1462579200
AG8MPE8CQAPM7,B001IKJOLW,4,1462320000
A1AWX0M8R6A2I1,B001IKJOLW,5,1462320000
AT5OQFDS6PEE1,B001IKJOLW,5,1461369600
AOFQAZVA6Q6E7,B001IKJOLW,5,1461196800
A2C6XHB0AEBNEG,B001IKJOLW,4,1461110400
A3GJ3DJU1RXOHN,B001LNSY2Q,4,1277942400
A3E30OLSMGJEVK,B001LNSY2Q,5,1457395200
A26TEJJ6YOGWMZ,B001LNSY2Q,2,1445817600
A2J9WEIRNVTX61,B001LNSY2Q,3,1433980800
A2UUEV4MYOJY66,B001LNSY2Q,4,1432425600
A2C6XHB0AEBNEG,B0058YEJ5K,4,1461110400
A3UMNRR89DIZRM,B0058YEJ5K,4,1461024000
AZRZ2FB7CFNOE,B0058YEJ5K,5,1460937600
A4M7JTCBXRAT3,B0058YEJ5K,3,1459728000
A2TRI54C8EMCX,B0058YEJ5K,5,1459382400
A1WVSBL8J4ZESK,B0058YEJ5K,5,1459123200
A2GJUMX0CRHLIN,B0058YEJ5K,2,1459123200
A3KAX5RZ4XH9L7,B0058YEJ5K,4,1458777600
A2YI41MCJB2QCV,B0058YEJ5K,3,1458691200
A3ONF0JD2UBP54,B0058YEJ5K,5,1458432000
A3NAUSUOBMW1XH,B0058YEJ5K,3,1525046400
AHZ8GGXF4BCNP,B0058YEJ5K,5,1524700800
A1OWUKMLTHKYG,B0058YEJ5K,5,1524528000
A1VH37JYIIHE3F,B0058YEJ5K,5,1524355200
AOZHQ15OKY2ZT,B0058YEJ5K,3,1524096000
A2YZERYQTLB8NG,B0058YEJ5K,5,1524009600
A2EGVPBTNJI3HB,B0058YEJ5K,5,1524009600
A1B3W4RSJ1CJEO,B0058YEJ5K,5,1523836800
A3P9DECTULU1B3,B0058YEJ5K,5,1523750400
A353OJ19SEMPT4,B0058YEJ5K,3,1523577600
A1CIQ2ULKB933A,B0058YEJ5K,3,1523232000
A1TFZVGT6J5NYZ,B0058YEJ5K,5,1523232000
A2IJJUO99LXIXG,B0058YEJ5K,5,1523145600
A1CKPC88NHMYGR,B0058YEJ5K,5,1523059200
A1S4O68F0UG4GA,B0058YEJ5K,5,1522800000
A8C8Q1GQPYPR3,B0058YEJ5K,4,1522713600
A3RHNGQAZWUX01,B0058YEJ5K,5,1522713600
A2ILUTAAPPZY79,B0058YEJ5K,5,1522454400
A21PLUMLST80EK,B0058YEJ5K,5,1522195200
A1R9CFF27RIALC,B0058YEJ5K,3,1522108800
A3KKVVAINMZF9D,B0058YEJ5K,5,1521676800
AHQZL3LSIR57E,B0058YEJ5K,5,1521676800
A36UF843501J4Y,B0058YEJ5K,5,1521590400
AJ74ZOS1UKOBA,B0058YEJ5K,5,1521504000
A3UTTXFSBNV2V7,B0058YEJ5K,5,1521417600
A2QPBIA0HKEL96,B0058YEJ5K,5,1521417600
AHXQ0PAMEKC0P,B0058YEJ5K,4,1521244800
A2P6I9PGAVEW6E,B0058YEJ5K,5,1520899200
A6CXK8NXD50R2,B0058YEJ5K,1,1520726400
A39943Z2419XIU,B0058YEJ5K,5,1520208000
A2RZ3T3ECENTMO,B0058YEJ5K,5,1519948800
A16BGUHQH20CIP,B0058YEJ5K,5,1519776000
A3O3KF45YVTOGY,B0058YEJ5K,5,1519689600
A3TLWN2BRF1QH5,B0058YEJ5K,5,1519689600
A2ZGEESHHGFZKL,B0058YEJ5K,5,1519689600
AUE82PKEUMKZB,B0058YEJ5K,1,1519516800
A2UVALXRJ35D1A,B0058YEJ5K,2,1519516800
A3E05IUHHCTRJC,B0058YEJ5K,5,1519171200
A3RNGBSBRJ3YAQ,B0058YEJ5K,5,1519084800
A13W5DGU9QF721,B0058YEJ5K,5,1518566400
A2QRWCN5YR05G9,B0058YEJ5K,5,1518566400
A2UALK0MY7S3C2,B0058YEJ5K,5,1518393600
A5JF4EQ9MQC78,B0058YEJ5K,5,1517443200
A3VGHF7VNFBMCQ,B0058YEJ5K,5,1517443200
A13JGYKUU10QKH,B0058YEJ5K,5,1517184000
ATHL3S7ZD436V,B0058YEJ5K,4,1516838400
A36T5MSMYI9F3C,B0058YEJ5K,5,1516233600
ACZAPPQ95QM86,B0058YEJ5K,5,1515628800
A23TE15JI8Q2YQ,B0058YEJ5K,1,1515542400
AC5PPX3XLCZN1,B0058YEJ5K,5,1515542400
A3U0BBRU2Q85LE,B0058YEJ5K,3,1515456000
A174EEWMHB3J8N,B0058YEJ5K,5,1515369600
A1VXFXHDY4SRI5,B0058YEJ5K,5,1515369600
A1FQAVH5JBSV6A,B0058YEJ5K,5,1515283200
A2GBBOXDACUA6,B0058YEJ5K,5,1514505600
A2LZMWZ1CM4PF3,B0058YEJ5K,5,1514419200
A1UVWOQTPDSYGY,B0058YEJ5K,2,1513468800
A18530DRJJ0QAF,B0058YEJ5K,5,1513468800
A2LSGH30A8AN2Y,B0058YEJ5K,3,1512432000
A1LKTJ6HKH077C,B0058YEJ5K,5,1512432000
A1DX2WRQ2ZHAEK,B0058YEJ5K,5,1512345600
A2PWOO618R3IKJ,B0058YEJ5K,5,1512000000
AERFS3FMQJJ9L,B0058YEJ5K,3,1512000000
A22FYN2DKXSWS0,B0058YEJ5K,3,1511827200
A22WH1BPQH7XJD,B0058YEJ5K,4,1511827200
A3OP70LPLALBKN,B0058YEJ5K,5,1511740800
A3OP70LPLALBKN,B0058YEJ5K,5,1511740800
A1BN6I0B2OF7WB,B0058YEJ5K,1,1511049600
A2PYQN4T4LV0NP,B0058YEJ5K,5,1510617600
A14LN0R1PQA5WI,B0058YEJ5K,4,1510358400
A35U6TP5276HMD,B0058YEJ5K,5,1510272000
AKZNLII88A0KO,B0058YEJ5K,5,1510185600
A3PZ1TJ71WPLXV,B0058YEJ5K,4,1510012800
A3M69Q5SNV7U0X,B0058YEJ5K,2,1509840000
A2GOOFFNUI20XI,B0058YEJ5K,5,1509753600
A10Z8PKPUJ7YHO,B0058YEJ5K,3,1509753600
AHFAVT1MUB29W,B0058YEJ5K,4,1509667200
A10X6EMVZGVX9E,B0058YEJ5K,5,1509580800
A3JPU96NVWGUF5,B0058YEJ5K,4,1509408000
A2620Z0QR2OFYC,B0058YEJ5K,5,1509235200
A312BTXKFHK927,B0058YEJ5K,5,1508976000
A30HFZ2FW8CQBI,B0058YEJ5K,5,1508976000
AF70T61UO8MCD,B0058YEJ5K,5,1508889600
AJX8JEGB4Z8AI,B0058YEJ5K,5,1508803200
A2HMEEX4K9UX81,B0058YEJ5K,5,1508630400
AKG96VVJ8XANP,B0058YEJ5K,3,1508284800
A34LYR4FWZ77CA,B0058YEJ5K,5,1507852800
A2M3ZNLCYPZ5A1,B0058YEJ5K,3,1507593600
AQAY0P6DQAWDL,B0058YEJ5K,5,1506988800
A246RG8KSPK5XS,B0058YEJ5K,5,1506902400
A2JCYVQLKWULGM,B0058YEJ5K,5,1506470400
A1EF7YWCNN7E9K,B0058YEJ5K,5,1506470400
AQWZQKD0N851T,B0058YEJ5K,5,1506384000
A3V6I3EA3X3SCE,B0058YEJ5K,5,1506297600
AGT48Z76ZQSQU,B0058YEJ5K,5,1505865600
A2W3B4YHP3HZ9R,B0058YEJ5K,5,1505692800
AGVYFU0PR5IWV,B0058YEJ5K,5,1505520000
A2SU06VTWMFP7C,B0058YEJ5K,5,1505347200
AVZB7UFLT6VD,B0058YEJ5K,5,1505260800
ANPPQ1G3RP88H,B0058YEJ5K,5,1505001600
ABONZZSS8YG3K,B0058YEJ5K,5,1504742400
A2T8BWOO7BFBWY,B0058YEJ5K,5,1504569600
A1NTI9B7VY30JM,B0058YEJ5K,5,1504483200
AM9TTLTT6DR1W,B0058YEJ5K,4,1503964800
AP8CWOZ30P4GH,B0058YEJ5K,1,1503964800
A2ORP5RT8NQ0Q7,B0058YEJ5K,5,1503964800
A5Z3UGOPDBJPW,B0058YEJ5K,5,1503792000
A2GWLCDWM7V59I,B0058YEJ5K,4,1503532800
A2XUQXG9J9SRTG,B0058YEJ5K,1,1503532800
A2R0RL0TF6E9VC,B0058YEJ5K,5,1503273600
AB29N6EMOFEVW,B0058YEJ5K,5,1503187200
A2Y2IKO63FNHQE,B0058YEJ5K,3,1502928000
A1OK7HI3YI9682,B0058YEJ5K,5,1502928000
A39U1R8S96YIR4,B0058YEJ5K,5,1502755200
A1Z37N7XE7FRD2,B0058YEJ5K,5,1502668800
A3LGYYLGO2KJOE,B0058YEJ5K,5,1502496000
A1J3XYI0M1D0LW,B0058YEJ5K,4,1502409600
A9KR8PT0Z47CL,B0058YEJ5K,3,1502150400
A1AUEUD7NP1LUC,B0058YEJ5K,5,1502150400
A177WB7O660HS8,B0058YEJ5K,5,1502064000
A38BS1VCQ4XSGV,B0058YEJ5K,5,1501804800
A38X15IJFAPHZP,B0058YEJ5K,3,1501632000
A1OFFB5DLIHH41,B0058YEJ5K,5,1500508800
A1PFKS00R93MRZ,B0058YEJ5K,5,1500336000
A23H50RT6SLXY9,B0058YEJ5K,4,1500336000
APWLFTPOXQCCG,B0058YEJ5K,5,1500336000
AN5PL4KUZS35E,B0058YEJ5K,5,1500336000
A37EEIAK5YJGTS,B0058YEJ5K,5,1500336000
A87LWEOT3ZJU7,B0058YEJ5K,5,1500336000
A1LCV2UNXGHB0W,B0058YEJ5K,5,1500336000
A3O0UBMD8CSF1V,B0058YEJ5K,5,1500076800
A184AKBVD3WI86,B0058YEJ5K,3,1500076800
A3I0ZDRING4F8W,B0058YEJ5K,5,1499558400
AXZ02W7FMBC35,B0058YEJ5K,5,1499472000
A29K85C92Z8HGR,B0058YEJ5K,4,1499385600
AE6W48FPMKO4L,B0058YEJ5K,3,1498867200
AKY3EYDEZVW6C,B0058YEJ5K,5,1498780800
A1GQ2TRY8J631M,B0058YEJ5K,5,1498608000
A21M1G84SE8SOO,B0058YEJ5K,5,1498435200
AU2OMN6TEN4GA,B0058YEJ5K,5,1498003200
A2PJ5F6BY1TZNK,B0058YEJ5K,5,1497916800
A3B23RZXRXYT9Q,B0058YEJ5K,5,1497916800
A3JTZ664IGZIOK,B0058YEJ5K,4,1497830400
A2JOUOASELY1XR,B0058YEJ5K,5,1497830400
ADTQ22MUSQFIR,B0058YEJ5K,5,1497830400
A1OM5S4Z9J2JQQ,B0058YEJ5K,3,1497571200
AXJZFD1IUBAE7,B0058YEJ5K,5,1497484800
A3UO0DDWXIJ8DW,B0058YEJ5K,5,1497484800
A4GR8SDFRBSDV,B0058YEJ5K,5,1497398400
A29ACU3O9IMICZ,B0058YEJ5K,5,1497312000
A9C9408H23DRM,B0058YEJ5K,5,1496880000
A3T9CL6JYWAP40,B0058YEJ5K,1,1496620800
A3W0GO31B8Y2KE,B0058YEJ5K,5,1496361600
A3GQXGVAIH5EU4,B0058YEJ5K,5,1496102400
A14LVJDMDABMML,B0058YEJ5K,5,1496102400
AJWKZNI5VHW86,B0058YEJ5K,4,1496016000
A3J4XAGMLTHFHZ,B0058YEJ5K,3,1495670400
A12FBA7DCFE5W7,B0058YEJ5K,5,1495411200
A2ZE58RF22658T,B0058YEJ5K,5,1495411200
AT7UEQ7UJB0RU,B0058YEJ5K,5,1495152000
AT7UEQ7UJB0RU,B0058YEJ5K,5,1495152000
A10WPKF2VH1JWY,B0058YEJ5K,4,1495065600
A2ABEGA0S52R5E,B0058YEJ5K,4,1494806400
ADD8OMIBXZ89G,B0058YEJ5K,3,1494374400
A1P2JWDZ4SFW78,B0058YEJ5K,5,1494115200
AI4KO5XDRKDFR,B0058YEJ5K,5,1494028800
A24DSR6Y3A08QM,B0058YEJ5K,5,1493942400
A1E4Y7BABMEA03,B0058YEJ5K,5,1493769600
AJDX5KE665V0K,B0058YEJ5K,5,1493769600
A1SR58S4CXKU5G,B0058YEJ5K,4,1493683200
A3D71DQPAAI6O4,B0058YEJ5K,5,1493596800
AASAT3YLO3WTB,B0058YEJ5K,5,1493337600
A1RNS06YMZXM0K,B0058YEJ5K,4,1493251200
A21SV1XYXF2GK,B0058YEJ5K,4,1493251200
A17DW041T4X7TJ,B0058YEJ5K,5,1493164800
A14TS9PCRLLWEG,B0058YEJ5K,5,1493078400
A2ZMHBMNYFXOX7,B0058YEJ5K,4,1492992000
A1K0VEMIB5QF7I,B0058YEJ5K,5,1492992000
A135KOM855ZA5,B0058YEJ5K,5,1492646400
A2IAB9QOQH3IA6,B0058YEJ5K,5,1492560000
A3S1CGGMXE41RR,B0058YEJ5K,5,1492473600
A3B4FM5VE99X4P,B0058YEJ5K,5,1492387200
AKJVCU7H1KDWI,B0058YEJ5K,5,1492214400
AFD4WKNPLPS3I,B0058YEJ5K,5,1492128000
A36GUL3Z65YSIP,B0058YEJ5K,4,1491868800
AT72GRKOXVE25,B0058YEJ5K,5,1491868800
A2AEJ9NTLWD61V,B0058YEJ5K,5,1491782400
AWEIW3G1E0MKO,B0058YEJ5K,5,1491782400
A2IFCGU2IQ6KAV,B0058YEJ5K,4,1491782400
A2AGT9INDKDK6B,B0058YEJ5K,5,1491609600
A2Q6OH5LUQXPFV,B0058YEJ5K,4,1491350400
ADLAYE3PNYFJM,B0058YEJ5K,5,1491350400
AZ7LUSY20ZFSC,B0058YEJ5K,5,1491264000
A1L7TD1CZQDK6R,B0058YEJ5K,5,1491091200
A3T1O294HJJTUH,B0058YEJ5K,4,1490832000
A3EOYFVP68048C,B0058YEJ5K,5,1490745600
A2JX7ESVMGXMJY,B0058YEJ5K,2,1490486400
A2K5ZBX75J80TX,B0058YEJ5K,1,1490400000
AY9TXNLYCD9L5,B0058YEJ5K,5,1490313600
A9MOCNHJD03PI,B0058YEJ5K,5,1490313600
AEUUYBIO73RLA,B0058YEJ5K,5,1490227200
A3A2DRPMDCRFBC,B0058YEJ5K,5,1490054400
A140XVPLRQYKYY,B0058YEJ5K,4,1489968000
A2KMWD77XBGZ8K,B0058YEJ5K,5,1489795200
A25SOIZ0IZE1YY,B0058YEJ5K,5,1489795200
A1ZR8LQHUOUFJP,B0058YEJ5K,3,1489708800
A2AAABWQUYH26V,B0058YEJ5K,4,1489536000
A3LBTMJ453T4W6,B0058YEJ5K,3,1489536000
A2NBGWZH3VC2EW,B0058YEJ5K,5,1489536000
A3B5TYITM5FKRO,B0058YEJ5K,5,1489449600
A2O3GSYI4B5Z9H,B0058YEJ5K,5,1489363200
AG1CF6PFNBOQH,B0058YEJ5K,5,1489276800
A1LLDHUO4OLXYI,B0058YEJ5K,5,1488931200
A37K0VP2H8FKOU,B0058YEJ5K,4,1488931200
A37K0VP2H8FKOU,B0058YEJ5K,4,1488931200
AZYHPRWLMSY9O,B0058YEJ5K,5,1488758400
A1GZ9Z5M3Q4FDK,B0058YEJ5K,5,1488067200
A3F5015D4BBJM9,B0058YEJ5K,4,1487894400
ABKS5CX4GI72B,B0058YEJ5K,5,1487894400
A2A1WECA7Y5UPN,B0058YEJ5K,4,1487635200
A3PRZ9ESGB2KPU,B0058YEJ5K,5,1487635200
A3JGWZXFBDENRB,B0058YEJ5K,3,1487203200
A6BHQ6FNIRI1K,B0058YEJ5K,5,1487116800
A1EE1EP2G0HKQ,B0058YEJ5K,5,1486944000
A2DDYH2QTGQ6FZ,B0058YEJ5K,5,1486857600
A2T47RI1J0I7JM,B0058YEJ5K,5,1486771200
ABWHIDHK8JSRD,B0058YEJ5K,4,1486512000
ADUWEIS0CHJV8,B0058YEJ5K,4,1486339200
A2JD3RN8JCO62Z,B0058YEJ5K,2,1485993600
A3BN0MRGRDKM0J,B0058YEJ5K,5,1485907200
AODFGQL9CC7G7,B0058YEJ5K,3,1485820800
A13P82MG3XFWV1,B0058YEJ5K,5,1485302400
A8I41EKH4UI1Y,B0058YEJ5K,5,1485043200
ADJRDVMENHF0J,B0058YEJ5K,5,1484870400
A3QKKFB26AZSMG,B0058YEJ5K,5,1484697600
A1IE5BGNY2JTF4,B0058YEJ5K,2,1484697600
A1F6LKEC43RSZM,B0058YEJ5K,5,1484697600
A3BZKR332FQEP8,B0058YEJ5K,5,1484697600
ARY4E7Y947T9P,B0058YEJ5K,4,1484697600
A8DR2Z71DERN0,B0058YEJ5K,1,1484438400
A3RP2S6J4VUA7D,B0058YEJ5K,4,1484265600
A34NDY5V71MVJ6,B0058YEJ5K,5,1484179200
A2AXI9WHORKU6X,B0058YEJ5K,5,1484179200
AOYR5V85UYA8O,B0058YEJ5K,5,1484006400
A38Z4KJHHVY0AU,B0058YEJ5K,5,1483747200
A1WK3VVSUB1FY7,B0058YEJ5K,5,1483747200
A3KWGJH9EBRLE8,B0058YEJ5K,4,1483660800
A199ICSPL9EXJ5,B0058YEJ5K,1,1483488000
A11D8CLU9H24YK,B0058YEJ5K,5,1483488000
A3A90ECS7ALV4T,B0058YEJ5K,5,1483228800
A1LLX8PMQSAUHT,B0058YEJ5K,5,1483228800
A62VUJ6MUZU6M,B0058YEJ5K,5,1483142400
A37RTXMIC21YOH,B0058YEJ5K,5,1482969600
A2JMHGCCBZPYP4,B0058YEJ5K,5,1482969600
A29KOO6WMPLGOQ,B0058YEJ5K,5,1482883200
A3LWEZO2OWFJX5,B0058YEJ5K,5,1482883200
A1IR4GED6BXNSR,B0058YEJ5K,5,1482796800
A9MNC403IAKFS,B0058YEJ5K,2,1482624000
ASEXDKPTYY14D,B0058YEJ5K,5,1482451200
AEHOCC2S72M38,B0058YEJ5K,5,1482364800
A1R7S4XNZLSLBH,B0058YEJ5K,2,1481846400
A3PTZ7IHGU9BA8,B0058YEJ5K,1,1481760000
AZ7P3NH09B66S,B0058YEJ5K,5,1481500800
A37OEAOYVLKYC,B0058YEJ5K,5,1481500800
A1QGX3IWOHIZYA,B0058YEJ5K,4,1481155200
A1DF4MM3K93J0W,B0058YEJ5K,4,1480809600
A2VMKNYTJ973O3,B0058YEJ5K,4,1480636800
A1OZMZ4FLR5UPW,B0058YEJ5K,5,1480636800
A3G2IEH99QRNYP,B0058YEJ5K,5,1480550400
A9E07GS8ZV3ON,B0058YEJ5K,5,1480291200
ACDIEMICS7XGC,B0058YEJ5K,5,1480204800
A1223JGQ0GRSPT,B0058YEJ5K,5,1479859200
AUDAQGK21DH1Z,B0058YEJ5K,4,1479686400
ATSUXY7ASCGPY,B0058YEJ5K,4,1479254400
AY6GA8WZR3JKV,B0058YEJ5K,5,1479254400
A1NBH6OGAD3BSK,B0058YEJ5K,3,1479081600
A3DIMXA53RL7P,B0058YEJ5K,5,1478822400
A2RI4IA5982B8I,B0058YEJ5K,4,1478822400
A1EWNWTJPKEO4Z,B0058YEJ5K,5,1478649600
AXKDU1CHG7Y4,B0058YEJ5K,4,1478563200
A2FCRNY9C46Q4H,B0058YEJ5K,5,1478476800
AJWSFNS4F87M6,B0058YEJ5K,3,1478390400
A2KGKIJ528667I,B0058YEJ5K,3,1477785600
A2CP5A30XO5JUO,B0058YEJ5K,5,1477699200
A6IYTCB1PQ6NR,B0058YEJ5K,3,1477440000
A3CXL2P49AQQRH,B0058YEJ5K,5,1477353600
A1TEBP1FCCJW5V,B0058YEJ5K,5,1477267200
AD7ZF3D5JH9HL,B0058YEJ5K,5,1477267200
A2HL6AXS8GU07F,B0058YEJ5K,5,1476835200
A3GJ2XW7W3VC5L,B0058YEJ5K,5,1476662400
A1X1ZJUOWLSFPG,B0058YEJ5K,5,1476489600
A2QVLSH9P0BFA6,B0058YEJ5K,4,1476144000
A17SQ5GHL7FCTZ,B0058YEJ5K,3,1475971200
A2JYB3OMH5QEBV,B0058YEJ5K,4,1475625600
A717DJ1DZRTC5,B0058YEJ5K,3,1475280000
A2NKNE9SV2KIN2,B0058YEJ5K,5,1474848000
AZ3KLARHNWMNZ,B0058YEJ5K,5,1474588800
A218T4MO2D9DF3,B0058YEJ5K,5,1474156800
A39XW67H6XEUOJ,B0058YEJ5K,1,1473638400
A3SM5XENOINDNH,B0058YEJ5K,1,1473552000
AMDBCZOTA9PVG,B0058YEJ5K,5,1473379200
AIIPH3GX5LWS0,B0058YEJ5K,4,1473120000
ASOSP4VAUDB7I,B0058YEJ5K,4,1472774400
A11JLWK8H96AU,B0058YEJ5K,5,1472428800
AC5WLG32YTU5K,B0058YEJ5K,5,1472256000
A2MIBT81MX859C,B0058YEJ5K,5,1472256000
A2YPMEQ0QQ2I50,B0058YEJ5K,3,1472169600
A12LDKOWDBPQTC,B0058YEJ5K,5,1471910400
A2S1234WV0NH27,B0058YEJ5K,5,1471651200
A3R2PQ01UGPDOX,B0058YEJ5K,5,1471219200
AV2MXVWMTERBK,B0058YEJ5K,5,1471219200
A2UE1H1A7NH56P,B0058YEJ5K,5,1471132800
A36XF6818PQ4DJ,B0058YEJ5K,5,1470614400
A2SF88GW3AWEFK,B0058YEJ5K,3,1470355200
AIM9MWMG87AWG,B0058YEJ5K,5,1469577600
AK1X6JAJ2L389,B0058YEJ5K,5,1469145600
A3IO5BLF4EPZDR,B0058YEJ5K,3,1469059200
A26TU9F2BSPSGT,B0058YEJ5K,5,1468886400
ABRX0RQNRXX85,B0058YEJ5K,5,1468800000
A2GXUQFUWMZ2FH,B0058YEJ5K,5,1468368000
AS378UOMHULXO,B0058YEJ5K,5,1467331200
A3QX1A6IPFQTN9,B0058YEJ5K,5,1467331200
A3LJ4LLR2UX4CB,B0058YEJ5K,5,1467072000
A34WSGSH5OBAM2,B0058YEJ5K,5,1466812800
A2QJWHL4HY9FMF,B0058YEJ5K,3,1466467200
AXVYVUK058AM3,B0058YEJ5K,5,1466294400
A1AS1520CGYJ79,B0058YEJ5K,5,1466035200
AIP4C9MG13COB,B0058YEJ5K,5,1465516800
A1X1DXP9HGXG27,B0058YEJ5K,5,1465084800
AIO1XEP0AIDQJ,B0058YEJ5K,5,1464825600
AYNXCABS73RDW,B0058YEJ5K,5,1464480000
A2X2KP4XXM06OU,B0058YEJ5K,5,1464393600
A15DWAOMHKY7F2,B0058YEJ5K,5,1464048000
A2P87PVYP2KLT6,B0058YEJ5K,4,1464048000
A1OOBIVO3APP7E,B0058YEJ5K,5,1463702400
A2G9JO5SZ3GUXH,B0058YEJ5K,5,1463529600
A14NH559TEDFQL,B0058YEJ5K,5,1463356800
A2KCFRMKVHYSU7,B0058YEJ5K,5,1463270400
A10RXRZE0TAKPU,B0058YEJ5K,4,1462924800
A22WG2NE4D47UM,B0058YEJ5K,5,1462838400
A1SC6HVU28ND3D,B0058YEJ5K,5,1462752000
AJDH2WVLX79KA,B0058YEJ5K,5,1462665600
AVHVZJ5HB6FSK,B0058YEJ5K,4,1462579200
AG8MPE8CQAPM7,B0058YEJ5K,4,1462320000
A1AWX0M8R6A2I1,B0058YEJ5K,5,1462320000
AT5OQFDS6PEE1,B0058YEJ5K,5,1461369600
AOFQAZVA6Q6E7,B0058YEJ5K,5,1461196800
A3ONF0JD2UBP54,B0014F7B98,5,1458432000
A3R09ZAUTB2PUU,B0014F7B98,5,1458259200
A3P1MRTMU7EH0D,B0014F7B98,4,1458086400
ATS6HOUGOVX0D,B0014F7B98,5,1457827200
A12AWD9L3DD93E,B0014F7B98,5,1457222400
A1D6THAJG4XGSP,B0014F7B98,5,1456876800
A2N97FVE233YZ4,B0014F7B98,5,1525478400
A2YIR9LKJO8W37,B0014F7B98,5,1525305600
A3NAUSUOBMW1XH,B0014F7B98,3,1525046400
AHZ8GGXF4BCNP,B0014F7B98,5,1524700800
A1OWUKMLTHKYG,B0014F7B98,5,1524528000
A1VH37JYIIHE3F,B0014F7B98,5,1524355200
AOZHQ15OKY2ZT,B0014F7B98,3,1524096000
A2YZERYQTLB8NG,B0014F7B98,5,1524009600
A2EGVPBTNJI3HB,B0014F7B98,5,1524009600
A1B3W4RSJ1CJEO,B0014F7B98,5,1523836800
A3P9DECTULU1B3,B0014F7B98,5,1523750400
A353OJ19SEMPT4,B0014F7B98,3,1523577600
A1CIQ2ULKB933A,B0014F7B98,3,1523232000
A1TFZVGT6J5NYZ,B0014F7B98,5,1523232000
A2IJJUO99LXIXG,B0014F7B98,5,1523145600
A1CKPC88NHMYGR,B0014F7B98,5,1523059200
A1S4O68F0UG4GA,B0014F7B98,5,1522800000
A8C8Q1GQPYPR3,B0014F7B98,4,1522713600
A3RHNGQAZWUX01,B0014F7B98,5,1522713600
A2ILUTAAPPZY79,B0014F7B98,5,1522454400
A21PLUMLST80EK,B0014F7B98,5,1522195200
A1R9CFF27RIALC,B0014F7B98,3,1522108800
A3KKVVAINMZF9D,B0014F7B98,5,1521676800
AHQZL3LSIR57E,B0014F7B98,5,1521676800
A36UF843501J4Y,B0014F7B98,5,1521590400
AJ74ZOS1UKOBA,B0014F7B98,5,1521504000
A3UTTXFSBNV2V7,B0014F7B98,5,1521417600
A2QPBIA0HKEL96,B0014F7B98,5,1521417600
AHXQ0PAMEKC0P,B0014F7B98,4,1521244800
A2P6I9PGAVEW6E,B0014F7B98,5,1520899200
A6CXK8NXD50R2,B0014F7B98,1,1520726400
A39943Z2419XIU,B0014F7B98,5,1520208000
A2RZ3T3ECENTMO,B0014F7B98,5,1519948800
A16BGUHQH20CIP,B0014F7B98,5,1519776000
A3O3KF45YVTOGY,B0014F7B98,5,1519689600
A3TLWN2BRF1QH5,B0014F7B98,5,1519689600
A2ZGEESHHGFZKL,B0014F7B98,5,1519689600
AUE82PKEUMKZB,B0014F7B98,1,1519516800
A2UVALXRJ35D1A,B0014F7B98,2,1519516800
A3E05IUHHCTRJC,B0014F7B98,5,1519171200
A3RNGBSBRJ3YAQ,B0014F7B98,5,1519084800
A13W5DGU9QF721,B0014F7B98,5,1518566400
A2QRWCN5YR05G9,B0014F7B98,5,1518566400
A2UALK0MY7S3C2,B0014F7B98,5,1518393600
A5JF4EQ9MQC78,B0014F7B98,5,1517443200
A3VGHF7VNFBMCQ,B0014F7B98,5,1517443200
A13JGYKUU10QKH,B0014F7B98,5,1517184000
ATHL3S7ZD436V,B0014F7B98,4,1516838400
A36T5MSMYI9F3C,B0014F7B98,5,1516233600
ACZAPPQ95QM86,B0014F7B98,5,1515628800
A23TE15JI8Q2YQ,B0014F7B98,1,1515542400
AC5PPX3XLCZN1,B0014F7B98,5,1515542400
A3U0BBRU2Q85LE,B0014F7B98,3,1515456000
A174EEWMHB3J8N,B0014F7B98,5,1515369600
A1VXFXHDY4SRI5,B0014F7B98,5,1515369600
A1FQAVH5JBSV6A,B0014F7B98,5,1515283200
A2GBBOXDACUA6,B0014F7B98,5,1514505600
A2LZMWZ1CM4PF3,B0014F7B98,5,1514419200
A1UVWOQTPDSYGY,B0014F7B98,2,1513468800
A18530DRJJ0QAF,B0014F7B98,5,1513468800
A2LSGH30A8AN2Y,B0014F7B98,3,1512432000
A1LKTJ6HKH077C,B0014F7B98,5,1512432000
A1DX2WRQ2ZHAEK,B0014F7B98,5,1512345600
A2PWOO618R3IKJ,B0014F7B98,5,1512000000
AERFS3FMQJJ9L,B0014F7B98,3,1512000000
A22FYN2DKXSWS0,B0014F7B98,3,1511827200
A22WH1BPQH7XJD,B0014F7B98,4,1511827200
A3OP70LPLALBKN,B0014F7B98,5,1511740800
A3OP70LPLALBKN,B0014F7B98,5,1511740800
A1BN6I0B2OF7WB,B0014F7B98,1,1511049600
A2PYQN4T4LV0NP,B0014F7B98,5,1510617600
A14LN0R1PQA5WI,B0014F7B98,4,1510358400
A35U6TP5276HMD,B0014F7B98,5,1510272000
AKZNLII88A0KO,B0014F7B98,5,1510185600
A3PZ1TJ71WPLXV,B0014F7B98,4,1510012800
A3M69Q5SNV7U0X,B0014F7B98,2,1509840000
A2GOOFFNUI20XI,B0014F7B98,5,1509753600
A10Z8PKPUJ7YHO,B0014F7B98,3,1509753600
AHFAVT1MUB29W,B0014F7B98,4,1509667200
A10X6EMVZGVX9E,B0014F7B98,5,1509580800
A3JPU96NVWGUF5,B0014F7B98,4,1509408000
A2620Z0QR2OFYC,B0014F7B98,5,1509235200
A312BTXKFHK927,B0014F7B98,5,1508976000
A30HFZ2FW8CQBI,B0014F7B98,5,1508976000
AF70T61UO8MCD,B0014F7B98,5,1508889600
AJX8JEGB4Z8AI,B0014F7B98,5,1508803200
A2HMEEX4K9UX81,B0014F7B98,5,1508630400
AKG96VVJ8XANP,B0014F7B98,3,1508284800
A34LYR4FWZ77CA,B0014F7B98,5,1507852800
A2M3ZNLCYPZ5A1,B0014F7B98,3,1507593600
AQAY0P6DQAWDL,B0014F7B98,5,1506988800
A246RG8KSPK5XS,B0014F7B98,5,1506902400
A2JCYVQLKWULGM,B0014F7B98,5,1506470400
A1EF7YWCNN7E9K,B0014F7B98,5,1506470400
AQWZQKD0N851T,B0014F7B98,5,1506384000
A3V6I3EA3X3SCE,B0014F7B98,5,1506297600
AGT48Z76ZQSQU,B0014F7B98,5,1505865600
A2W3B4YHP3HZ9R,B0014F7B98,5,1505692800
AGVYFU0PR5IWV,B0014F7B98,5,1505520000
A2SU06VTWMFP7C,B0014F7B98,5,1505347200
AVZB7UFLT6VD,B0014F7B98,5,1505260800
ANPPQ1G3RP88H,B0014F7B98,5,1505001600
ABONZZSS8YG3K,B0014F7B98,5,1504742400
A2T8BWOO7BFBWY,B0014F7B98,5,1504569600
A1NTI9B7VY30JM,B0014F7B98,5,1504483200
AM9TTLTT6DR1W,B0014F7B98,4,1503964800
AP8CWOZ30P4GH,B0014F7B98,1,1503964800
A2ORP5RT8NQ0Q7,B0014F7B98,5,1503964800
A5Z3UGOPDBJPW,B0014F7B98,5,1503792000
A2GWLCDWM7V59I,B0014F7B98,4,1503532800
A2XUQXG9J9SRTG,B0014F7B98,1,1503532800
A2R0RL0TF6E9VC,B0014F7B98,5,1503273600
AB29N6EMOFEVW,B0014F7B98,5,1503187200
A2Y2IKO63FNHQE,B0014F7B98,3,1502928000
A1OK7HI3YI9682,B0014F7B98,5,1502928000
A39U1R8S96YIR4,B0014F7B98,5,1502755200
A1Z37N7XE7FRD2,B0014F7B98,5,1502668800
A3LGYYLGO2KJOE,B0014F7B98,5,1502496000
A1J3XYI0M1D0LW,B0014F7B98,4,1502409600
A9KR8PT0Z47CL,B0014F7B98,3,1502150400
A1AUEUD7NP1LUC,B0014F7B98,5,1502150400
A177WB7O660HS8,B0014F7B98,5,1502064000
A38BS1VCQ4XSGV,B0014F7B98,5,1501804800
A38X15IJFAPHZP,B0014F7B98,3,1501632000
A1OFFB5DLIHH41,B0014F7B98,5,1500508800
A1PFKS00R93MRZ,B0014F7B98,5,1500336000
A23H50RT6SLXY9,B0014F7B98,4,1500336000
APWLFTPOXQCCG,B0014F7B98,5,1500336000
AN5PL4KUZS35E,B0014F7B98,5,1500336000
A37EEIAK5YJGTS,B0014F7B98,5,1500336000
A87LWEOT3ZJU7,B0014F7B98,5,1500336000
A1LCV2UNXGHB0W,B0014F7B98,5,1500336000
A3O0UBMD8CSF1V,B0014F7B98,5,1500076800
A184AKBVD3WI86,B0014F7B98,3,1500076800
A3I0ZDRING4F8W,B0014F7B98,5,1499558400
AXZ02W7FMBC35,B0014F7B98,5,1499472000
A29K85C92Z8HGR,B0014F7B98,4,1499385600
AE6W48FPMKO4L,B0014F7B98,3,1498867200
AKY3EYDEZVW6C,B0014F7B98,5,1498780800
A1GQ2TRY8J631M,B0014F7B98,5,1498608000
A21M1G84SE8SOO,B0014F7B98,5,1498435200
AU2OMN6TEN4GA,B0014F7B98,5,1498003200
A2PJ5F6BY1TZNK,B0014F7B98,5,1497916800
A3B23RZXRXYT9Q,B0014F7B98,5,1497916800
A3JTZ664IGZIOK,B0014F7B98,4,1497830400
A2JOUOASELY1XR,B0014F7B98,5,1497830400
ADTQ22MUSQFIR,B0014F7B98,5,1497830400
A1OM5S4Z9J2JQQ,B0014F7B98,3,1497571200
AXJZFD1IUBAE7,B0014F7B98,5,1497484800
A3UO0DDWXIJ8DW,B0014F7B98,5,1497484800
A4GR8SDFRBSDV,B0014F7B98,5,1497398400
A29ACU3O9IMICZ,B0014F7B98,5,1497312000
A9C9408H23DRM,B0014F7B98,5,1496880000
A3T9CL6JYWAP40,B0014F7B98,1,1496620800
A3W0GO31B8Y2KE,B0014F7B98,5,1496361600
A3GQXGVAIH5EU4,B0014F7B98,5,1496102400
A14LVJDMDABMML,B0014F7B98,5,1496102400
AJWKZNI5VHW86,B0014F7B98,4,1496016000
A3J4XAGMLTHFHZ,B0014F7B98,3,1495670400
A12FBA7DCFE5W7,B0014F7B98,5,1495411200
A2ZE58RF22658T,B0014F7B98,5,1495411200
AT7UEQ7UJB0RU,B0014F7B98,5,1495152000
AT7UEQ7UJB0RU,B0014F7B98,5,1495152000
A10WPKF2VH1JWY,B0014F7B98,4,1495065600
A2ABEGA0S52R5E,B0014F7B98,4,1494806400
ADD8OMIBXZ89G,B0014F7B98,3,1494374400
A1P2JWDZ4SFW78,B0014F7B98,5,1494115200
AI4KO5XDRKDFR,B0014F7B98,5,1494028800
A24DSR6Y3A08QM,B0014F7B98,5,1493942400
A1E4Y7BABMEA03,B0014F7B98,5,1493769600
AJDX5KE665V0K,B0014F7B98,5,1493769600
A1SR58S4CXKU5G,B0014F7B98,4,1493683200
A3D71DQPAAI6O4,B0014F7B98,5,1493596800
AASAT3YLO3WTB,B0014F7B98,5,1493337600
A1RNS06YMZXM0K,B0014F7B98,4,1493251200
A21SV1XYXF2GK,B0014F7B98,4,1493251200
A17DW041T4X7TJ,B0014F7B98,5,1493164800
A14TS9PCRLLWEG,B0014F7B98,5,1493078400
A2ZMHBMNYFXOX7,B0014F7B98,4,1492992000
A1K0VEMIB5QF7I,B0014F7B98,5,1492992000
A135KOM855ZA5,B0014F7B98,5,1492646400
A2IAB9QOQH3IA6,B0014F7B98,5,1492560000
A3S1CGGMXE41RR,B0014F7B98,5,1492473600
A3B4FM5VE99X4P,B0014F7B98,5,1492387200
AKJVCU7H1KDWI,B0014F7B98,5,1492214400
AFD4WKNPLPS3I,B0014F7B98,5,1492128000
A36GUL3Z65YSIP,B0014F7B98,4,1491868800
AT72GRKOXVE25,B0014F7B98,5,1491868800
A2AEJ9NTLWD61V,B0014F7B98,5,1491782400
AWEIW3G1E0MKO,B0014F7B98,5,1491782400
A2IFCGU2IQ6KAV,B0014F7B98,4,1491782400
A2AGT9INDKDK6B,B0014F7B98,5,1491609600
A2Q6OH5LUQXPFV,B0014F7B98,4,1491350400
ADLAYE3PNYFJM,B0014F7B98,5,1491350400
AZ7LUSY20ZFSC,B0014F7B98,5,1491264000
A1L7TD1CZQDK6R,B0014F7B98,5,1491091200
A3T1O294HJJTUH,B0014F7B98,4,1490832000
A3EOYFVP68048C,B0014F7B98,5,1490745600
A2JX7ESVMGXMJY,B0014F7B98,2,1490486400
A2K5ZBX75J80TX,B0014F7B98,1,1490400000
AY9TXNLYCD9L5,B0014F7B98,5,1490313600
A9MOCNHJD03PI,B0014F7B98,5,1490313600
AEUUYBIO73RLA,B0014F7B98,5,1490227200
A3A2DRPMDCRFBC,B0014F7B98,5,1490054400
A140XVPLRQYKYY,B0014F7B98,4,1489968000
A2KMWD77XBGZ8K,B0014F7B98,5,1489795200
A25SOIZ0IZE1YY,B0014F7B98,5,1489795200
A1ZR8LQHUOUFJP,B0014F7B98,3,1489708800
A2AAABWQUYH26V,B0014F7B98,4,1489536000
A3LBTMJ453T4W6,B0014F7B98,3,1489536000
A2NBGWZH3VC2EW,B0014F7B98,5,1489536000
A3B5TYITM5FKRO,B0014F7B98,5,1489449600
A2O3GSYI4B5Z9H,B0014F7B98,5,1489363200
AG1CF6PFNBOQH,B0014F7B98,5,1489276800
A1LLDHUO4OLXYI,B0014F7B98,5,1488931200
A37K0VP2H8FKOU,B0014F7B98,4,1488931200
A37K0VP2H8FKOU,B0014F7B98,4,1488931200
AZYHPRWLMSY9O,B0014F7B98,5,1488758400
A1GZ9Z5M3Q4FDK,B0014F7B98,5,1488067200
A3F5015D4BBJM9,B0014F7B98,4,1487894400
ABKS5CX4GI72B,B0014F7B98,5,1487894400
A2A1WECA7Y5UPN,B0014F7B98,4,1487635200
A3PRZ9ESGB2KPU,B0014F7B98,5,1487635200
A3JGWZXFBDENRB,B0014F7B98,3,1487203200
A6BHQ6FNIRI1K,B0014F7B98,5,1487116800
A1EE1EP2G0HKQ,B0014F7B98,5,1486944000
A2DDYH2QTGQ6FZ,B0014F7B98,5,1486857600
A2T47RI1J0I7JM,B0014F7B98,5,1486771200
ABWHIDHK8JSRD,B0014F7B98,4,1486512000
ADUWEIS0CHJV8,B0014F7B98,4,1486339200
A2JD3RN8JCO62Z,B0014F7B98,2,1485993600
A3BN0MRGRDKM0J,B0014F7B98,5,1485907200
AODFGQL9CC7G7,B0014F7B98,3,1485820800
A13P82MG3XFWV1,B0014F7B98,5,1485302400
A8I41EKH4UI1Y,B0014F7B98,5,1485043200
ADJRDVMENHF0J,B0014F7B98,5,1484870400
A3QKKFB26AZSMG,B0014F7B98,5,1484697600
A1IE5BGNY2JTF4,B0014F7B98,2,1484697600
A1F6LKEC43RSZM,B0014F7B98,5,1484697600
A3BZKR332FQEP8,B0014F7B98,5,1484697600
ARY4E7Y947T9P,B0014F7B98,4,1484697600
A8DR2Z71DERN0,B0014F7B98,1,1484438400
A3RP2S6J4VUA7D,B0014F7B98,4,1484265600
A34NDY5V71MVJ6,B0014F7B98,5,1484179200
A2AXI9WHORKU6X,B0014F7B98,5,1484179200
AOYR5V85UYA8O,B0014F7B98,5,1484006400
A38Z4KJHHVY0AU,B0014F7B98,5,1483747200
A1WK3VVSUB1FY7,B0014F7B98,5,1483747200
A3KWGJH9EBRLE8,B0014F7B98,4,1483660800
A199ICSPL9EXJ5,B0014F7B98,1,1483488000
A11D8CLU9H24YK,B0014F7B98,5,1483488000
A3A90ECS7ALV4T,B0014F7B98,5,1483228800
A1LLX8PMQSAUHT,B0014F7B98,5,1483228800
A62VUJ6MUZU6M,B0014F7B98,5,1483142400
A37RTXMIC21YOH,B0014F7B98,5,1482969600
A2JMHGCCBZPYP4,B0014F7B98,5,1482969600
A29KOO6WMPLGOQ,B0014F7B98,5,1482883200
A3LWEZO2OWFJX5,B0014F7B98,5,1482883200
A1IR4GED6BXNSR,B0014F7B98,5,1482796800
A9MNC403IAKFS,B0014F7B98,2,1482624000
ASEXDKPTYY14D,B0014F7B98,5,1482451200
AEHOCC2S72M38,B0014F7B98,5,1482364800
A1R7S4XNZLSLBH,B0014F7B98,2,1481846400
A3PTZ7IHGU9BA8,B0014F7B98,1,1481760000
AZ7P3NH09B66S,B0014F7B98,5,1481500800
A37OEAOYVLKYC,B0014F7B98,5,1481500800
A1QGX3IWOHIZYA,B0014F7B98,4,1481155200
A1DF4MM3K93J0W,B0014F7B98,4,1480809600
A2VMKNYTJ973O3,B0014F7B98,4,1480636800
A1OZMZ4FLR5UPW,B0014F7B98,5,1480636800
A3G2IEH99QRNYP,B0014F7B98,5,1480550400
A9E07GS8ZV3ON,B0014F7B98,5,1480291200
ACDIEMICS7XGC,B0014F7B98,5,1480204800
A1223JGQ0GRSPT,B0014F7B98,5,1479859200
AUDAQGK21DH1Z,B0014F7B98,4,1479686400
ATSUXY7ASCGPY,B0014F7B98,4,1479254400
AY6GA8WZR3JKV,B0014F7B98,5,1479254400
A1NBH6OGAD3BSK,B0014F7B98,3,1479081600
A3DIMXA53RL7P,B0014F7B98,5,1478822400
A2RI4IA5982B8I,B0014F7B98,4,1478822400
A1EWNWTJPKEO4Z,B0014F7B98,5,1478649600
AXKDU1CHG7Y4,B0014F7B98,4,1478563200
A2FCRNY9C46Q4H,B0014F7B98,5,1478476800
AJWSFNS4F87M6,B0014F7B98,3,1478390400
A2KGKIJ528667I,B0014F7B98,3,1477785600
A2CP5A30XO5JUO,B0014F7B98,5,1477699200
A6IYTCB1PQ6NR,B0014F7B98,3,1477440000
A3CXL2P49AQQRH,B0014F7B98,5,1477353600
A1TEBP1FCCJW5V,B0014F7B98,5,1477267200
AD7ZF3D5JH9HL,B0014F7B98,5,1477267200
A2HL6AXS8GU07F,B0014F7B98,5,1476835200
A3GJ2XW7W3VC5L,B0014F7B98,5,1476662400
A1X1ZJUOWLSFPG,B0014F7B98,5,1476489600
A2QVLSH9P0BFA6,B0014F7B98,4,1476144000
A17SQ5GHL7FCTZ,B0014F7B98,3,1475971200
A2JYB3OMH5QEBV,B0014F7B98,4,1475625600
A717DJ1DZRTC5,B0014F7B98,3,1475280000
A2NKNE9SV2KIN2,B0014F7B98,5,1474848000
AZ3KLARHNWMNZ,B0014F7B98,5,1474588800
A218T4MO2D9DF3,B0014F7B98,5,1474156800
A39XW67H6XEUOJ,B0014F7B98,1,1473638400
A3SM5XENOINDNH,B0014F7B98,1,1473552000
AMDBCZOTA9PVG,B0014F7B98,5,1473379200
AIIPH3GX5LWS0,B0014F7B98,4,1473120000
ASOSP4VAUDB7I,B0014F7B98,4,1472774400
A11JLWK8H96AU,B0014F7B98,5,1472428800
AC5WLG32YTU5K,B0014F7B98,5,1472256000
A2MIBT81MX859C,B0014F7B98,5,1472256000
A2YPMEQ0QQ2I50,B0014F7B98,3,1472169600
A12LDKOWDBPQTC,B0014F7B98,5,1471910400
A2S1234WV0NH27,B0014F7B98,5,1471651200
A3R2PQ01UGPDOX,B0014F7B98,5,1471219200
AV2MXVWMTERBK,B0014F7B98,5,1471219200
A2UE1H1A7NH56P,B0014F7B98,5,1471132800
A36XF6818PQ4DJ,B0014F7B98,5,1470614400
A2SF88GW3AWEFK,B0014F7B98,3,1470355200
AIM9MWMG87AWG,B0014F7B98,5,1469577600
AK1X6JAJ2L389,B0014F7B98,5,1469145600
A3IO5BLF4EPZDR,B0014F7B98,3,1469059200
A26TU9F2BSPSGT,B0014F7B98,5,1468886400
ABRX0RQNRXX85,B0014F7B98,5,1468800000
A2GXUQFUWMZ2FH,B0014F7B98,5,1468368000
AS378UOMHULXO,B0014F7B98,5,1467331200
A3QX1A6IPFQTN9,B0014F7B98,5,1467331200
A3LJ4LLR2UX4CB,B0014F7B98,5,1467072000
A34WSGSH5OBAM2,B0014F7B98,5,1466812800
A2QJWHL4HY9FMF,B0014F7B98,3,1466467200
AXVYVUK058AM3,B0014F7B98,5,1466294400
A1AS1520CGYJ79,B0014F7B98,5,1466035200
AIP4C9MG13COB,B0014F7B98,5,1465516800
A1X1DXP9HGXG27,B0014F7B98,5,1465084800
AIO1XEP0AIDQJ,B0014F7B98,5,1464825600
AYNXCABS73RDW,B0014F7B98,5,1464480000
A2X2KP4XXM06OU,B0014F7B98,5,1464393600
A15DWAOMHKY7F2,B0014F7B98,5,1464048000
A2P87PVYP2KLT6,B0014F7B98,4,1464048000
A1OOBIVO3APP7E,B0014F7B98,5,1463702400
A2G9JO5SZ3GUXH,B0014F7B98,5,1463529600
A14NH559TEDFQL,B0014F7B98,5,1463356800
A2KCFRMKVHYSU7,B0014F7B98,5,1463270400
A10RXRZE0TAKPU,B0014F7B98,4,1462924800
A22WG2NE4D47UM,B0014F7B98,5,1462838400
A1SC6HVU28ND3D,B0014F7B98,5,1462752000
AJDH2WVLX79KA,B0014F7B98,5,1462665600
AVHVZJ5HB6FSK,B0014F7B98,4,1462579200
AG8MPE8CQAPM7,B0014F7B98,4,1462320000
A1AWX0M8R6A2I1,B0014F7B98,5,1462320000
AT5OQFDS6PEE1,B0014F7B98,5,1461369600
AOFQAZVA6Q6E7,B0014F7B98,5,1461196800
A2C6XHB0AEBNEG,B0014F7B98,4,1461110400
A3UMNRR89DIZRM,B0014F7B98,4,1461024000
AZRZ2FB7CFNOE,B0014F7B98,5,1460937600
A4M7JTCBXRAT3,B0014F7B98,3,1459728000
A2TRI54C8EMCX,B0014F7B98,5,1459382400
A1WVSBL8J4ZESK,B0014F7B98,5,1459123200
A2GJUMX0CRHLIN,B0014F7B98,2,1459123200
A3KAX5RZ4XH9L7,B0014F7B98,4,1458777600
A2YI41MCJB2QCV,B0014F7B98,3,1458691200
A2YI41MCJB2QCV,B009MA34NY,3,1458691200
A3ONF0JD2UBP54,B009MA34NY,5,1458432000
A3R09ZAUTB2PUU,B009MA34NY,5,1458259200
A3P1MRTMU7EH0D,B009MA34NY,4,1458086400
ATS6HOUGOVX0D,B009MA34NY,5,1457827200
A12AWD9L3DD93E,B009MA34NY,5,1457222400
A1D6THAJG4XGSP,B009MA34NY,5,1456876800
A39LISAY8SNHM,B009MA34NY,5,1526428800
A1A8RABZPTD7HL,B009MA34NY,3,1526342400
A2BM6XH033ZQ3I,B009MA34NY,3,1526342400
A2N97FVE233YZ4,B009MA34NY,5,1525478400
A2YIR9LKJO8W37,B009MA34NY,5,1525305600
A3NAUSUOBMW1XH,B009MA34NY,3,1525046400
AHZ8GGXF4BCNP,B009MA34NY,5,1524700800
A1OWUKMLTHKYG,B009MA34NY,5,1524528000
A1VH37JYIIHE3F,B009MA34NY,5,1524355200
AOZHQ15OKY2ZT,B009MA34NY,3,1524096000
A2YZERYQTLB8NG,B009MA34NY,5,1524009600
A2EGVPBTNJI3HB,B009MA34NY,5,1524009600
A1B3W4RSJ1CJEO,B009MA34NY,5,1523836800
A3P9DECTULU1B3,B009MA34NY,5,1523750400
A353OJ19SEMPT4,B009MA34NY,3,1523577600
A1CIQ2ULKB933A,B009MA34NY,3,1523232000
A1TFZVGT6J5NYZ,B009MA34NY,5,1523232000
A2IJJUO99LXIXG,B009MA34NY,5,1523145600
A1CKPC88NHMYGR,B009MA34NY,5,1523059200
A1S4O68F0UG4GA,B009MA34NY,5,1522800000
A8C8Q1GQPYPR3,B009MA34NY,4,1522713600
A3RHNGQAZWUX01,B009MA34NY,5,1522713600
A2ILUTAAPPZY79,B009MA34NY,5,1522454400
A21PLUMLST80EK,B009MA34NY,5,1522195200
A1R9CFF27RIALC,B009MA34NY,3,1522108800
A3KKVVAINMZF9D,B009MA34NY,5,1521676800
AHQZL3LSIR57E,B009MA34NY,5,1521676800
A36UF843501J4Y,B009MA34NY,5,1521590400
AJ74ZOS1UKOBA,B009MA34NY,5,1521504000
A3UTTXFSBNV2V7,B009MA34NY,5,1521417600
A2QPBIA0HKEL96,B009MA34NY,5,1521417600
AHXQ0PAMEKC0P,B009MA34NY,4,1521244800
A2P6I9PGAVEW6E,B009MA34NY,5,1520899200
A6CXK8NXD50R2,B009MA34NY,1,1520726400
A39943Z2419XIU,B009MA34NY,5,1520208000
A2RZ3T3ECENTMO,B009MA34NY,5,1519948800
A16BGUHQH20CIP,B009MA34NY,5,1519776000
A3O3KF45YVTOGY,B009MA34NY,5,1519689600
A3TLWN2BRF1QH5,B009MA34NY,5,1519689600
A2ZGEESHHGFZKL,B009MA34NY,5,1519689600
AUE82PKEUMKZB,B009MA34NY,1,1519516800
A2UVALXRJ35D1A,B009MA34NY,2,1519516800
A3E05IUHHCTRJC,B009MA34NY,5,1519171200
A3RNGBSBRJ3YAQ,B009MA34NY,5,1519084800
A13W5DGU9QF721,B009MA34NY,5,1518566400
A2QRWCN5YR05G9,B009MA34NY,5,1518566400
A2UALK0MY7S3C2,B009MA34NY,5,1518393600
A5JF4EQ9MQC78,B009MA34NY,5,1517443200
A3VGHF7VNFBMCQ,B009MA34NY,5,1517443200
A13JGYKUU10QKH,B009MA34NY,5,1517184000
ATHL3S7ZD436V,B009MA34NY,4,1516838400
A36T5MSMYI9F3C,B009MA34NY,5,1516233600
ACZAPPQ95QM86,B009MA34NY,5,1515628800
A23TE15JI8Q2YQ,B009MA34NY,1,1515542400
AC5PPX3XLCZN1,B009MA34NY,5,1515542400
A3U0BBRU2Q85LE,B009MA34NY,3,1515456000
A174EEWMHB3J8N,B009MA34NY,5,1515369600
A1VXFXHDY4SRI5,B009MA34NY,5,1515369600
A1FQAVH5JBSV6A,B009MA34NY,5,1515283200
A2GBBOXDACUA6,B009MA34NY,5,1514505600
A2LZMWZ1CM4PF3,B009MA34NY,5,1514419200
A1UVWOQTPDSYGY,B009MA34NY,2,1513468800
A18530DRJJ0QAF,B009MA34NY,5,1513468800
A2LSGH30A8AN2Y,B009MA34NY,3,1512432000
A1LKTJ6HKH077C,B009MA34NY,5,1512432000
A1DX2WRQ2ZHAEK,B009MA34NY,5,1512345600
A2PWOO618R3IKJ,B009MA34NY,5,1512000000
AERFS3FMQJJ9L,B009MA34NY,3,1512000000
A22FYN2DKXSWS0,B009MA34NY,3,1511827200
A22WH1BPQH7XJD,B009MA34NY,4,1511827200
A3OP70LPLALBKN,B009MA34NY,5,1511740800
A3OP70LPLALBKN,B009MA34NY,5,1511740800
A1BN6I0B2OF7WB,B009MA34NY,1,1511049600
A2PYQN4T4LV0NP,B009MA34NY,5,1510617600
A14LN0R1PQA5WI,B009MA34NY,4,1510358400
A35U6TP5276HMD,B009MA34NY,5,1510272000
AKZNLII88A0KO,B009MA34NY,5,1510185600
A3PZ1TJ71WPLXV,B009MA34NY,4,1510012800
A3M69Q5SNV7U0X,B009MA34NY,2,1509840000
A2GOOFFNUI20XI,B009MA34NY,5,1509753600
A10Z8PKPUJ7YHO,B009MA34NY,3,1509753600
AHFAVT1MUB29W,B009MA34NY,4,1509667200
A10X6EMVZGVX9E,B009MA34NY,5,1509580800
A3JPU96NVWGUF5,B009MA34NY,4,1509408000
A2620Z0QR2OFYC,B009MA34NY,5,1509235200
A312BTXKFHK927,B009MA34NY,5,1508976000
A30HFZ2FW8CQBI,B009MA34NY,5,1508976000
AF70T61UO8MCD,B009MA34NY,5,1508889600
AJX8JEGB4Z8AI,B009MA34NY,5,1508803200
A2HMEEX4K9UX81,B009MA34NY,5,1508630400
AKG96VVJ8XANP,B009MA34NY,3,1508284800
A34LYR4FWZ77CA,B009MA34NY,5,1507852800
A2M3ZNLCYPZ5A1,B009MA34NY,3,1507593600
AQAY0P6DQAWDL,B009MA34NY,5,1506988800
A246RG8KSPK5XS,B009MA34NY,5,1506902400
A2JCYVQLKWULGM,B009MA34NY,5,1506470400
A1EF7YWCNN7E9K,B009MA34NY,5,1506470400
AQWZQKD0N851T,B009MA34NY,5,1506384000
A3V6I3EA3X3SCE,B009MA34NY,5,1506297600
AGT48Z76ZQSQU,B009MA34NY,5,1505865600
A2W3B4YHP3HZ9R,B009MA34NY,5,1505692800
AGVYFU0PR5IWV,B009MA34NY,5,1505520000
A2SU06VTWMFP7C,B009MA34NY,5,1505347200
AVZB7UFLT6VD,B009MA34NY,5,1505260800
ANPPQ1G3RP88H,B009MA34NY,5,1505001600
ABONZZSS8YG3K,B009MA34NY,5,1504742400
A2T8BWOO7BFBWY,B009MA34NY,5,1504569600
A1NTI9B7VY30JM,B009MA34NY,5,1504483200
AM9TTLTT6DR1W,B009MA34NY,4,1503964800
AP8CWOZ30P4GH,B009MA34NY,1,1503964800
A2ORP5RT8NQ0Q7,B009MA34NY,5,1503964800
A5Z3UGOPDBJPW,B009MA34NY,5,1503792000
A2GWLCDWM7V59I,B009MA34NY,4,1503532800
A2XUQXG9J9SRTG,B009MA34NY,1,1503532800
A2R0RL0TF6E9VC,B009MA34NY,5,1503273600
AB29N6EMOFEVW,B009MA34NY,5,1503187200
A2Y2IKO63FNHQE,B009MA34NY,3,1502928000
A1OK7HI3YI9682,B009MA34NY,5,1502928000
A39U1R8S96YIR4,B009MA34NY,5,1502755200
A1Z37N7XE7FRD2,B009MA34NY,5,1502668800
A3LGYYLGO2KJOE,B009MA34NY,5,1502496000
A1J3XYI0M1D0LW,B009MA34NY,4,1502409600
A9KR8PT0Z47CL,B009MA34NY,3,1502150400
A1AUEUD7NP1LUC,B009MA34NY,5,1502150400
A177WB7O660HS8,B009MA34NY,5,1502064000
A38BS1VCQ4XSGV,B009MA34NY,5,1501804800
A38X15IJFAPHZP,B009MA34NY,3,1501632000
A1OFFB5DLIHH41,B009MA34NY,5,1500508800
A1PFKS00R93MRZ,B009MA34NY,5,1500336000
A23H50RT6SLXY9,B009MA34NY,4,1500336000
APWLFTPOXQCCG,B009MA34NY,5,1500336000
AN5PL4KUZS35E,B009MA34NY,5,1500336000
A37EEIAK5YJGTS,B009MA34NY,5,1500336000
A87LWEOT3ZJU7,B009MA34NY,5,1500336000
A1LCV2UNXGHB0W,B009MA34NY,5,1500336000
A3O0UBMD8CSF1V,B009MA34NY,5,1500076800
A184AKBVD3WI86,B009MA34NY,3,1500076800
A3I0ZDRING4F8W,B009MA34NY,5,1499558400
AXZ02W7FMBC35,B009MA34NY,5,1499472000
A29K85C92Z8HGR,B009MA34NY,4,1499385600
AE6W48FPMKO4L,B009MA34NY,3,1498867200
AKY3EYDEZVW6C,B009MA34NY,5,1498780800
A1GQ2TRY8J631M,B009MA34NY,5,1498608000
A21M1G84SE8SOO,B009MA34NY,5,1498435200
AU2OMN6TEN4GA,B009MA34NY,5,1498003200
A2PJ5F6BY1TZNK,B009MA34NY,5,1497916800
A3B23RZXRXYT9Q,B009MA34NY,5,1497916800
A3JTZ664IGZIOK,B009MA34NY,4,1497830400
A2JOUOASELY1XR,B009MA34NY,5,1497830400
ADTQ22MUSQFIR,B009MA34NY,5,1497830400
A1OM5S4Z9J2JQQ,B009MA34NY,3,1497571200
AXJZFD1IUBAE7,B009MA34NY,5,1497484800
A3UO0DDWXIJ8DW,B009MA34NY,5,1497484800
A4GR8SDFRBSDV,B009MA34NY,5,1497398400
A29ACU3O9IMICZ,B009MA34NY,5,1497312000
A9C9408H23DRM,B009MA34NY,5,1496880000
A3T9CL6JYWAP40,B009MA34NY,1,1496620800
A3W0GO31B8Y2KE,B009MA34NY,5,1496361600
A3GQXGVAIH5EU4,B009MA34NY,5,1496102400
A14LVJDMDABMML,B009MA34NY,5,1496102400
AJWKZNI5VHW86,B009MA34NY,4,1496016000
A3J4XAGMLTHFHZ,B009MA34NY,3,1495670400
A12FBA7DCFE5W7,B009MA34NY,5,1495411200
A2ZE58RF22658T,B009MA34NY,5,1495411200
AT7UEQ7UJB0RU,B009MA34NY,5,1495152000
AT7UEQ7UJB0RU,B009MA34NY,5,1495152000
A10WPKF2VH1JWY,B009MA34NY,4,1495065600
A2ABEGA0S52R5E,B009MA34NY,4,1494806400
ADD8OMIBXZ89G,B009MA34NY,3,1494374400
A1P2JWDZ4SFW78,B009MA34NY,5,1494115200
AI4KO5XDRKDFR,B009MA34NY,5,1494028800
A24DSR6Y3A08QM,B009MA34NY,5,1493942400
A1E4Y7BABMEA03,B009MA34NY,5,1493769600
AJDX5KE665V0K,B009MA34NY,5,1493769600
A1SR58S4CXKU5G,B009MA34NY,4,1493683200
A3D71DQPAAI6O4,B009MA34NY,5,1493596800
AASAT3YLO3WTB,B009MA34NY,5,1493337600
A1RNS06YMZXM0K,B009MA34NY,4,1493251200
A21SV1XYXF2GK,B009MA34NY,4,1493251200
A17DW041T4X7TJ,B009MA34NY,5,1493164800
A14TS9PCRLLWEG,B009MA34NY,5,1493078400
A2ZMHBMNYFXOX7,B009MA34NY,4,1492992000
A1K0VEMIB5QF7I,B009MA34NY,5,1492992000
A135KOM855ZA5,B009MA34NY,5,1492646400
A2IAB9QOQH3IA6,B009MA34NY,5,1492560000
A3S1CGGMXE41RR,B009MA34NY,5,1492473600
A3B4FM5VE99X4P,B009MA34NY,5,1492387200
AKJVCU7H1KDWI,B009MA34NY,5,1492214400
AFD4WKNPLPS3I,B009MA34NY,5,1492128000
A36GUL3Z65YSIP,B009MA34NY,4,1491868800
AT72GRKOXVE25,B009MA34NY,5,1491868800
A2AEJ9NTLWD61V,B009MA34NY,5,1491782400
AWEIW3G1E0MKO,B009MA34NY,5,1491782400
A2IFCGU2IQ6KAV,B009MA34NY,4,1491782400
A2AGT9INDKDK6B,B009MA34NY,5,1491609600
A2Q6OH5LUQXPFV,B009MA34NY,4,1491350400
ADLAYE3PNYFJM,B009MA34NY,5,1491350400
AZ7LUSY20ZFSC,B009MA34NY,5,1491264000
A1L7TD1CZQDK6R,B009MA34NY,5,1491091200
A3T1O294HJJTUH,B009MA34NY,4,1490832000
A3EOYFVP68048C,B009MA34NY,5,1490745600
A2JX7ESVMGXMJY,B009MA34NY,2,1490486400
A2K5ZBX75J80TX,B009MA34NY,1,1490400000
AY9TXNLYCD9L5,B009MA34NY,5,1490313600
A9MOCNHJD03PI,B009MA34NY,5,1490313600
AEUUYBIO73RLA,B009MA34NY,5,1490227200
A3A2DRPMDCRFBC,B009MA34NY,5,1490054400
A140XVPLRQYKYY,B009MA34NY,4,1489968000
A2KMWD77XBGZ8K,B009MA34NY,5,1489795200
A25SOIZ0IZE1YY,B009MA34NY,5,1489795200
A1ZR8LQHUOUFJP,B009MA34NY,3,1489708800
A2AAABWQUYH26V,B009MA34NY,4,1489536000
A3LBTMJ453T4W6,B009MA34NY,3,1489536000
A2NBGWZH3VC2EW,B009MA34NY,5,1489536000
A3B5TYITM5FKRO,B009MA34NY,5,1489449600
A2O3GSYI4B5Z9H,B009MA34NY,5,1489363200
AG1CF6PFNBOQH,B009MA34NY,5,1489276800
A1LLDHUO4OLXYI,B009MA34NY,5,1488931200
A37K0VP2H8FKOU,B009MA34NY,4,1488931200
A37K0VP2H8FKOU,B009MA34NY,4,1488931200
AZYHPRWLMSY9O,B009MA34NY,5,1488758400
A1GZ9Z5M3Q4FDK,B009MA34NY,5,1488067200
A3F5015D4BBJM9,B009MA34NY,4,1487894400
ABKS5CX4GI72B,B009MA34NY,5,1487894400
A2A1WECA7Y5UPN,B009MA34NY,4,1487635200
A3PRZ9ESGB2KPU,B009MA34NY,5,1487635200
A3JGWZXFBDENRB,B009MA34NY,3,1487203200
A6BHQ6FNIRI1K,B009MA34NY,5,1487116800
A1EE1EP2G0HKQ,B009MA34NY,5,1486944000
A2DDYH2QTGQ6FZ,B009MA34NY,5,1486857600
A2T47RI1J0I7JM,B009MA34NY,5,1486771200
ABWHIDHK8JSRD,B009MA34NY,4,1486512000
ADUWEIS0CHJV8,B009MA34NY,4,1486339200
A2JD3RN8JCO62Z,B009MA34NY,2,1485993600
A3BN0MRGRDKM0J,B009MA34NY,5,1485907200
AODFGQL9CC7G7,B009MA34NY,3,1485820800
A13P82MG3XFWV1,B009MA34NY,5,1485302400
A8I41EKH4UI1Y,B009MA34NY,5,1485043200
ADJRDVMENHF0J,B009MA34NY,5,1484870400
A3QKKFB26AZSMG,B009MA34NY,5,1484697600
A1IE5BGNY2JTF4,B009MA34NY,2,1484697600
A1F6LKEC43RSZM,B009MA34NY,5,1484697600
A3BZKR332FQEP8,B009MA34NY,5,1484697600
ARY4E7Y947T9P,B009MA34NY,4,1484697600
A8DR2Z71DERN0,B009MA34NY,1,1484438400
A3RP2S6J4VUA7D,B009MA34NY,4,1484265600
A34NDY5V71MVJ6,B009MA34NY,5,1484179200
A2AXI9WHORKU6X,B009MA34NY,5,1484179200
AOYR5V85UYA8O,B009MA34NY,5,1484006400
A38Z4KJHHVY0AU,B009MA34NY,5,1483747200
A1WK3VVSUB1FY7,B009MA34NY,5,1483747200
A3KWGJH9EBRLE8,B009MA34NY,4,1483660800
A199ICSPL9EXJ5,B009MA34NY,1,1483488000
A11D8CLU9H24YK,B009MA34NY,5,1483488000
A3A90ECS7ALV4T,B009MA34NY,5,1483228800
A1LLX8PMQSAUHT,B009MA34NY,5,1483228800
A62VUJ6MUZU6M,B009MA34NY,5,1483142400
A37RTXMIC21YOH,B009MA34NY,5,1482969600
A2JMHGCCBZPYP4,B009MA34NY,5,1482969600
A29KOO6WMPLGOQ,B009MA34NY,5,1482883200
A3LWEZO2OWFJX5,B009MA34NY,5,1482883200
A1IR4GED6BXNSR,B009MA34NY,5,1482796800
A9MNC403IAKFS,B009MA34NY,2,1482624000
ASEXDKPTYY14D,B009MA34NY,5,1482451200
AEHOCC2S72M38,B009MA34NY,5,1482364800
A1R7S4XNZLSLBH,B009MA34NY,2,1481846400
A3PTZ7IHGU9BA8,B009MA34NY,1,1481760000
AZ7P3NH09B66S,B009MA34NY,5,1481500800
A37OEAOYVLKYC,B009MA34NY,5,1481500800
A1QGX3IWOHIZYA,B009MA34NY,4,1481155200
A1DF4MM3K93J0W,B009MA34NY,4,1480809600
A2VMKNYTJ973O3,B009MA34NY,4,1480636800
A1OZMZ4FLR5UPW,B009MA34NY,5,1480636800
A3G2IEH99QRNYP,B009MA34NY,5,1480550400
A9E07GS8ZV3ON,B009MA34NY,5,1480291200
ACDIEMICS7XGC,B009MA34NY,5,1480204800
A1223JGQ0GRSPT,B009MA34NY,5,1479859200
AUDAQGK21DH1Z,B009MA34NY,4,1479686400
ATSUXY7ASCGPY,B009MA34NY,4,1479254400
AY6GA8WZR3JKV,B009MA34NY,5,1479254400
A1NBH6OGAD3BSK,B009MA34NY,3,1479081600
A3DIMXA53RL7P,B009MA34NY,5,1478822400
A2RI4IA5982B8I,B009MA34NY,4,1478822400
A1EWNWTJPKEO4Z,B009MA34NY,5,1478649600
AXKDU1CHG7Y4,B009MA34NY,4,1478563200
A2FCRNY9C46Q4H,B009MA34NY,5,1478476800
AJWSFNS4F87M6,B009MA34NY,3,1478390400
A2KGKIJ528667I,B009MA34NY,3,1477785600
A2CP5A30XO5JUO,B009MA34NY,5,1477699200
A6IYTCB1PQ6NR,B009MA34NY,3,1477440000
A3CXL2P49AQQRH,B009MA34NY,5,1477353600
A1TEBP1FCCJW5V,B009MA34NY,5,1477267200
AD7ZF3D5JH9HL,B009MA34NY,5,1477267200
A2HL6AXS8GU07F,B009MA34NY,5,1476835200
A3GJ2XW7W3VC5L,B009MA34NY,5,1476662400
A1X1ZJUOWLSFPG,B009MA34NY,5,1476489600
A2QVLSH9P0BFA6,B009MA34NY,4,1476144000
A17SQ5GHL7FCTZ,B009MA34NY,3,1475971200
A2JYB3OMH5QEBV,B009MA34NY,4,1475625600
A717DJ1DZRTC5,B009MA34NY,3,1475280000
A2NKNE9SV2KIN2,B009MA34NY,5,1474848000
AZ3KLARHNWMNZ,B009MA34NY,5,1474588800
A218T4MO2D9DF3,B009MA34NY,5,1474156800
A39XW67H6XEUOJ,B009MA34NY,1,1473638400
A3SM5XENOINDNH,B009MA34NY,1,1473552000
AMDBCZOTA9PVG,B009MA34NY,5,1473379200
AIIPH3GX5LWS0,B009MA34NY,4,1473120000
ASOSP4VAUDB7I,B009MA34NY,4,1472774400
A11JLWK8H96AU,B009MA34NY,5,1472428800
AC5WLG32YTU5K,B009MA34NY,5,1472256000
A2MIBT81MX859C,B009MA34NY,5,1472256000
A2YPMEQ0QQ2I50,B009MA34NY,3,1472169600
A12LDKOWDBPQTC,B009MA34NY,5,1471910400
A2S1234WV0NH27,B009MA34NY,5,1471651200
A3R2PQ01UGPDOX,B009MA34NY,5,1471219200
AV2MXVWMTERBK,B009MA34NY,5,1471219200
A2UE1H1A7NH56P,B009MA34NY,5,1471132800
A36XF6818PQ4DJ,B009MA34NY,5,1470614400
A2SF88GW3AWEFK,B009MA34NY,3,1470355200
AIM9MWMG87AWG,B009MA34NY,5,1469577600
AK1X6JAJ2L389,B009MA34NY,5,1469145600
A3IO5BLF4EPZDR,B009MA34NY,3,1469059200
A26TU9F2BSPSGT,B009MA34NY,5,1468886400
ABRX0RQNRXX85,B009MA34NY,5,1468800000
A2GXUQFUWMZ2FH,B009MA34NY,5,1468368000
AS378UOMHULXO,B009MA34NY,5,1467331200
A3QX1A6IPFQTN9,B009MA34NY,5,1467331200
A3LJ4LLR2UX4CB,B009MA34NY,5,1467072000
A34WSGSH5OBAM2,B009MA34NY,5,1466812800
A2QJWHL4HY9FMF,B009MA34NY,3,1466467200
AXVYVUK058AM3,B009MA34NY,5,1466294400
A1AS1520CGYJ79,B009MA34NY,5,1466035200
AIP4C9MG13COB,B009MA34NY,5,1465516800
A1X1DXP9HGXG27,B009MA34NY,5,1465084800
AIO1XEP0AIDQJ,B009MA34NY,5,1464825600
AYNXCABS73RDW,B009MA34NY,5,1464480000
A2X2KP4XXM06OU,B009MA34NY,5,1464393600
A15DWAOMHKY7F2,B009MA34NY,5,1464048000
A2P87PVYP2KLT6,B009MA34NY,4,1464048000
A1OOBIVO3APP7E,B009MA34NY,5,1463702400
A2G9JO5SZ3GUXH,B009MA34NY,5,1463529600
A14NH559TEDFQL,B009MA34NY,5,1463356800
A2KCFRMKVHYSU7,B009MA34NY,5,1463270400
A10RXRZE0TAKPU,B009MA34NY,4,1462924800
A22WG2NE4D47UM,B009MA34NY,5,1462838400
A1SC6HVU28ND3D,B009MA34NY,5,1462752000
AJDH2WVLX79KA,B009MA34NY,5,1462665600
AVHVZJ5HB6FSK,B009MA34NY,4,1462579200
AG8MPE8CQAPM7,B009MA34NY,4,1462320000
A1AWX0M8R6A2I1,B009MA34NY,5,1462320000
AT5OQFDS6PEE1,B009MA34NY,5,1461369600
AOFQAZVA6Q6E7,B009MA34NY,5,1461196800
A2C6XHB0AEBNEG,B009MA34NY,4,1461110400
A3UMNRR89DIZRM,B009MA34NY,4,1461024000
AZRZ2FB7CFNOE,B009MA34NY,5,1460937600
A4M7JTCBXRAT3,B009MA34NY,3,1459728000
A2TRI54C8EMCX,B009MA34NY,5,1459382400
A1WVSBL8J4ZESK,B009MA34NY,5,1459123200
A2GJUMX0CRHLIN,B009MA34NY,2,1459123200
A3KAX5RZ4XH9L7,B009MA34NY,4,1458777600
A3KAX5RZ4XH9L7,B0092UF54A,4,1458777600
A2YI41MCJB2QCV,B0092UF54A,3,1458691200
A3ONF0JD2UBP54,B0092UF54A,5,1458432000
A3R09ZAUTB2PUU,B0092UF54A,5,1458259200
A3P1MRTMU7EH0D,B0092UF54A,4,1458086400
ATS6HOUGOVX0D,B0092UF54A,5,1457827200
A12AWD9L3DD93E,B0092UF54A,5,1457222400
A1D6THAJG4XGSP,B0092UF54A,5,1456876800
A1T708NWV60HSO,B0092UF54A,5,1526947200
ASECGGNQIT2RN,B0092UF54A,5,1526428800
A39LISAY8SNHM,B0092UF54A,5,1526428800
A1A8RABZPTD7HL,B0092UF54A,3,1526342400
A2BM6XH033ZQ3I,B0092UF54A,3,1526342400
A2N97FVE233YZ4,B0092UF54A,5,1525478400
A2YIR9LKJO8W37,B0092UF54A,5,1525305600
A3NAUSUOBMW1XH,B0092UF54A,3,1525046400
AHZ8GGXF4BCNP,B0092UF54A,5,1524700800
A1OWUKMLTHKYG,B0092UF54A,5,1524528000
A1VH37JYIIHE3F,B0092UF54A,5,1524355200
AOZHQ15OKY2ZT,B0092UF54A,3,1524096000
A2YZERYQTLB8NG,B0092UF54A,5,1524009600
A2EGVPBTNJI3HB,B0092UF54A,5,1524009600
A1B3W4RSJ1CJEO,B0092UF54A,5,1523836800
A3P9DECTULU1B3,B0092UF54A,5,1523750400
A353OJ19SEMPT4,B0092UF54A,3,1523577600
A1CIQ2ULKB933A,B0092UF54A,3,1523232000
A1TFZVGT6J5NYZ,B0092UF54A,5,1523232000
A2IJJUO99LXIXG,B0092UF54A,5,1523145600
A1CKPC88NHMYGR,B0092UF54A,5,1523059200
A1S4O68F0UG4GA,B0092UF54A,5,1522800000
A8C8Q1GQPYPR3,B0092UF54A,4,1522713600
A3RHNGQAZWUX01,B0092UF54A,5,1522713600
A2ILUTAAPPZY79,B0092UF54A,5,1522454400
A21PLUMLST80EK,B0092UF54A,5,1522195200
A1R9CFF27RIALC,B0092UF54A,3,1522108800
A3KKVVAINMZF9D,B0092UF54A,5,1521676800
AHQZL3LSIR57E,B0092UF54A,5,1521676800
A36UF843501J4Y,B0092UF54A,5,1521590400
AJ74ZOS1UKOBA,B0092UF54A,5,1521504000
A3UTTXFSBNV2V7,B0092UF54A,5,1521417600
A2QPBIA0HKEL96,B0092UF54A,5,1521417600
AHXQ0PAMEKC0P,B0092UF54A,4,1521244800
A2P6I9PGAVEW6E,B0092UF54A,5,1520899200
A6CXK8NXD50R2,B0092UF54A,1,1520726400
A39943Z2419XIU,B0092UF54A,5,1520208000
A2RZ3T3ECENTMO,B0092UF54A,5,1519948800
A16BGUHQH20CIP,B0092UF54A,5,1519776000
A3O3KF45YVTOGY,B0092UF54A,5,1519689600
A3TLWN2BRF1QH5,B0092UF54A,5,1519689600
A2ZGEESHHGFZKL,B0092UF54A,5,1519689600
AUE82PKEUMKZB,B0092UF54A,1,1519516800
A2UVALXRJ35D1A,B0092UF54A,2,1519516800
A3E05IUHHCTRJC,B0092UF54A,5,1519171200
A3RNGBSBRJ3YAQ,B0092UF54A,5,1519084800
A13W5DGU9QF721,B0092UF54A,5,1518566400
A2QRWCN5YR05G9,B0092UF54A,5,1518566400
A2UALK0MY7S3C2,B0092UF54A,5,1518393600
A5JF4EQ9MQC78,B0092UF54A,5,1517443200
A3VGHF7VNFBMCQ,B0092UF54A,5,1517443200
A13JGYKUU10QKH,B0092UF54A,5,1517184000
ATHL3S7ZD436V,B0092UF54A,4,1516838400
A36T5MSMYI9F3C,B0092UF54A,5,1516233600
ACZAPPQ95QM86,B0092UF54A,5,1515628800
A23TE15JI8Q2YQ,B0092UF54A,1,1515542400
A3U0BBRU2Q85LE,B0092UF54A,3,1515456000
A174EEWMHB3J8N,B0092UF54A,5,1515369600
A1VXFXHDY4SRI5,B0092UF54A,5,1515369600
A1FQAVH5JBSV6A,B0092UF54A,5,1515283200
A2GBBOXDACUA6,B0092UF54A,5,1514505600
A2LZMWZ1CM4PF3,B0092UF54A,5,1514419200
A1UVWOQTPDSYGY,B0092UF54A,2,1513468800
A18530DRJJ0QAF,B0092UF54A,5,1513468800
A2LSGH30A8AN2Y,B0092UF54A,3,1512432000
A1LKTJ6HKH077C,B0092UF54A,5,1512432000
A1DX2WRQ2ZHAEK,B0092UF54A,5,1512345600
A2PWOO618R3IKJ,B0092UF54A,5,1512000000
AERFS3FMQJJ9L,B0092UF54A,3,1512000000
A22FYN2DKXSWS0,B0092UF54A,3,1511827200
A22WH1BPQH7XJD,B0092UF54A,4,1511827200
A3OP70LPLALBKN,B0092UF54A,5,1511740800
A3OP70LPLALBKN,B0092UF54A,5,1511740800
A1BN6I0B2OF7WB,B0092UF54A,1,1511049600
A2PYQN4T4LV0NP,B0092UF54A,5,1510617600
A14LN0R1PQA5WI,B0092UF54A,4,1510358400
A35U6TP5276HMD,B0092UF54A,5,1510272000
AKZNLII88A0KO,B0092UF54A,5,1510185600
A3PZ1TJ71WPLXV,B0092UF54A,4,1510012800
A3M69Q5SNV7U0X,B0092UF54A,2,1509840000
A2GOOFFNUI20XI,B0092UF54A,5,1509753600
A10Z8PKPUJ7YHO,B0092UF54A,3,1509753600
AHFAVT1MUB29W,B0092UF54A,4,1509667200
A10X6EMVZGVX9E,B0092UF54A,5,1509580800
A3JPU96NVWGUF5,B0092UF54A,4,1509408000
A2620Z0QR2OFYC,B0092UF54A,5,1509235200
A312BTXKFHK927,B0092UF54A,5,1508976000
A30HFZ2FW8CQBI,B0092UF54A,5,1508976000
AF70T61UO8MCD,B0092UF54A,5,1508889600
AJX8JEGB4Z8AI,B0092UF54A,5,1508803200
A2HMEEX4K9UX81,B0092UF54A,5,1508630400
AKG96VVJ8XANP,B0092UF54A,3,1508284800
A34LYR4FWZ77CA,B0092UF54A,5,1507852800
A2M3ZNLCYPZ5A1,B0092UF54A,3,1507593600
AQAY0P6DQAWDL,B0092UF54A,5,1506988800
A246RG8KSPK5XS,B0092UF54A,5,1506902400
A2JCYVQLKWULGM,B0092UF54A,5,1506470400
A1EF7YWCNN7E9K,B0092UF54A,5,1506470400
AQWZQKD0N851T,B0092UF54A,5,1506384000
A3V6I3EA3X3SCE,B0092UF54A,5,1506297600
AGT48Z76ZQSQU,B0092UF54A,5,1505865600
A2W3B4YHP3HZ9R,B0092UF54A,5,1505692800
AGVYFU0PR5IWV,B0092UF54A,5,1505520000
A2SU06VTWMFP7C,B0092UF54A,5,1505347200
AVZB7UFLT6VD,B0092UF54A,5,1505260800
ANPPQ1G3RP88H,B0092UF54A,5,1505001600
ABONZZSS8YG3K,B0092UF54A,5,1504742400
A2T8BWOO7BFBWY,B0092UF54A,5,1504569600
A1NTI9B7VY30JM,B0092UF54A,5,1504483200
AM9TTLTT6DR1W,B0092UF54A,4,1503964800
AP8CWOZ30P4GH,B0092UF54A,1,1503964800
A2ORP5RT8NQ0Q7,B0092UF54A,5,1503964800
A5Z3UGOPDBJPW,B0092UF54A,5,1503792000
A2GWLCDWM7V59I,B0092UF54A,4,1503532800
A2XUQXG9J9SRTG,B0092UF54A,1,1503532800
A2R0RL0TF6E9VC,B0092UF54A,5,1503273600
AB29N6EMOFEVW,B0092UF54A,5,1503187200
A2Y2IKO63FNHQE,B0092UF54A,3,1502928000
A1OK7HI3YI9682,B0092UF54A,5,1502928000
A39U1R8S96YIR4,B0092UF54A,5,1502755200
A1Z37N7XE7FRD2,B0092UF54A,5,1502668800
A3LGYYLGO2KJOE,B0092UF54A,5,1502496000
A1J3XYI0M1D0LW,B0092UF54A,4,1502409600
A9KR8PT0Z47CL,B0092UF54A,3,1502150400
A1AUEUD7NP1LUC,B0092UF54A,5,1502150400
A177WB7O660HS8,B0092UF54A,5,1502064000
A38BS1VCQ4XSGV,B0092UF54A,5,1501804800
A38X15IJFAPHZP,B0092UF54A,3,1501632000
A1OFFB5DLIHH41,B0092UF54A,5,1500508800
A1PFKS00R93MRZ,B0092UF54A,5,1500336000
A23H50RT6SLXY9,B0092UF54A,4,1500336000
APWLFTPOXQCCG,B0092UF54A,5,1500336000
AN5PL4KUZS35E,B0092UF54A,5,1500336000
A37EEIAK5YJGTS,B0092UF54A,5,1500336000
A87LWEOT3ZJU7,B0092UF54A,5,1500336000
A1LCV2UNXGHB0W,B0092UF54A,5,1500336000
A3O0UBMD8CSF1V,B0092UF54A,5,1500076800
A184AKBVD3WI86,B0092UF54A,3,1500076800
A3I0ZDRING4F8W,B0092UF54A,5,1499558400
AXZ02W7FMBC35,B0092UF54A,5,1499472000
A29K85C92Z8HGR,B0092UF54A,4,1499385600
AE6W48FPMKO4L,B0092UF54A,3,1498867200
AKY3EYDEZVW6C,B0092UF54A,5,1498780800
A1GQ2TRY8J631M,B0092UF54A,5,1498608000
A21M1G84SE8SOO,B0092UF54A,5,1498435200
AU2OMN6TEN4GA,B0092UF54A,5,1498003200
A2PJ5F6BY1TZNK,B0092UF54A,5,1497916800
A3B23RZXRXYT9Q,B0092UF54A,5,1497916800
A3JTZ664IGZIOK,B0092UF54A,4,1497830400
A2JOUOASELY1XR,B0092UF54A,5,1497830400
ADTQ22MUSQFIR,B0092UF54A,5,1497830400
A1OM5S4Z9J2JQQ,B0092UF54A,3,1497571200
AXJZFD1IUBAE7,B0092UF54A,5,1497484800
A3UO0DDWXIJ8DW,B0092UF54A,5,1497484800
A4GR8SDFRBSDV,B0092UF54A,5,1497398400
A29ACU3O9IMICZ,B0092UF54A,5,1497312000
A9C9408H23DRM,B0092UF54A,5,1496880000
A3T9CL6JYWAP40,B0092UF54A,1,1496620800
A3W0GO31B8Y2KE,B0092UF54A,5,1496361600
A3GQXGVAIH5EU4,B0092UF54A,5,1496102400
A14LVJDMDABMML,B0092UF54A,5,1496102400
AJWKZNI5VHW86,B0092UF54A,4,1496016000
A3J4XAGMLTHFHZ,B0092UF54A,3,1495670400
A12FBA7DCFE5W7,B0092UF54A,5,1495411200
A2ZE58RF22658T,B0092UF54A,5,1495411200
AT7UEQ7UJB0RU,B0092UF54A,5,1495152000
AT7UEQ7UJB0RU,B0092UF54A,5,1495152000
A10WPKF2VH1JWY,B0092UF54A,4,1495065600
A2ABEGA0S52R5E,B0092UF54A,4,1494806400
ADD8OMIBXZ89G,B0092UF54A,3,1494374400
A1P2JWDZ4SFW78,B0092UF54A,5,1494115200
AI4KO5XDRKDFR,B0092UF54A,5,1494028800
A24DSR6Y3A08QM,B0092UF54A,5,1493942400
A1E4Y7BABMEA03,B0092UF54A,5,1493769600
AJDX5KE665V0K,B0092UF54A,5,1493769600
A1SR58S4CXKU5G,B0092UF54A,4,1493683200
A3D71DQPAAI6O4,B0092UF54A,5,1493596800
AASAT3YLO3WTB,B0092UF54A,5,1493337600
A1RNS06YMZXM0K,B0092UF54A,4,1493251200
A21SV1XYXF2GK,B0092UF54A,4,1493251200
A17DW041T4X7TJ,B0092UF54A,5,1493164800
A14TS9PCRLLWEG,B0092UF54A,5,1493078400
A2ZMHBMNYFXOX7,B0092UF54A,4,1492992000
A1K0VEMIB5QF7I,B0092UF54A,5,1492992000
A135KOM855ZA5,B0092UF54A,5,1492646400
A2IAB9QOQH3IA6,B0092UF54A,5,1492560000
A3S1CGGMXE41RR,B0092UF54A,5,1492473600
A3B4FM5VE99X4P,B0092UF54A,5,1492387200
AKJVCU7H1KDWI,B0092UF54A,5,1492214400
AFD4WKNPLPS3I,B0092UF54A,5,1492128000
A36GUL3Z65YSIP,B0092UF54A,4,1491868800
AT72GRKOXVE25,B0092UF54A,5,1491868800
A2AEJ9NTLWD61V,B0092UF54A,5,1491782400
AWEIW3G1E0MKO,B0092UF54A,5,1491782400
A2IFCGU2IQ6KAV,B0092UF54A,4,1491782400
A2AGT9INDKDK6B,B0092UF54A,5,1491609600
A2Q6OH5LUQXPFV,B0092UF54A,4,1491350400
ADLAYE3PNYFJM,B0092UF54A,5,1491350400
AZ7LUSY20ZFSC,B0092UF54A,5,1491264000
A1L7TD1CZQDK6R,B0092UF54A,5,1491091200
A3T1O294HJJTUH,B0092UF54A,4,1490832000
A3EOYFVP68048C,B0092UF54A,5,1490745600
A2JX7ESVMGXMJY,B0092UF54A,2,1490486400
A2K5ZBX75J80TX,B0092UF54A,1,1490400000
AY9TXNLYCD9L5,B0092UF54A,5,1490313600
A9MOCNHJD03PI,B0092UF54A,5,1490313600
AEUUYBIO73RLA,B0092UF54A,5,1490227200
A3A2DRPMDCRFBC,B0092UF54A,5,1490054400
A140XVPLRQYKYY,B0092UF54A,4,1489968000
A2KMWD77XBGZ8K,B0092UF54A,5,1489795200
A25SOIZ0IZE1YY,B0092UF54A,5,1489795200
A1ZR8LQHUOUFJP,B0092UF54A,3,1489708800
A2AAABWQUYH26V,B0092UF54A,4,1489536000
A3LBTMJ453T4W6,B0092UF54A,3,1489536000
A2NBGWZH3VC2EW,B0092UF54A,5,1489536000
A3B5TYITM5FKRO,B0092UF54A,5,1489449600
A2O3GSYI4B5Z9H,B0092UF54A,5,1489363200
AG1CF6PFNBOQH,B0092UF54A,5,1489276800
A1LLDHUO4OLXYI,B0092UF54A,5,1488931200
A37K0VP2H8FKOU,B0092UF54A,4,1488931200
A37K0VP2H8FKOU,B0092UF54A,4,1488931200
AZYHPRWLMSY9O,B0092UF54A,5,1488758400
A1GZ9Z5M3Q4FDK,B0092UF54A,5,1488067200
A3F5015D4BBJM9,B0092UF54A,4,1487894400
ABKS5CX4GI72B,B0092UF54A,5,1487894400
A2A1WECA7Y5UPN,B0092UF54A,4,1487635200
A3PRZ9ESGB2KPU,B0092UF54A,5,1487635200
A3JGWZXFBDENRB,B0092UF54A,3,1487203200
A6BHQ6FNIRI1K,B0092UF54A,5,1487116800
A1EE1EP2G0HKQ,B0092UF54A,5,1486944000
A2DDYH2QTGQ6FZ,B0092UF54A,5,1486857600
A2T47RI1J0I7JM,B0092UF54A,5,1486771200
ABWHIDHK8JSRD,B0092UF54A,4,1486512000
ADUWEIS0CHJV8,B0092UF54A,4,1486339200
A2JD3RN8JCO62Z,B0092UF54A,2,1485993600
A3BN0MRGRDKM0J,B0092UF54A,5,1485907200
AODFGQL9CC7G7,B0092UF54A,3,1485820800
A13P82MG3XFWV1,B0092UF54A,5,1485302400
A8I41EKH4UI1Y,B0092UF54A,5,1485043200
ADJRDVMENHF0J,B0092UF54A,5,1484870400
A3QKKFB26AZSMG,B0092UF54A,5,1484697600
A1IE5BGNY2JTF4,B0092UF54A,2,1484697600
A1F6LKEC43RSZM,B0092UF54A,5,1484697600
A3BZKR332FQEP8,B0092UF54A,5,1484697600
ARY4E7Y947T9P,B0092UF54A,4,1484697600
A8DR2Z71DERN0,B0092UF54A,1,1484438400
A3RP2S6J4VUA7D,B0092UF54A,4,1484265600
A34NDY5V71MVJ6,B0092UF54A,5,1484179200
A2AXI9WHORKU6X,B0092UF54A,5,1484179200
AOYR5V85UYA8O,B0092UF54A,5,1484006400
A38Z4KJHHVY0AU,B0092UF54A,5,1483747200
A1WK3VVSUB1FY7,B0092UF54A,5,1483747200
A3KWGJH9EBRLE8,B0092UF54A,4,1483660800
A199ICSPL9EXJ5,B0092UF54A,1,1483488000
A11D8CLU9H24YK,B0092UF54A,5,1483488000
A3A90ECS7ALV4T,B0092UF54A,5,1483228800
A1LLX8PMQSAUHT,B0092UF54A,5,1483228800
A62VUJ6MUZU6M,B0092UF54A,5,1483142400
A37RTXMIC21YOH,B0092UF54A,5,1482969600
A2JMHGCCBZPYP4,B0092UF54A,5,1482969600
A29KOO6WMPLGOQ,B0092UF54A,5,1482883200
A3LWEZO2OWFJX5,B0092UF54A,5,1482883200
A1IR4GED6BXNSR,B0092UF54A,5,1482796800
A9MNC403IAKFS,B0092UF54A,2,1482624000
ASEXDKPTYY14D,B0092UF54A,5,1482451200
AEHOCC2S72M38,B0092UF54A,5,1482364800
A1R7S4XNZLSLBH,B0092UF54A,2,1481846400
A3PTZ7IHGU9BA8,B0092UF54A,1,1481760000
AZ7P3NH09B66S,B0092UF54A,5,1481500800
A37OEAOYVLKYC,B0092UF54A,5,1481500800
A1QGX3IWOHIZYA,B0092UF54A,4,1481155200
A1DF4MM3K93J0W,B0092UF54A,4,1480809600
A2VMKNYTJ973O3,B0092UF54A,4,1480636800
A1OZMZ4FLR5UPW,B0092UF54A,5,1480636800
A3G2IEH99QRNYP,B0092UF54A,5,1480550400
A9E07GS8ZV3ON,B0092UF54A,5,1480291200
ACDIEMICS7XGC,B0092UF54A,5,1480204800
A1223JGQ0GRSPT,B0092UF54A,5,1479859200
AUDAQGK21DH1Z,B0092UF54A,4,1479686400
ATSUXY7ASCGPY,B0092UF54A,4,1479254400
AY6GA8WZR3JKV,B0092UF54A,5,1479254400
A1NBH6OGAD3BSK,B0092UF54A,3,1479081600
A3DIMXA53RL7P,B0092UF54A,5,1478822400
A2RI4IA5982B8I,B0092UF54A,4,1478822400
A1EWNWTJPKEO4Z,B0092UF54A,5,1478649600
AXKDU1CHG7Y4,B0092UF54A,4,1478563200
A2FCRNY9C46Q4H,B0092UF54A,5,1478476800
AJWSFNS4F87M6,B0092UF54A,3,1478390400
A2KGKIJ528667I,B0092UF54A,3,1477785600
A2CP5A30XO5JUO,B0092UF54A,5,1477699200
A6IYTCB1PQ6NR,B0092UF54A,3,1477440000
A3CXL2P49AQQRH,B0092UF54A,5,1477353600
A1TEBP1FCCJW5V,B0092UF54A,5,1477267200
AD7ZF3D5JH9HL,B0092UF54A,5,1477267200
A2HL6AXS8GU07F,B0092UF54A,5,1476835200
A3GJ2XW7W3VC5L,B0092UF54A,5,1476662400
A1X1ZJUOWLSFPG,B0092UF54A,5,1476489600
A2QVLSH9P0BFA6,B0092UF54A,4,1476144000
A17SQ5GHL7FCTZ,B0092UF54A,3,1475971200
A2JYB3OMH5QEBV,B0092UF54A,4,1475625600
A717DJ1DZRTC5,B0092UF54A,3,1475280000
A2NKNE9SV2KIN2,B0092UF54A,5,1474848000
AZ3KLARHNWMNZ,B0092UF54A,5,1474588800
A218T4MO2D9DF3,B0092UF54A,5,1474156800
A39XW67H6XEUOJ,B0092UF54A,1,1473638400
A3SM5XENOINDNH,B0092UF54A,1,1473552000
AMDBCZOTA9PVG,B0092UF54A,5,1473379200
AIIPH3GX5LWS0,B0092UF54A,4,1473120000
ASOSP4VAUDB7I,B0092UF54A,4,1472774400
A11JLWK8H96AU,B0092UF54A,5,1472428800
AC5WLG32YTU5K,B0092UF54A,5,1472256000
A2MIBT81MX859C,B0092UF54A,5,1472256000
A2YPMEQ0QQ2I50,B0092UF54A,3,1472169600
A12LDKOWDBPQTC,B0092UF54A,5,1471910400
A2S1234WV0NH27,B0092UF54A,5,1471651200
A3R2PQ01UGPDOX,B0092UF54A,5,1471219200
AV2MXVWMTERBK,B0092UF54A,5,1471219200
A2UE1H1A7NH56P,B0092UF54A,5,1471132800
A36XF6818PQ4DJ,B0092UF54A,5,1470614400
A2SF88GW3AWEFK,B0092UF54A,3,1470355200
AIM9MWMG87AWG,B0092UF54A,5,1469577600
AK1X6JAJ2L389,B0092UF54A,5,1469145600
A3IO5BLF4EPZDR,B0092UF54A,3,1469059200
A26TU9F2BSPSGT,B0092UF54A,5,1468886400
ABRX0RQNRXX85,B0092UF54A,5,1468800000
A2GXUQFUWMZ2FH,B0092UF54A,5,1468368000
AS378UOMHULXO,B0092UF54A,5,1467331200
A3QX1A6IPFQTN9,B0092UF54A,5,1467331200
A3LJ4LLR2UX4CB,B0092UF54A,5,1467072000
A34WSGSH5OBAM2,B0092UF54A,5,1466812800
A2QJWHL4HY9FMF,B0092UF54A,3,1466467200
AXVYVUK058AM3,B0092UF54A,5,1466294400
A1AS1520CGYJ79,B0092UF54A,5,1466035200
AIP4C9MG13COB,B0092UF54A,5,1465516800
A1X1DXP9HGXG27,B0092UF54A,5,1465084800
AIO1XEP0AIDQJ,B0092UF54A,5,1464825600
AYNXCABS73RDW,B0092UF54A,5,1464480000
A2X2KP4XXM06OU,B0092UF54A,5,1464393600
A15DWAOMHKY7F2,B0092UF54A,5,1464048000
A2P87PVYP2KLT6,B0092UF54A,4,1464048000
A1OOBIVO3APP7E,B0092UF54A,5,1463702400
A2G9JO5SZ3GUXH,B0092UF54A,5,1463529600
A14NH559TEDFQL,B0092UF54A,5,1463356800
A2KCFRMKVHYSU7,B0092UF54A,5,1463270400
A10RXRZE0TAKPU,B0092UF54A,4,1462924800
A22WG2NE4D47UM,B0092UF54A,5,1462838400
A1SC6HVU28ND3D,B0092UF54A,5,1462752000
AJDH2WVLX79KA,B0092UF54A,5,1462665600
AVHVZJ5HB6FSK,B0092UF54A,4,1462579200
AG8MPE8CQAPM7,B0092UF54A,4,1462320000
A1AWX0M8R6A2I1,B0092UF54A,5,1462320000
AT5OQFDS6PEE1,B0092UF54A,5,1461369600
AOFQAZVA6Q6E7,B0092UF54A,5,1461196800
A2C6XHB0AEBNEG,B0092UF54A,4,1461110400
A3UMNRR89DIZRM,B0092UF54A,4,1461024000
AZRZ2FB7CFNOE,B0092UF54A,5,1460937600
A4M7JTCBXRAT3,B0092UF54A,3,1459728000
A2TRI54C8EMCX,B0092UF54A,5,1459382400
A1WVSBL8J4ZESK,B0092UF54A,5,1459123200
A2GJUMX0CRHLIN,B0092UF54A,2,1459123200
A2GJUMX0CRHLIN,B005AGO4LU,2,1459123200
A3KAX5RZ4XH9L7,B005AGO4LU,4,1458777600
A2YI41MCJB2QCV,B005AGO4LU,3,1458691200
A3ONF0JD2UBP54,B005AGO4LU,5,1458432000
A3R09ZAUTB2PUU,B005AGO4LU,5,1458259200
A3P1MRTMU7EH0D,B005AGO4LU,4,1458086400
ATS6HOUGOVX0D,B005AGO4LU,5,1457827200
A12AWD9L3DD93E,B005AGO4LU,5,1457222400
A1D6THAJG4XGSP,B005AGO4LU,5,1456876800
A3H6A9RH9LN2LJ,B005AGO4LU,5,1527984000
A1T708NWV60HSO,B005AGO4LU,5,1526947200
ASECGGNQIT2RN,B005AGO4LU,5,1526428800
A39LISAY8SNHM,B005AGO4LU,5,1526428800
A1A8RABZPTD7HL,B005AGO4LU,3,1526342400
A2BM6XH033ZQ3I,B005AGO4LU,3,1526342400
A2N97FVE233YZ4,B005AGO4LU,5,1525478400
A2YIR9LKJO8W37,B005AGO4LU,5,1525305600
A3NAUSUOBMW1XH,B005AGO4LU,3,1525046400
AHZ8GGXF4BCNP,B005AGO4LU,5,1524700800
A1OWUKMLTHKYG,B005AGO4LU,5,1524528000
A1VH37JYIIHE3F,B005AGO4LU,5,1524355200
AOZHQ15OKY2ZT,B005AGO4LU,3,1524096000
A2YZERYQTLB8NG,B005AGO4LU,5,1524009600
A2EGVPBTNJI3HB,B005AGO4LU,5,1524009600
A1B3W4RSJ1CJEO,B005AGO4LU,5,1523836800
A3P9DECTULU1B3,B005AGO4LU,5,1523750400
A353OJ19SEMPT4,B005AGO4LU,3,1523577600
A1CIQ2ULKB933A,B005AGO4LU,3,1523232000
A1TFZVGT6J5NYZ,B005AGO4LU,5,1523232000
A2IJJUO99LXIXG,B005AGO4LU,5,1523145600
A1CKPC88NHMYGR,B005AGO4LU,5,1523059200
A1S4O68F0UG4GA,B005AGO4LU,5,1522800000
A8C8Q1GQPYPR3,B005AGO4LU,4,1522713600
A3RHNGQAZWUX01,B005AGO4LU,5,1522713600
A2ILUTAAPPZY79,B005AGO4LU,5,1522454400
A21PLUMLST80EK,B005AGO4LU,5,1522195200
A1R9CFF27RIALC,B005AGO4LU,3,1522108800
A3KKVVAINMZF9D,B005AGO4LU,5,1521676800
AHQZL3LSIR57E,B005AGO4LU,5,1521676800
A36UF843501J4Y,B005AGO4LU,5,1521590400
AJ74ZOS1UKOBA,B005AGO4LU,5,1521504000
A3UTTXFSBNV2V7,B005AGO4LU,5,1521417600
A2QPBIA0HKEL96,B005AGO4LU,5,1521417600
AHXQ0PAMEKC0P,B005AGO4LU,4,1521244800
A2P6I9PGAVEW6E,B005AGO4LU,5,1520899200
A6CXK8NXD50R2,B005AGO4LU,1,1520726400
A39943Z2419XIU,B005AGO4LU,5,1520208000
A2RZ3T3ECENTMO,B005AGO4LU,5,1519948800
A16BGUHQH20CIP,B005AGO4LU,5,1519776000
A3O3KF45YVTOGY,B005AGO4LU,5,1519689600
A3TLWN2BRF1QH5,B005AGO4LU,5,1519689600
A2ZGEESHHGFZKL,B005AGO4LU,5,1519689600
AUE82PKEUMKZB,B005AGO4LU,1,1519516800
A2UVALXRJ35D1A,B005AGO4LU,2,1519516800
A3E05IUHHCTRJC,B005AGO4LU,5,1519171200
A3RNGBSBRJ3YAQ,B005AGO4LU,5,1519084800
A13W5DGU9QF721,B005AGO4LU,5,1518566400
A2QRWCN5YR05G9,B005AGO4LU,5,1518566400
A2UALK0MY7S3C2,B005AGO4LU,5,1518393600
A5JF4EQ9MQC78,B005AGO4LU,5,1517443200
A3VGHF7VNFBMCQ,B005AGO4LU,5,1517443200
A13JGYKUU10QKH,B005AGO4LU,5,1517184000
ATHL3S7ZD436V,B005AGO4LU,4,1516838400
A36T5MSMYI9F3C,B005AGO4LU,5,1516233600
ACZAPPQ95QM86,B005AGO4LU,5,1515628800
A23TE15JI8Q2YQ,B005AGO4LU,1,1515542400
A3U0BBRU2Q85LE,B005AGO4LU,3,1515456000
A174EEWMHB3J8N,B005AGO4LU,5,1515369600
A1VXFXHDY4SRI5,B005AGO4LU,5,1515369600
A1FQAVH5JBSV6A,B005AGO4LU,5,1515283200
A2GBBOXDACUA6,B005AGO4LU,5,1514505600
A2LZMWZ1CM4PF3,B005AGO4LU,5,1514419200
A1UVWOQTPDSYGY,B005AGO4LU,2,1513468800
A18530DRJJ0QAF,B005AGO4LU,5,1513468800
A2LSGH30A8AN2Y,B005AGO4LU,3,1512432000
A1LKTJ6HKH077C,B005AGO4LU,5,1512432000
A1DX2WRQ2ZHAEK,B005AGO4LU,5,1512345600
A2PWOO618R3IKJ,B005AGO4LU,5,1512000000
AERFS3FMQJJ9L,B005AGO4LU,3,1512000000
A22FYN2DKXSWS0,B005AGO4LU,3,1511827200
A22WH1BPQH7XJD,B005AGO4LU,4,1511827200
A3OP70LPLALBKN,B005AGO4LU,5,1511740800
A3OP70LPLALBKN,B005AGO4LU,5,1511740800
A1BN6I0B2OF7WB,B005AGO4LU,1,1511049600
A2PYQN4T4LV0NP,B005AGO4LU,5,1510617600
A14LN0R1PQA5WI,B005AGO4LU,4,1510358400
A35U6TP5276HMD,B005AGO4LU,5,1510272000
AKZNLII88A0KO,B005AGO4LU,5,1510185600
A3PZ1TJ71WPLXV,B005AGO4LU,4,1510012800
A3M69Q5SNV7U0X,B005AGO4LU,2,1509840000
A2GOOFFNUI20XI,B005AGO4LU,5,1509753600
A10Z8PKPUJ7YHO,B005AGO4LU,3,1509753600
AHFAVT1MUB29W,B005AGO4LU,4,1509667200
A10X6EMVZGVX9E,B005AGO4LU,5,1509580800
A3JPU96NVWGUF5,B005AGO4LU,4,1509408000
A2620Z0QR2OFYC,B005AGO4LU,5,1509235200
A312BTXKFHK927,B005AGO4LU,5,1508976000
A30HFZ2FW8CQBI,B005AGO4LU,5,1508976000
AF70T61UO8MCD,B005AGO4LU,5,1508889600
AJX8JEGB4Z8AI,B005AGO4LU,5,1508803200
A2HMEEX4K9UX81,B005AGO4LU,5,1508630400
AKG96VVJ8XANP,B005AGO4LU,3,1508284800
A34LYR4FWZ77CA,B005AGO4LU,5,1507852800
A2M3ZNLCYPZ5A1,B005AGO4LU,3,1507593600
AQAY0P6DQAWDL,B005AGO4LU,5,1506988800
A246RG8KSPK5XS,B005AGO4LU,5,1506902400
A2JCYVQLKWULGM,B005AGO4LU,5,1506470400
A1EF7YWCNN7E9K,B005AGO4LU,5,1506470400
AQWZQKD0N851T,B005AGO4LU,5,1506384000
A3V6I3EA3X3SCE,B005AGO4LU,5,1506297600
AGT48Z76ZQSQU,B005AGO4LU,5,1505865600
A2W3B4YHP3HZ9R,B005AGO4LU,5,1505692800
AGVYFU0PR5IWV,B005AGO4LU,5,1505520000
A2SU06VTWMFP7C,B005AGO4LU,5,1505347200
AVZB7UFLT6VD,B005AGO4LU,5,1505260800
ANPPQ1G3RP88H,B005AGO4LU,5,1505001600
ABONZZSS8YG3K,B005AGO4LU,5,1504742400
A2T8BWOO7BFBWY,B005AGO4LU,5,1504569600
A1NTI9B7VY30JM,B005AGO4LU,5,1504483200
AM9TTLTT6DR1W,B005AGO4LU,4,1503964800
AP8CWOZ30P4GH,B005AGO4LU,1,1503964800
A2ORP5RT8NQ0Q7,B005AGO4LU,5,1503964800
A5Z3UGOPDBJPW,B005AGO4LU,5,1503792000
A2GWLCDWM7V59I,B005AGO4LU,4,1503532800
A2XUQXG9J9SRTG,B005AGO4LU,1,1503532800
A2R0RL0TF6E9VC,B005AGO4LU,5,1503273600
AB29N6EMOFEVW,B005AGO4LU,5,1503187200
A2Y2IKO63FNHQE,B005AGO4LU,3,1502928000
A1OK7HI3YI9682,B005AGO4LU,5,1502928000
A39U1R8S96YIR4,B005AGO4LU,5,1502755200
A1Z37N7XE7FRD2,B005AGO4LU,5,1502668800
A3LGYYLGO2KJOE,B005AGO4LU,5,1502496000
A1J3XYI0M1D0LW,B005AGO4LU,4,1502409600
A9KR8PT0Z47CL,B005AGO4LU,3,1502150400
A1AUEUD7NP1LUC,B005AGO4LU,5,1502150400
A177WB7O660HS8,B005AGO4LU,5,1502064000
A38BS1VCQ4XSGV,B005AGO4LU,5,1501804800
A38X15IJFAPHZP,B005AGO4LU,3,1501632000
A1OFFB5DLIHH41,B005AGO4LU,5,1500508800
A1PFKS00R93MRZ,B005AGO4LU,5,1500336000
A23H50RT6SLXY9,B005AGO4LU,4,1500336000
APWLFTPOXQCCG,B005AGO4LU,5,1500336000
AN5PL4KUZS35E,B005AGO4LU,5,1500336000
A37EEIAK5YJGTS,B005AGO4LU,5,1500336000
A87LWEOT3ZJU7,B005AGO4LU,5,1500336000
A1LCV2UNXGHB0W,B005AGO4LU,5,1500336000
A3O0UBMD8CSF1V,B005AGO4LU,5,1500076800
A184AKBVD3WI86,B005AGO4LU,3,1500076800
A3I0ZDRING4F8W,B005AGO4LU,5,1499558400
AXZ02W7FMBC35,B005AGO4LU,5,1499472000
A29K85C92Z8HGR,B005AGO4LU,4,1499385600
AE6W48FPMKO4L,B005AGO4LU,3,1498867200
AKY3EYDEZVW6C,B005AGO4LU,5,1498780800
A1GQ2TRY8J631M,B005AGO4LU,5,1498608000
A21M1G84SE8SOO,B005AGO4LU,5,1498435200
AU2OMN6TEN4GA,B005AGO4LU,5,1498003200
A2PJ5F6BY1TZNK,B005AGO4LU,5,1497916800
A3B23RZXRXYT9Q,B005AGO4LU,5,1497916800
A3JTZ664IGZIOK,B005AGO4LU,4,1497830400
A2JOUOASELY1XR,B005AGO4LU,5,1497830400
ADTQ22MUSQFIR,B005AGO4LU,5,1497830400
A1OM5S4Z9J2JQQ,B005AGO4LU,3,1497571200
AXJZFD1IUBAE7,B005AGO4LU,5,1497484800
A3UO0DDWXIJ8DW,B005AGO4LU,5,1497484800
A4GR8SDFRBSDV,B005AGO4LU,5,1497398400
A29ACU3O9IMICZ,B005AGO4LU,5,1497312000
A9C9408H23DRM,B005AGO4LU,5,1496880000
A3T9CL6JYWAP40,B005AGO4LU,1,1496620800
A3W0GO31B8Y2KE,B005AGO4LU,5,1496361600
A3GQXGVAIH5EU4,B005AGO4LU,5,1496102400
A14LVJDMDABMML,B005AGO4LU,5,1496102400
AJWKZNI5VHW86,B005AGO4LU,4,1496016000
A3J4XAGMLTHFHZ,B005AGO4LU,3,1495670400
A12FBA7DCFE5W7,B005AGO4LU,5,1495411200
A2ZE58RF22658T,B005AGO4LU,5,1495411200
AT7UEQ7UJB0RU,B005AGO4LU,5,1495152000
AT7UEQ7UJB0RU,B005AGO4LU,5,1495152000
A10WPKF2VH1JWY,B005AGO4LU,4,1495065600
A2ABEGA0S52R5E,B005AGO4LU,4,1494806400
ADD8OMIBXZ89G,B005AGO4LU,3,1494374400
A1P2JWDZ4SFW78,B005AGO4LU,5,1494115200
AI4KO5XDRKDFR,B005AGO4LU,5,1494028800
A24DSR6Y3A08QM,B005AGO4LU,5,1493942400
A1E4Y7BABMEA03,B005AGO4LU,5,1493769600
AJDX5KE665V0K,B005AGO4LU,5,1493769600
A1SR58S4CXKU5G,B005AGO4LU,4,1493683200
A3D71DQPAAI6O4,B005AGO4LU,5,1493596800
AASAT3YLO3WTB,B005AGO4LU,5,1493337600
A1RNS06YMZXM0K,B005AGO4LU,4,1493251200
A21SV1XYXF2GK,B005AGO4LU,4,1493251200
A17DW041T4X7TJ,B005AGO4LU,5,1493164800
A14TS9PCRLLWEG,B005AGO4LU,5,1493078400
A2ZMHBMNYFXOX7,B005AGO4LU,4,1492992000
A1K0VEMIB5QF7I,B005AGO4LU,5,1492992000
A135KOM855ZA5,B005AGO4LU,5,1492646400
A2IAB9QOQH3IA6,B005AGO4LU,5,1492560000
A3S1CGGMXE41RR,B005AGO4LU,5,1492473600
A3B4FM5VE99X4P,B005AGO4LU,5,1492387200
AKJVCU7H1KDWI,B005AGO4LU,5,1492214400
AFD4WKNPLPS3I,B005AGO4LU,5,1492128000
A36GUL3Z65YSIP,B005AGO4LU,4,1491868800
AT72GRKOXVE25,B005AGO4LU,5,1491868800
A2AEJ9NTLWD61V,B005AGO4LU,5,1491782400
AWEIW3G1E0MKO,B005AGO4LU,5,1491782400
A2IFCGU2IQ6KAV,B005AGO4LU,4,1491782400
A2AGT9INDKDK6B,B005AGO4LU,5,1491609600
A2Q6OH5LUQXPFV,B005AGO4LU,4,1491350400
ADLAYE3PNYFJM,B005AGO4LU,5,1491350400
AZ7LUSY20ZFSC,B005AGO4LU,5,1491264000
A1L7TD1CZQDK6R,B005AGO4LU,5,1491091200
A3T1O294HJJTUH,B005AGO4LU,4,1490832000
A3EOYFVP68048C,B005AGO4LU,5,1490745600
A2JX7ESVMGXMJY,B005AGO4LU,2,1490486400
A2K5ZBX75J80TX,B005AGO4LU,1,1490400000
AY9TXNLYCD9L5,B005AGO4LU,5,1490313600
A9MOCNHJD03PI,B005AGO4LU,5,1490313600
AEUUYBIO73RLA,B005AGO4LU,5,1490227200
A3A2DRPMDCRFBC,B005AGO4LU,5,1490054400
A140XVPLRQYKYY,B005AGO4LU,4,1489968000
A2KMWD77XBGZ8K,B005AGO4LU,5,1489795200
A25SOIZ0IZE1YY,B005AGO4LU,5,1489795200
A1ZR8LQHUOUFJP,B005AGO4LU,3,1489708800
A2AAABWQUYH26V,B005AGO4LU,4,1489536000
A3LBTMJ453T4W6,B005AGO4LU,3,1489536000
A2NBGWZH3VC2EW,B005AGO4LU,5,1489536000
A3B5TYITM5FKRO,B005AGO4LU,5,1489449600
A2O3GSYI4B5Z9H,B005AGO4LU,5,1489363200
AG1CF6PFNBOQH,B005AGO4LU,5,1489276800
A1LLDHUO4OLXYI,B005AGO4LU,5,1488931200
A37K0VP2H8FKOU,B005AGO4LU,4,1488931200
A37K0VP2H8FKOU,B005AGO4LU,4,1488931200
AZYHPRWLMSY9O,B005AGO4LU,5,1488758400
A1GZ9Z5M3Q4FDK,B005AGO4LU,5,1488067200
A3F5015D4BBJM9,B005AGO4LU,4,1487894400
ABKS5CX4GI72B,B005AGO4LU,5,1487894400
A2A1WECA7Y5UPN,B005AGO4LU,4,1487635200
A3PRZ9ESGB2KPU,B005AGO4LU,5,1487635200
A3JGWZXFBDENRB,B005AGO4LU,3,1487203200
A6BHQ6FNIRI1K,B005AGO4LU,5,1487116800
A1EE1EP2G0HKQ,B005AGO4LU,5,1486944000
A2DDYH2QTGQ6FZ,B005AGO4LU,5,1486857600
A2T47RI1J0I7JM,B005AGO4LU,5,1486771200
ABWHIDHK8JSRD,B005AGO4LU,4,1486512000
ADUWEIS0CHJV8,B005AGO4LU,4,1486339200
A2JD3RN8JCO62Z,B005AGO4LU,2,1485993600
A3BN0MRGRDKM0J,B005AGO4LU,5,1485907200
AODFGQL9CC7G7,B005AGO4LU,3,1485820800
A13P82MG3XFWV1,B005AGO4LU,5,1485302400
A8I41EKH4UI1Y,B005AGO4LU,5,1485043200
ADJRDVMENHF0J,B005AGO4LU,5,1484870400
A3QKKFB26AZSMG,B005AGO4LU,5,1484697600
A1IE5BGNY2JTF4,B005AGO4LU,2,1484697600
A1F6LKEC43RSZM,B005AGO4LU,5,1484697600
A3BZKR332FQEP8,B005AGO4LU,5,1484697600
ARY4E7Y947T9P,B005AGO4LU,4,1484697600
A8DR2Z71DERN0,B005AGO4LU,1,1484438400
A3RP2S6J4VUA7D,B005AGO4LU,4,1484265600
A34NDY5V71MVJ6,B005AGO4LU,5,1484179200
A2AXI9WHORKU6X,B005AGO4LU,5,1484179200
AOYR5V85UYA8O,B005AGO4LU,5,1484006400
A38Z4KJHHVY0AU,B005AGO4LU,5,1483747200
A1WK3VVSUB1FY7,B005AGO4LU,5,1483747200
A3KWGJH9EBRLE8,B005AGO4LU,4,1483660800
A199ICSPL9EXJ5,B005AGO4LU,1,1483488000
A11D8CLU9H24YK,B005AGO4LU,5,1483488000
A3A90ECS7ALV4T,B005AGO4LU,5,1483228800
A1LLX8PMQSAUHT,B005AGO4LU,5,1483228800
A62VUJ6MUZU6M,B005AGO4LU,5,1483142400
A37RTXMIC21YOH,B005AGO4LU,5,1482969600
A2JMHGCCBZPYP4,B005AGO4LU,5,1482969600
A29KOO6WMPLGOQ,B005AGO4LU,5,1482883200
A3LWEZO2OWFJX5,B005AGO4LU,5,1482883200
A1IR4GED6BXNSR,B005AGO4LU,5,1482796800
A9MNC403IAKFS,B005AGO4LU,2,1482624000
ASEXDKPTYY14D,B005AGO4LU,5,1482451200
AEHOCC2S72M38,B005AGO4LU,5,1482364800
A1R7S4XNZLSLBH,B005AGO4LU,2,1481846400
A3PTZ7IHGU9BA8,B005AGO4LU,1,1481760000
AZ7P3NH09B66S,B005AGO4LU,5,1481500800
A37OEAOYVLKYC,B005AGO4LU,5,1481500800
A1QGX3IWOHIZYA,B005AGO4LU,4,1481155200
A1DF4MM3K93J0W,B005AGO4LU,4,1480809600
A2VMKNYTJ973O3,B005AGO4LU,4,1480636800
A1OZMZ4FLR5UPW,B005AGO4LU,5,1480636800
A3G2IEH99QRNYP,B005AGO4LU,5,1480550400
A9E07GS8ZV3ON,B005AGO4LU,5,1480291200
ACDIEMICS7XGC,B005AGO4LU,5,1480204800
A1223JGQ0GRSPT,B005AGO4LU,5,1479859200
AUDAQGK21DH1Z,B005AGO4LU,4,1479686400
ATSUXY7ASCGPY,B005AGO4LU,4,1479254400
AY6GA8WZR3JKV,B005AGO4LU,5,1479254400
A1NBH6OGAD3BSK,B005AGO4LU,3,1479081600
A3DIMXA53RL7P,B005AGO4LU,5,1478822400
A2RI4IA5982B8I,B005AGO4LU,4,1478822400
A1EWNWTJPKEO4Z,B005AGO4LU,5,1478649600
AXKDU1CHG7Y4,B005AGO4LU,4,1478563200
A2FCRNY9C46Q4H,B005AGO4LU,5,1478476800
AJWSFNS4F87M6,B005AGO4LU,3,1478390400
A2KGKIJ528667I,B005AGO4LU,3,1477785600
A2CP5A30XO5JUO,B005AGO4LU,5,1477699200
A6IYTCB1PQ6NR,B005AGO4LU,3,1477440000
A3CXL2P49AQQRH,B005AGO4LU,5,1477353600
A1TEBP1FCCJW5V,B005AGO4LU,5,1477267200
AD7ZF3D5JH9HL,B005AGO4LU,5,1477267200
A2HL6AXS8GU07F,B005AGO4LU,5,1476835200
A3GJ2XW7W3VC5L,B005AGO4LU,5,1476662400
A1X1ZJUOWLSFPG,B005AGO4LU,5,1476489600
A2QVLSH9P0BFA6,B005AGO4LU,4,1476144000
A17SQ5GHL7FCTZ,B005AGO4LU,3,1475971200
A2JYB3OMH5QEBV,B005AGO4LU,4,1475625600
A717DJ1DZRTC5,B005AGO4LU,3,1475280000
A2NKNE9SV2KIN2,B005AGO4LU,5,1474848000
AZ3KLARHNWMNZ,B005AGO4LU,5,1474588800
A218T4MO2D9DF3,B005AGO4LU,5,1474156800
A39XW67H6XEUOJ,B005AGO4LU,1,1473638400
A3SM5XENOINDNH,B005AGO4LU,1,1473552000
AMDBCZOTA9PVG,B005AGO4LU,5,1473379200
AIIPH3GX5LWS0,B005AGO4LU,4,1473120000
ASOSP4VAUDB7I,B005AGO4LU,4,1472774400
A11JLWK8H96AU,B005AGO4LU,5,1472428800
AC5WLG32YTU5K,B005AGO4LU,5,1472256000
A2MIBT81MX859C,B005AGO4LU,5,1472256000
A2YPMEQ0QQ2I50,B005AGO4LU,3,1472169600
A12LDKOWDBPQTC,B005AGO4LU,5,1471910400
A2S1234WV0NH27,B005AGO4LU,5,1471651200
A3R2PQ01UGPDOX,B005AGO4LU,5,1471219200
AV2MXVWMTERBK,B005AGO4LU,5,1471219200
A2UE1H1A7NH56P,B005AGO4LU,5,1471132800
A36XF6818PQ4DJ,B005AGO4LU,5,1470614400
A2SF88GW3AWEFK,B005AGO4LU,3,1470355200
AIM9MWMG87AWG,B005AGO4LU,5,1469577600
AK1X6JAJ2L389,B005AGO4LU,5,1469145600
A3IO5BLF4EPZDR,B005AGO4LU,3,1469059200
A26TU9F2BSPSGT,B005AGO4LU,5,1468886400
ABRX0RQNRXX85,B005AGO4LU,5,1468800000
A2GXUQFUWMZ2FH,B005AGO4LU,5,1468368000
AS378UOMHULXO,B005AGO4LU,5,1467331200
A3QX1A6IPFQTN9,B005AGO4LU,5,1467331200
A3LJ4LLR2UX4CB,B005AGO4LU,5,1467072000
A34WSGSH5OBAM2,B005AGO4LU,5,1466812800
A2QJWHL4HY9FMF,B005AGO4LU,3,1466467200
AXVYVUK058AM3,B005AGO4LU,5,1466294400
A1AS1520CGYJ79,B005AGO4LU,5,1466035200
AIP4C9MG13COB,B005AGO4LU,5,1465516800
A1X1DXP9HGXG27,B005AGO4LU,5,1465084800
AIO1XEP0AIDQJ,B005AGO4LU,5,1464825600
AYNXCABS73RDW,B005AGO4LU,5,1464480000
A2X2KP4XXM06OU,B005AGO4LU,5,1464393600
A15DWAOMHKY7F2,B005AGO4LU,5,1464048000
A2P87PVYP2KLT6,B005AGO4LU,4,1464048000
A1OOBIVO3APP7E,B005AGO4LU,5,1463702400
A2G9JO5SZ3GUXH,B005AGO4LU,5,1463529600
A14NH559TEDFQL,B005AGO4LU,5,1463356800
A2KCFRMKVHYSU7,B005AGO4LU,5,1463270400
A10RXRZE0TAKPU,B005AGO4LU,4,1462924800
A22WG2NE4D47UM,B005AGO4LU,5,1462838400
A1SC6HVU28ND3D,B005AGO4LU,5,1462752000
AJDH2WVLX79KA,B005AGO4LU,5,1462665600
AVHVZJ5HB6FSK,B005AGO4LU,4,1462579200
AG8MPE8CQAPM7,B005AGO4LU,4,1462320000
A1AWX0M8R6A2I1,B005AGO4LU,5,1462320000
AT5OQFDS6PEE1,B005AGO4LU,5,1461369600
AOFQAZVA6Q6E7,B005AGO4LU,5,1461196800
A2C6XHB0AEBNEG,B005AGO4LU,4,1461110400
A3UMNRR89DIZRM,B005AGO4LU,4,1461024000
AZRZ2FB7CFNOE,B005AGO4LU,5,1460937600
A4M7JTCBXRAT3,B005AGO4LU,3,1459728000
A2TRI54C8EMCX,B005AGO4LU,5,1459382400
A1WVSBL8J4ZESK,B005AGO4LU,5,1459123200
A3LJRA2I5F34W5,B00G8Q7JZ4,5,1518220800
A3LJRA2I5F34W5,B00G8Q7JZ4,5,1517788800
A1NCY0KWVFW829,B00G8Q7JZ4,5,1495324800
A1NCY0KWVFW829,B00G8Q7JZ4,5,1495324800
A1NCY0KWVFW829,B00G8Q7JZ4,5,1494806400
A1QL6WZ4EJAUTD,B00G8Q7JZ4,5,1492041600
A1QL6WZ4EJAUTD,B00G8Q7JZ4,5,1492041600
A1QL6WZ4EJAUTD,B00G8Q7JZ4,5,1492041600
A33GD4H5O1MK6S,B00GKF5BAS,4,1418515200
A3QY3THQ42WSCQ,B00I0VHS10,5,1520812800
A3UTTXFSBNV2V7,B00I0VHS10,5,1500940800
A2YI41MCJB2QCV,B00I0VHS10,3,1455408000
A25SOIZ0IZE1YY,B00I0VHS10,5,1435276800
A2VR6SWVSF6K4,B00LKWYX2I,5,1525651200
A1Y01U6OZLZE7I,B00MLYE8PQ,4,1419984000
A1Z8U8IPBLBEU5,B00ND9047Y,5,1498348800
A1D6THAJG4XGSP,B00ND9047Y,5,1423785600
A3LJRA2I5F34W5,B00RLSCLJM,5,1518220800
A3LJRA2I5F34W5,B00RLSCLJM,5,1517788800
A1NCY0KWVFW829,B00RLSCLJM,5,1495324800
A1NCY0KWVFW829,B00RLSCLJM,5,1495324800
A1NCY0KWVFW829,B00RLSCLJM,5,1494806400
A1QL6WZ4EJAUTD,B00RLSCLJM,5,1492041600
A1QL6WZ4EJAUTD,B00RLSCLJM,5,1492041600
A1QL6WZ4EJAUTD,B00RLSCLJM,5,1492041600
A3LJRA2I5F34W5,B00RLSCLJM,5,1472342400
A2ON4RYI9Z4SQ,B00ZUA6AJK,3,1509840000
A2TRI54C8EMCX,B010RRWKT4,5,1459382400
A1WVSBL8J4ZESK,B010RRWKT4,5,1459123200
A2GJUMX0CRHLIN,B010RRWKT4,2,1459123200
A3KAX5RZ4XH9L7,B010RRWKT4,4,1458777600
A2YI41MCJB2QCV,B010RRWKT4,3,1458691200
A3ONF0JD2UBP54,B010RRWKT4,5,1458432000
A3R09ZAUTB2PUU,B010RRWKT4,5,1458259200
A3P1MRTMU7EH0D,B010RRWKT4,4,1458086400
ATS6HOUGOVX0D,B010RRWKT4,5,1457827200
A12AWD9L3DD93E,B010RRWKT4,5,1457222400
A3331XPWE0QR9O,B010RRWKT4,5,1530748800
A1DHIMM5SZGIIL,B010RRWKT4,5,1530662400
A2077NII5H62R2,B010RRWKT4,5,1530489600
A2IBS6PIPAGAB5,B010RRWKT4,5,1530144000
A1GTC5EVSJNCQ8,B010RRWKT4,5,1529884800
A311XHHLM12MUT,B010RRWKT4,5,1529452800
A135SGOQMVWABQ,B010RRWKT4,5,1529107200
A3H6A9RH9LN2LJ,B010RRWKT4,5,1527984000
A1T708NWV60HSO,B010RRWKT4,5,1526947200
ASECGGNQIT2RN,B010RRWKT4,5,1526428800
A39LISAY8SNHM,B010RRWKT4,5,1526428800
A1A8RABZPTD7HL,B010RRWKT4,3,1526342400
A2BM6XH033ZQ3I,B010RRWKT4,3,1526342400
A2N97FVE233YZ4,B010RRWKT4,5,1525478400
A2YIR9LKJO8W37,B010RRWKT4,5,1525305600
A3NAUSUOBMW1XH,B010RRWKT4,3,1525046400
AHZ8GGXF4BCNP,B010RRWKT4,5,1524700800
A1OWUKMLTHKYG,B010RRWKT4,5,1524528000
A1VH37JYIIHE3F,B010RRWKT4,5,1524355200
AOZHQ15OKY2ZT,B010RRWKT4,3,1524096000
A2YZERYQTLB8NG,B010RRWKT4,5,1524009600
A2EGVPBTNJI3HB,B010RRWKT4,5,1524009600
A1B3W4RSJ1CJEO,B010RRWKT4,5,1523836800
A3P9DECTULU1B3,B010RRWKT4,5,1523750400
A353OJ19SEMPT4,B010RRWKT4,3,1523577600
A1CIQ2ULKB933A,B010RRWKT4,3,1523232000
A1TFZVGT6J5NYZ,B010RRWKT4,5,1523232000
A2IJJUO99LXIXG,B010RRWKT4,5,1523145600
A1CKPC88NHMYGR,B010RRWKT4,5,1523059200
A1S4O68F0UG4GA,B010RRWKT4,5,1522800000
A8C8Q1GQPYPR3,B010RRWKT4,4,1522713600
A3RHNGQAZWUX01,B010RRWKT4,5,1522713600
A2ILUTAAPPZY79,B010RRWKT4,5,1522454400
A21PLUMLST80EK,B010RRWKT4,5,1522195200
A1R9CFF27RIALC,B010RRWKT4,3,1522108800
A3KKVVAINMZF9D,B010RRWKT4,5,1521676800
AHQZL3LSIR57E,B010RRWKT4,5,1521676800
A36UF843501J4Y,B010RRWKT4,5,1521590400
AJ74ZOS1UKOBA,B010RRWKT4,5,1521504000
A3UTTXFSBNV2V7,B010RRWKT4,5,1521417600
A2QPBIA0HKEL96,B010RRWKT4,5,1521417600
AHXQ0PAMEKC0P,B010RRWKT4,4,1521244800
A2P6I9PGAVEW6E,B010RRWKT4,5,1520899200
A6CXK8NXD50R2,B010RRWKT4,1,1520726400
A39943Z2419XIU,B010RRWKT4,5,1520208000
A2RZ3T3ECENTMO,B010RRWKT4,5,1519948800
A16BGUHQH20CIP,B010RRWKT4,5,1519776000
A3O3KF45YVTOGY,B010RRWKT4,5,1519689600
A3TLWN2BRF1QH5,B010RRWKT4,5,1519689600
A2ZGEESHHGFZKL,B010RRWKT4,5,1519689600
AUE82PKEUMKZB,B010RRWKT4,1,1519516800
A2UVALXRJ35D1A,B010RRWKT4,2,1519516800
A3E05IUHHCTRJC,B010RRWKT4,5,1519171200
A3RNGBSBRJ3YAQ,B010RRWKT4,5,1519084800
A13W5DGU9QF721,B010RRWKT4,5,1518566400
A2QRWCN5YR05G9,B010RRWKT4,5,1518566400
A2UALK0MY7S3C2,B010RRWKT4,5,1518393600
A5JF4EQ9MQC78,B010RRWKT4,5,1517443200
A3VGHF7VNFBMCQ,B010RRWKT4,5,1517443200
A13JGYKUU10QKH,B010RRWKT4,5,1517184000
ATHL3S7ZD436V,B010RRWKT4,4,1516838400
A36T5MSMYI9F3C,B010RRWKT4,5,1516233600
ACZAPPQ95QM86,B010RRWKT4,5,1515628800
A23TE15JI8Q2YQ,B010RRWKT4,1,1515542400
AC5PPX3XLCZN1,B010RRWKT4,5,1515542400
A3U0BBRU2Q85LE,B010RRWKT4,3,1515456000
A174EEWMHB3J8N,B010RRWKT4,5,1515369600
A1VXFXHDY4SRI5,B010RRWKT4,5,1515369600
A1FQAVH5JBSV6A,B010RRWKT4,5,1515283200
A2GBBOXDACUA6,B010RRWKT4,5,1514505600
A2LZMWZ1CM4PF3,B010RRWKT4,5,1514419200
A1UVWOQTPDSYGY,B010RRWKT4,2,1513468800
A18530DRJJ0QAF,B010RRWKT4,5,1513468800
A2LSGH30A8AN2Y,B010RRWKT4,3,1512432000
A1LKTJ6HKH077C,B010RRWKT4,5,1512432000
A1DX2WRQ2ZHAEK,B010RRWKT4,5,1512345600
A2PWOO618R3IKJ,B010RRWKT4,5,1512000000
AERFS3FMQJJ9L,B010RRWKT4,3,1512000000
A22FYN2DKXSWS0,B010RRWKT4,3,1511827200
A22WH1BPQH7XJD,B010RRWKT4,4,1511827200
A3OP70LPLALBKN,B010RRWKT4,5,1511740800
A3OP70LPLALBKN,B010RRWKT4,5,1511740800
A1BN6I0B2OF7WB,B010RRWKT4,1,1511049600
A2PYQN4T4LV0NP,B010RRWKT4,5,1510617600
A14LN0R1PQA5WI,B010RRWKT4,4,1510358400
A35U6TP5276HMD,B010RRWKT4,5,1510272000
AKZNLII88A0KO,B010RRWKT4,5,1510185600
A3PZ1TJ71WPLXV,B010RRWKT4,4,1510012800
A3M69Q5SNV7U0X,B010RRWKT4,2,1509840000
A2GOOFFNUI20XI,B010RRWKT4,5,1509753600
A10Z8PKPUJ7YHO,B010RRWKT4,3,1509753600
AHFAVT1MUB29W,B010RRWKT4,4,1509667200
A10X6EMVZGVX9E,B010RRWKT4,5,1509580800
A3JPU96NVWGUF5,B010RRWKT4,4,1509408000
A2620Z0QR2OFYC,B010RRWKT4,5,1509235200
A312BTXKFHK927,B010RRWKT4,5,1508976000
A30HFZ2FW8CQBI,B010RRWKT4,5,1508976000
AF70T61UO8MCD,B010RRWKT4,5,1508889600
AJX8JEGB4Z8AI,B010RRWKT4,5,1508803200
A2HMEEX4K9UX81,B010RRWKT4,5,1508630400
AKG96VVJ8XANP,B010RRWKT4,3,1508284800
A34LYR4FWZ77CA,B010RRWKT4,5,1507852800
A2M3ZNLCYPZ5A1,B010RRWKT4,3,1507593600
AQAY0P6DQAWDL,B010RRWKT4,5,1506988800
A246RG8KSPK5XS,B010RRWKT4,5,1506902400
A2JCYVQLKWULGM,B010RRWKT4,5,1506470400
A1EF7YWCNN7E9K,B010RRWKT4,5,1506470400
AQWZQKD0N851T,B010RRWKT4,5,1506384000
A3V6I3EA3X3SCE,B010RRWKT4,5,1506297600
AGT48Z76ZQSQU,B010RRWKT4,5,1505865600
A2W3B4YHP3HZ9R,B010RRWKT4,5,1505692800
AGVYFU0PR5IWV,B010RRWKT4,5,1505520000
A2SU06VTWMFP7C,B010RRWKT4,5,1505347200
AVZB7UFLT6VD,B010RRWKT4,5,1505260800
ANPPQ1G3RP88H,B010RRWKT4,5,1505001600
ABONZZSS8YG3K,B010RRWKT4,5,1504742400
A2T8BWOO7BFBWY,B010RRWKT4,5,1504569600
A1NTI9B7VY30JM,B010RRWKT4,5,1504483200
AM9TTLTT6DR1W,B010RRWKT4,4,1503964800
AP8CWOZ30P4GH,B010RRWKT4,1,1503964800
A2ORP5RT8NQ0Q7,B010RRWKT4,5,1503964800
A5Z3UGOPDBJPW,B010RRWKT4,5,1503792000
A2GWLCDWM7V59I,B010RRWKT4,4,1503532800
A2XUQXG9J9SRTG,B010RRWKT4,1,1503532800
A2R0RL0TF6E9VC,B010RRWKT4,5,1503273600
AB29N6EMOFEVW,B010RRWKT4,5,1503187200
A2Y2IKO63FNHQE,B010RRWKT4,3,1502928000
A1OK7HI3YI9682,B010RRWKT4,5,1502928000
A39U1R8S96YIR4,B010RRWKT4,5,1502755200
A1Z37N7XE7FRD2,B010RRWKT4,5,1502668800
A3LGYYLGO2KJOE,B010RRWKT4,5,1502496000
A1J3XYI0M1D0LW,B010RRWKT4,4,1502409600
A9KR8PT0Z47CL,B010RRWKT4,3,1502150400
A1AUEUD7NP1LUC,B010RRWKT4,5,1502150400
A177WB7O660HS8,B010RRWKT4,5,1502064000
A38BS1VCQ4XSGV,B010RRWKT4,5,1501804800
A38X15IJFAPHZP,B010RRWKT4,3,1501632000
A1OFFB5DLIHH41,B010RRWKT4,5,1500508800
A1PFKS00R93MRZ,B010RRWKT4,5,1500336000
A23H50RT6SLXY9,B010RRWKT4,4,1500336000
APWLFTPOXQCCG,B010RRWKT4,5,1500336000
AN5PL4KUZS35E,B010RRWKT4,5,1500336000
A37EEIAK5YJGTS,B010RRWKT4,5,1500336000
A87LWEOT3ZJU7,B010RRWKT4,5,1500336000
A1LCV2UNXGHB0W,B010RRWKT4,5,1500336000
A3O0UBMD8CSF1V,B010RRWKT4,5,1500076800
A184AKBVD3WI86,B010RRWKT4,3,1500076800
A3I0ZDRING4F8W,B010RRWKT4,5,1499558400
AXZ02W7FMBC35,B010RRWKT4,5,1499472000
A29K85C92Z8HGR,B010RRWKT4,4,1499385600
AE6W48FPMKO4L,B010RRWKT4,3,1498867200
AKY3EYDEZVW6C,B010RRWKT4,5,1498780800
A1GQ2TRY8J631M,B010RRWKT4,5,1498608000
A21M1G84SE8SOO,B010RRWKT4,5,1498435200
AU2OMN6TEN4GA,B010RRWKT4,5,1498003200
A2PJ5F6BY1TZNK,B010RRWKT4,5,1497916800
A3B23RZXRXYT9Q,B010RRWKT4,5,1497916800
A3JTZ664IGZIOK,B010RRWKT4,4,1497830400
A2JOUOASELY1XR,B010RRWKT4,5,1497830400
ADTQ22MUSQFIR,B010RRWKT4,5,1497830400
A1OM5S4Z9J2JQQ,B010RRWKT4,3,1497571200
AXJZFD1IUBAE7,B010RRWKT4,5,1497484800
A3UO0DDWXIJ8DW,B010RRWKT4,5,1497484800
A4GR8SDFRBSDV,B010RRWKT4,5,1497398400
A29ACU3O9IMICZ,B010RRWKT4,5,1497312000
A9C9408H23DRM,B010RRWKT4,5,1496880000
A3T9CL6JYWAP40,B010RRWKT4,1,1496620800
A3W0GO31B8Y2KE,B010RRWKT4,5,1496361600
A3GQXGVAIH5EU4,B010RRWKT4,5,1496102400
A14LVJDMDABMML,B010RRWKT4,5,1496102400
AJWKZNI5VHW86,B010RRWKT4,4,1496016000
A3J4XAGMLTHFHZ,B010RRWKT4,3,1495670400
A12FBA7DCFE5W7,B010RRWKT4,5,1495411200
A2ZE58RF22658T,B010RRWKT4,5,1495411200
AT7UEQ7UJB0RU,B010RRWKT4,5,1495152000
AT7UEQ7UJB0RU,B010RRWKT4,5,1495152000
A10WPKF2VH1JWY,B010RRWKT4,4,1495065600
A2ABEGA0S52R5E,B010RRWKT4,4,1494806400
ADD8OMIBXZ89G,B010RRWKT4,3,1494374400
A1P2JWDZ4SFW78,B010RRWKT4,5,1494115200
AI4KO5XDRKDFR,B010RRWKT4,5,1494028800
A24DSR6Y3A08QM,B010RRWKT4,5,1493942400
A1E4Y7BABMEA03,B010RRWKT4,5,1493769600
AJDX5KE665V0K,B010RRWKT4,5,1493769600
A1SR58S4CXKU5G,B010RRWKT4,4,1493683200
A3D71DQPAAI6O4,B010RRWKT4,5,1493596800
AASAT3YLO3WTB,B010RRWKT4,5,1493337600
A1RNS06YMZXM0K,B010RRWKT4,4,1493251200
A21SV1XYXF2GK,B010RRWKT4,4,1493251200
A17DW041T4X7TJ,B010RRWKT4,5,1493164800
A14TS9PCRLLWEG,B010RRWKT4,5,1493078400
A2ZMHBMNYFXOX7,B010RRWKT4,4,1492992000
A1K0VEMIB5QF7I,B010RRWKT4,5,1492992000
A135KOM855ZA5,B010RRWKT4,5,1492646400
A2IAB9QOQH3IA6,B010RRWKT4,5,1492560000
A3S1CGGMXE41RR,B010RRWKT4,5,1492473600
A3B4FM5VE99X4P,B010RRWKT4,5,1492387200
AKJVCU7H1KDWI,B010RRWKT4,5,1492214400
AFD4WKNPLPS3I,B010RRWKT4,5,1492128000
A36GUL3Z65YSIP,B010RRWKT4,4,1491868800
AT72GRKOXVE25,B010RRWKT4,5,1491868800
A2AEJ9NTLWD61V,B010RRWKT4,5,1491782400
AWEIW3G1E0MKO,B010RRWKT4,5,1491782400
A2IFCGU2IQ6KAV,B010RRWKT4,4,1491782400
A2AGT9INDKDK6B,B010RRWKT4,5,1491609600
A2Q6OH5LUQXPFV,B010RRWKT4,4,1491350400
ADLAYE3PNYFJM,B010RRWKT4,5,1491350400
AZ7LUSY20ZFSC,B010RRWKT4,5,1491264000
A1L7TD1CZQDK6R,B010RRWKT4,5,1491091200
A3T1O294HJJTUH,B010RRWKT4,4,1490832000
A3EOYFVP68048C,B010RRWKT4,5,1490745600
A2JX7ESVMGXMJY,B010RRWKT4,2,1490486400
A2K5ZBX75J80TX,B010RRWKT4,1,1490400000
AY9TXNLYCD9L5,B010RRWKT4,5,1490313600
A9MOCNHJD03PI,B010RRWKT4,5,1490313600
AEUUYBIO73RLA,B010RRWKT4,5,1490227200
A3A2DRPMDCRFBC,B010RRWKT4,5,1490054400
A140XVPLRQYKYY,B010RRWKT4,4,1489968000
A2KMWD77XBGZ8K,B010RRWKT4,5,1489795200
A25SOIZ0IZE1YY,B010RRWKT4,5,1489795200
A1ZR8LQHUOUFJP,B010RRWKT4,3,1489708800
A2AAABWQUYH26V,B010RRWKT4,4,1489536000
A3LBTMJ453T4W6,B010RRWKT4,3,1489536000
A2NBGWZH3VC2EW,B010RRWKT4,5,1489536000
A3B5TYITM5FKRO,B010RRWKT4,5,1489449600
A2O3GSYI4B5Z9H,B010RRWKT4,5,1489363200
AG1CF6PFNBOQH,B010RRWKT4,5,1489276800
A1LLDHUO4OLXYI,B010RRWKT4,5,1488931200
A37K0VP2H8FKOU,B010RRWKT4,4,1488931200
A37K0VP2H8FKOU,B010RRWKT4,4,1488931200
AZYHPRWLMSY9O,B010RRWKT4,5,1488758400
A1GZ9Z5M3Q4FDK,B010RRWKT4,5,1488067200
A3F5015D4BBJM9,B010RRWKT4,4,1487894400
ABKS5CX4GI72B,B010RRWKT4,5,1487894400
A2A1WECA7Y5UPN,B010RRWKT4,4,1487635200
A3PRZ9ESGB2KPU,B010RRWKT4,5,1487635200
A3JGWZXFBDENRB,B010RRWKT4,3,1487203200
A6BHQ6FNIRI1K,B010RRWKT4,5,1487116800
A1EE1EP2G0HKQ,B010RRWKT4,5,1486944000
A2DDYH2QTGQ6FZ,B010RRWKT4,5,1486857600
A2T47RI1J0I7JM,B010RRWKT4,5,1486771200
ABWHIDHK8JSRD,B010RRWKT4,4,1486512000
ADUWEIS0CHJV8,B010RRWKT4,4,1486339200
A2JD3RN8JCO62Z,B010RRWKT4,2,1485993600
A3BN0MRGRDKM0J,B010RRWKT4,5,1485907200
AODFGQL9CC7G7,B010RRWKT4,3,1485820800
A13P82MG3XFWV1,B010RRWKT4,5,1485302400
A8I41EKH4UI1Y,B010RRWKT4,5,1485043200
ADJRDVMENHF0J,B010RRWKT4,5,1484870400
A3QKKFB26AZSMG,B010RRWKT4,5,1484697600
A1IE5BGNY2JTF4,B010RRWKT4,2,1484697600
A1F6LKEC43RSZM,B010RRWKT4,5,1484697600
A3BZKR332FQEP8,B010RRWKT4,5,1484697600
ARY4E7Y947T9P,B010RRWKT4,4,1484697600
A8DR2Z71DERN0,B010RRWKT4,1,1484438400
A3RP2S6J4VUA7D,B010RRWKT4,4,1484265600
A34NDY5V71MVJ6,B010RRWKT4,5,1484179200
A2AXI9WHORKU6X,B010RRWKT4,5,1484179200
AOYR5V85UYA8O,B010RRWKT4,5,1484006400
A38Z4KJHHVY0AU,B010RRWKT4,5,1483747200
A1WK3VVSUB1FY7,B010RRWKT4,5,1483747200
A3KWGJH9EBRLE8,B010RRWKT4,4,1483660800
A199ICSPL9EXJ5,B010RRWKT4,1,1483488000
A11D8CLU9H24YK,B010RRWKT4,5,1483488000
A3A90ECS7ALV4T,B010RRWKT4,5,1483228800
A1LLX8PMQSAUHT,B010RRWKT4,5,1483228800
A62VUJ6MUZU6M,B010RRWKT4,5,1483142400
A37RTXMIC21YOH,B010RRWKT4,5,1482969600
A2JMHGCCBZPYP4,B010RRWKT4,5,1482969600
A29KOO6WMPLGOQ,B010RRWKT4,5,1482883200
A3LWEZO2OWFJX5,B010RRWKT4,5,1482883200
A1IR4GED6BXNSR,B010RRWKT4,5,1482796800
A9MNC403IAKFS,B010RRWKT4,2,1482624000
ASEXDKPTYY14D,B010RRWKT4,5,1482451200
AEHOCC2S72M38,B010RRWKT4,5,1482364800
A1R7S4XNZLSLBH,B010RRWKT4,2,1481846400
A3PTZ7IHGU9BA8,B010RRWKT4,1,1481760000
AZ7P3NH09B66S,B010RRWKT4,5,1481500800
A37OEAOYVLKYC,B010RRWKT4,5,1481500800
A1QGX3IWOHIZYA,B010RRWKT4,4,1481155200
A1DF4MM3K93J0W,B010RRWKT4,4,1480809600
A2VMKNYTJ973O3,B010RRWKT4,4,1480636800
A1OZMZ4FLR5UPW,B010RRWKT4,5,1480636800
A3G2IEH99QRNYP,B010RRWKT4,5,1480550400
A9E07GS8ZV3ON,B010RRWKT4,5,1480291200
ACDIEMICS7XGC,B010RRWKT4,5,1480204800
A1223JGQ0GRSPT,B010RRWKT4,5,1479859200
AUDAQGK21DH1Z,B010RRWKT4,4,1479686400
ATSUXY7ASCGPY,B010RRWKT4,4,1479254400
AY6GA8WZR3JKV,B010RRWKT4,5,1479254400
A1NBH6OGAD3BSK,B010RRWKT4,3,1479081600
A3DIMXA53RL7P,B010RRWKT4,5,1478822400
A2RI4IA5982B8I,B010RRWKT4,4,1478822400
A1EWNWTJPKEO4Z,B010RRWKT4,5,1478649600
AXKDU1CHG7Y4,B010RRWKT4,4,1478563200
A2FCRNY9C46Q4H,B010RRWKT4,5,1478476800
AJWSFNS4F87M6,B010RRWKT4,3,1478390400
A2KGKIJ528667I,B010RRWKT4,3,1477785600
A2CP5A30XO5JUO,B010RRWKT4,5,1477699200
A6IYTCB1PQ6NR,B010RRWKT4,3,1477440000
A3CXL2P49AQQRH,B010RRWKT4,5,1477353600
A1TEBP1FCCJW5V,B010RRWKT4,5,1477267200
AD7ZF3D5JH9HL,B010RRWKT4,5,1477267200
A2HL6AXS8GU07F,B010RRWKT4,5,1476835200
A3GJ2XW7W3VC5L,B010RRWKT4,5,1476662400
A1X1ZJUOWLSFPG,B010RRWKT4,5,1476489600
A2QVLSH9P0BFA6,B010RRWKT4,4,1476144000
A17SQ5GHL7FCTZ,B010RRWKT4,3,1475971200
A2JYB3OMH5QEBV,B010RRWKT4,4,1475625600
A717DJ1DZRTC5,B010RRWKT4,3,1475280000
A2NKNE9SV2KIN2,B010RRWKT4,5,1474848000
AZ3KLARHNWMNZ,B010RRWKT4,5,1474588800
A218T4MO2D9DF3,B010RRWKT4,5,1474156800
A39XW67H6XEUOJ,B010RRWKT4,1,1473638400
A3SM5XENOINDNH,B010RRWKT4,1,1473552000
AMDBCZOTA9PVG,B010RRWKT4,5,1473379200
AIIPH3GX5LWS0,B010RRWKT4,4,1473120000
ASOSP4VAUDB7I,B010RRWKT4,4,1472774400
A11JLWK8H96AU,B010RRWKT4,5,1472428800
AC5WLG32YTU5K,B010RRWKT4,5,1472256000
A2MIBT81MX859C,B010RRWKT4,5,1472256000
A2YPMEQ0QQ2I50,B010RRWKT4,3,1472169600
A12LDKOWDBPQTC,B010RRWKT4,5,1471910400
A2S1234WV0NH27,B010RRWKT4,5,1471651200
A3R2PQ01UGPDOX,B010RRWKT4,5,1471219200
AV2MXVWMTERBK,B010RRWKT4,5,1471219200
A2UE1H1A7NH56P,B010RRWKT4,5,1471132800
A36XF6818PQ4DJ,B010RRWKT4,5,1470614400
A2SF88GW3AWEFK,B010RRWKT4,3,1470355200
AIM9MWMG87AWG,B010RRWKT4,5,1469577600
AK1X6JAJ2L389,B010RRWKT4,5,1469145600
A3IO5BLF4EPZDR,B010RRWKT4,3,1469059200
A26TU9F2BSPSGT,B010RRWKT4,5,1468886400
ABRX0RQNRXX85,B010RRWKT4,5,1468800000
A2GXUQFUWMZ2FH,B010RRWKT4,5,1468368000
AS378UOMHULXO,B010RRWKT4,5,1467331200
A3QX1A6IPFQTN9,B010RRWKT4,5,1467331200
A3LJ4LLR2UX4CB,B010RRWKT4,5,1467072000
A34WSGSH5OBAM2,B010RRWKT4,5,1466812800
A2QJWHL4HY9FMF,B010RRWKT4,3,1466467200
AXVYVUK058AM3,B010RRWKT4,5,1466294400
A1AS1520CGYJ79,B010RRWKT4,5,1466035200
AIP4C9MG13COB,B010RRWKT4,5,1465516800
A1X1DXP9HGXG27,B010RRWKT4,5,1465084800
AIO1XEP0AIDQJ,B010RRWKT4,5,1464825600
AYNXCABS73RDW,B010RRWKT4,5,1464480000
A2X2KP4XXM06OU,B010RRWKT4,5,1464393600
A15DWAOMHKY7F2,B010RRWKT4,5,1464048000
A2P87PVYP2KLT6,B010RRWKT4,4,1464048000
A1OOBIVO3APP7E,B010RRWKT4,5,1463702400
A2G9JO5SZ3GUXH,B010RRWKT4,5,1463529600
A14NH559TEDFQL,B010RRWKT4,5,1463356800
A2KCFRMKVHYSU7,B010RRWKT4,5,1463270400
A10RXRZE0TAKPU,B010RRWKT4,4,1462924800
A22WG2NE4D47UM,B010RRWKT4,5,1462838400
A1SC6HVU28ND3D,B010RRWKT4,5,1462752000
AJDH2WVLX79KA,B010RRWKT4,5,1462665600
AVHVZJ5HB6FSK,B010RRWKT4,4,1462579200
AG8MPE8CQAPM7,B010RRWKT4,4,1462320000
A1AWX0M8R6A2I1,B010RRWKT4,5,1462320000
AT5OQFDS6PEE1,B010RRWKT4,5,1461369600
AOFQAZVA6Q6E7,B010RRWKT4,5,1461196800
A2C6XHB0AEBNEG,B010RRWKT4,4,1461110400
A3UMNRR89DIZRM,B010RRWKT4,4,1461024000
AZRZ2FB7CFNOE,B010RRWKT4,5,1460937600
A4M7JTCBXRAT3,B010RRWKT4,3,1459728000
A1WVSBL8J4ZESK,B014IBJKNO,5,1459123200
A2GJUMX0CRHLIN,B014IBJKNO,2,1459123200
A3KAX5RZ4XH9L7,B014IBJKNO,4,1458777600
A2YI41MCJB2QCV,B014IBJKNO,3,1458691200
A3ONF0JD2UBP54,B014IBJKNO,5,1458432000
A3R09ZAUTB2PUU,B014IBJKNO,5,1458259200
A3P1MRTMU7EH0D,B014IBJKNO,4,1458086400
ATS6HOUGOVX0D,B014IBJKNO,5,1457827200
A12AWD9L3DD93E,B014IBJKNO,5,1457222400
A1D6THAJG4XGSP,B014IBJKNO,5,1456876800
A3331XPWE0QR9O,B014IBJKNO,5,1530748800
A1DHIMM5SZGIIL,B014IBJKNO,5,1530662400
A2077NII5H62R2,B014IBJKNO,5,1530489600
A2IBS6PIPAGAB5,B014IBJKNO,5,1530144000
A1GTC5EVSJNCQ8,B014IBJKNO,5,1529884800
A311XHHLM12MUT,B014IBJKNO,5,1529452800
A135SGOQMVWABQ,B014IBJKNO,5,1529107200
A3H6A9RH9LN2LJ,B014IBJKNO,5,1527984000
A1T708NWV60HSO,B014IBJKNO,5,1526947200
ASECGGNQIT2RN,B014IBJKNO,5,1526428800
A39LISAY8SNHM,B014IBJKNO,5,1526428800
A1A8RABZPTD7HL,B014IBJKNO,3,1526342400
A2BM6XH033ZQ3I,B014IBJKNO,3,1526342400
A2N97FVE233YZ4,B014IBJKNO,5,1525478400
A2YIR9LKJO8W37,B014IBJKNO,5,1525305600
A3NAUSUOBMW1XH,B014IBJKNO,3,1525046400
AHZ8GGXF4BCNP,B014IBJKNO,5,1524700800
A1OWUKMLTHKYG,B014IBJKNO,5,1524528000
A1VH37JYIIHE3F,B014IBJKNO,5,1524355200
AOZHQ15OKY2ZT,B014IBJKNO,3,1524096000
A2YZERYQTLB8NG,B014IBJKNO,5,1524009600
A2EGVPBTNJI3HB,B014IBJKNO,5,1524009600
A1B3W4RSJ1CJEO,B014IBJKNO,5,1523836800
A3P9DECTULU1B3,B014IBJKNO,5,1523750400
A353OJ19SEMPT4,B014IBJKNO,3,1523577600
A1CIQ2ULKB933A,B014IBJKNO,3,1523232000
A1TFZVGT6J5NYZ,B014IBJKNO,5,1523232000
A2IJJUO99LXIXG,B014IBJKNO,5,1523145600
A1CKPC88NHMYGR,B014IBJKNO,5,1523059200
A1S4O68F0UG4GA,B014IBJKNO,5,1522800000
A8C8Q1GQPYPR3,B014IBJKNO,4,1522713600
A3RHNGQAZWUX01,B014IBJKNO,5,1522713600
A2ILUTAAPPZY79,B014IBJKNO,5,1522454400
A21PLUMLST80EK,B014IBJKNO,5,1522195200
A1R9CFF27RIALC,B014IBJKNO,3,1522108800
A3KKVVAINMZF9D,B014IBJKNO,5,1521676800
AHQZL3LSIR57E,B014IBJKNO,5,1521676800
A36UF843501J4Y,B014IBJKNO,5,1521590400
AJ74ZOS1UKOBA,B014IBJKNO,5,1521504000
A3UTTXFSBNV2V7,B014IBJKNO,5,1521417600
A2QPBIA0HKEL96,B014IBJKNO,5,1521417600
AHXQ0PAMEKC0P,B014IBJKNO,4,1521244800
A2P6I9PGAVEW6E,B014IBJKNO,5,1520899200
A6CXK8NXD50R2,B014IBJKNO,1,1520726400
A39943Z2419XIU,B014IBJKNO,5,1520208000
A2RZ3T3ECENTMO,B014IBJKNO,5,1519948800
A16BGUHQH20CIP,B014IBJKNO,5,1519776000
A3O3KF45YVTOGY,B014IBJKNO,5,1519689600
A3TLWN2BRF1QH5,B014IBJKNO,5,1519689600
A2ZGEESHHGFZKL,B014IBJKNO,5,1519689600
AUE82PKEUMKZB,B014IBJKNO,1,1519516800
A2UVALXRJ35D1A,B014IBJKNO,2,1519516800
A3E05IUHHCTRJC,B014IBJKNO,5,1519171200
A3RNGBSBRJ3YAQ,B014IBJKNO,5,1519084800
A13W5DGU9QF721,B014IBJKNO,5,1518566400
A2QRWCN5YR05G9,B014IBJKNO,5,1518566400
A2UALK0MY7S3C2,B014IBJKNO,5,1518393600
A5JF4EQ9MQC78,B014IBJKNO,5,1517443200
A3VGHF7VNFBMCQ,B014IBJKNO,5,1517443200
A13JGYKUU10QKH,B014IBJKNO,5,1517184000
ATHL3S7ZD436V,B014IBJKNO,4,1516838400
A36T5MSMYI9F3C,B014IBJKNO,5,1516233600
ACZAPPQ95QM86,B014IBJKNO,5,1515628800
A23TE15JI8Q2YQ,B014IBJKNO,1,1515542400
AC5PPX3XLCZN1,B014IBJKNO,5,1515542400
A3U0BBRU2Q85LE,B014IBJKNO,3,1515456000
A174EEWMHB3J8N,B014IBJKNO,5,1515369600
A1VXFXHDY4SRI5,B014IBJKNO,5,1515369600
A1FQAVH5JBSV6A,B014IBJKNO,5,1515283200
A2GBBOXDACUA6,B014IBJKNO,5,1514505600
A2LZMWZ1CM4PF3,B014IBJKNO,5,1514419200
A1UVWOQTPDSYGY,B014IBJKNO,2,1513468800
A18530DRJJ0QAF,B014IBJKNO,5,1513468800
A2LSGH30A8AN2Y,B014IBJKNO,3,1512432000
A1LKTJ6HKH077C,B014IBJKNO,5,1512432000
A1DX2WRQ2ZHAEK,B014IBJKNO,5,1512345600
A2PWOO618R3IKJ,B014IBJKNO,5,1512000000
AERFS3FMQJJ9L,B014IBJKNO,3,1512000000
A22FYN2DKXSWS0,B014IBJKNO,3,1511827200
A3OP70LPLALBKN,B014IBJKNO,5,1511740800
A3OP70LPLALBKN,B014IBJKNO,5,1511740800
A1BN6I0B2OF7WB,B014IBJKNO,1,1511049600
A2PYQN4T4LV0NP,B014IBJKNO,5,1510617600
A14LN0R1PQA5WI,B014IBJKNO,4,1510358400
A35U6TP5276HMD,B014IBJKNO,5,1510272000
AKZNLII88A0KO,B014IBJKNO,5,1510185600
A3PZ1TJ71WPLXV,B014IBJKNO,4,1510012800
A3M69Q5SNV7U0X,B014IBJKNO,2,1509840000
A2GOOFFNUI20XI,B014IBJKNO,5,1509753600
A10Z8PKPUJ7YHO,B014IBJKNO,3,1509753600
AHFAVT1MUB29W,B014IBJKNO,4,1509667200
A10X6EMVZGVX9E,B014IBJKNO,5,1509580800
A3JPU96NVWGUF5,B014IBJKNO,4,1509408000
A2620Z0QR2OFYC,B014IBJKNO,5,1509235200
A312BTXKFHK927,B014IBJKNO,5,1508976000
A30HFZ2FW8CQBI,B014IBJKNO,5,1508976000
AF70T61UO8MCD,B014IBJKNO,5,1508889600
AJX8JEGB4Z8AI,B014IBJKNO,5,1508803200
A2HMEEX4K9UX81,B014IBJKNO,5,1508630400
AKG96VVJ8XANP,B014IBJKNO,3,1508284800
A34LYR4FWZ77CA,B014IBJKNO,5,1507852800
A2M3ZNLCYPZ5A1,B014IBJKNO,3,1507593600
AQAY0P6DQAWDL,B014IBJKNO,5,1506988800
A246RG8KSPK5XS,B014IBJKNO,5,1506902400
A2JCYVQLKWULGM,B014IBJKNO,5,1506470400
AQWZQKD0N851T,B014IBJKNO,5,1506384000
A3V6I3EA3X3SCE,B014IBJKNO,5,1506297600
AGT48Z76ZQSQU,B014IBJKNO,5,1505865600
A2W3B4YHP3HZ9R,B014IBJKNO,5,1505692800
AGVYFU0PR5IWV,B014IBJKNO,5,1505520000
A2SU06VTWMFP7C,B014IBJKNO,5,1505347200
AVZB7UFLT6VD,B014IBJKNO,5,1505260800
ANPPQ1G3RP88H,B014IBJKNO,5,1505001600
ABONZZSS8YG3K,B014IBJKNO,5,1504742400
A2T8BWOO7BFBWY,B014IBJKNO,5,1504569600
A1NTI9B7VY30JM,B014IBJKNO,5,1504483200
AM9TTLTT6DR1W,B014IBJKNO,4,1503964800
AP8CWOZ30P4GH,B014IBJKNO,1,1503964800
A2ORP5RT8NQ0Q7,B014IBJKNO,5,1503964800
A5Z3UGOPDBJPW,B014IBJKNO,5,1503792000
A2GWLCDWM7V59I,B014IBJKNO,4,1503532800
A2XUQXG9J9SRTG,B014IBJKNO,1,1503532800
A2R0RL0TF6E9VC,B014IBJKNO,5,1503273600
AB29N6EMOFEVW,B014IBJKNO,5,1503187200
A2Y2IKO63FNHQE,B014IBJKNO,3,1502928000
A1OK7HI3YI9682,B014IBJKNO,5,1502928000
A39U1R8S96YIR4,B014IBJKNO,5,1502755200
A1Z37N7XE7FRD2,B014IBJKNO,5,1502668800
A3LGYYLGO2KJOE,B014IBJKNO,5,1502496000
A1J3XYI0M1D0LW,B014IBJKNO,4,1502409600
A9KR8PT0Z47CL,B014IBJKNO,3,1502150400
A1AUEUD7NP1LUC,B014IBJKNO,5,1502150400
A177WB7O660HS8,B014IBJKNO,5,1502064000
A38BS1VCQ4XSGV,B014IBJKNO,5,1501804800
A38X15IJFAPHZP,B014IBJKNO,3,1501632000
A1OFFB5DLIHH41,B014IBJKNO,5,1500508800
A1PFKS00R93MRZ,B014IBJKNO,5,1500336000
A23H50RT6SLXY9,B014IBJKNO,4,1500336000
APWLFTPOXQCCG,B014IBJKNO,5,1500336000
AN5PL4KUZS35E,B014IBJKNO,5,1500336000
A37EEIAK5YJGTS,B014IBJKNO,5,1500336000
A87LWEOT3ZJU7,B014IBJKNO,5,1500336000
A1LCV2UNXGHB0W,B014IBJKNO,5,1500336000
A3O0UBMD8CSF1V,B014IBJKNO,5,1500076800
A184AKBVD3WI86,B014IBJKNO,3,1500076800
A3I0ZDRING4F8W,B014IBJKNO,5,1499558400
AXZ02W7FMBC35,B014IBJKNO,5,1499472000
A29K85C92Z8HGR,B014IBJKNO,4,1499385600
AE6W48FPMKO4L,B014IBJKNO,3,1498867200
AKY3EYDEZVW6C,B014IBJKNO,5,1498780800
A1GQ2TRY8J631M,B014IBJKNO,5,1498608000
A21M1G84SE8SOO,B014IBJKNO,5,1498435200
AU2OMN6TEN4GA,B014IBJKNO,5,1498003200
A2PJ5F6BY1TZNK,B014IBJKNO,5,1497916800
A3B23RZXRXYT9Q,B014IBJKNO,5,1497916800
A3JTZ664IGZIOK,B014IBJKNO,4,1497830400
A2JOUOASELY1XR,B014IBJKNO,5,1497830400
ADTQ22MUSQFIR,B014IBJKNO,5,1497830400
A1OM5S4Z9J2JQQ,B014IBJKNO,3,1497571200
AXJZFD1IUBAE7,B014IBJKNO,5,1497484800
A3UO0DDWXIJ8DW,B014IBJKNO,5,1497484800
A4GR8SDFRBSDV,B014IBJKNO,5,1497398400
A29ACU3O9IMICZ,B014IBJKNO,5,1497312000
A9C9408H23DRM,B014IBJKNO,5,1496880000
A3T9CL6JYWAP40,B014IBJKNO,1,1496620800
A3W0GO31B8Y2KE,B014IBJKNO,5,1496361600
A3GQXGVAIH5EU4,B014IBJKNO,5,1496102400
A14LVJDMDABMML,B014IBJKNO,5,1496102400
AJWKZNI5VHW86,B014IBJKNO,4,1496016000
A3J4XAGMLTHFHZ,B014IBJKNO,3,1495670400
A12FBA7DCFE5W7,B014IBJKNO,5,1495411200
A2ZE58RF22658T,B014IBJKNO,5,1495411200
AT7UEQ7UJB0RU,B014IBJKNO,5,1495152000
AT7UEQ7UJB0RU,B014IBJKNO,5,1495152000
A10WPKF2VH1JWY,B014IBJKNO,4,1495065600
A2ABEGA0S52R5E,B014IBJKNO,4,1494806400
ADD8OMIBXZ89G,B014IBJKNO,3,1494374400
A1P2JWDZ4SFW78,B014IBJKNO,5,1494115200
AI4KO5XDRKDFR,B014IBJKNO,5,1494028800
A24DSR6Y3A08QM,B014IBJKNO,5,1493942400
A1E4Y7BABMEA03,B014IBJKNO,5,1493769600
AJDX5KE665V0K,B014IBJKNO,5,1493769600
A1SR58S4CXKU5G,B014IBJKNO,4,1493683200
A3D71DQPAAI6O4,B014IBJKNO,5,1493596800
AASAT3YLO3WTB,B014IBJKNO,5,1493337600
A1RNS06YMZXM0K,B014IBJKNO,4,1493251200
A21SV1XYXF2GK,B014IBJKNO,4,1493251200
A17DW041T4X7TJ,B014IBJKNO,5,1493164800
A14TS9PCRLLWEG,B014IBJKNO,5,1493078400
A2ZMHBMNYFXOX7,B014IBJKNO,4,1492992000
A1K0VEMIB5QF7I,B014IBJKNO,5,1492992000
A135KOM855ZA5,B014IBJKNO,5,1492646400
A2IAB9QOQH3IA6,B014IBJKNO,5,1492560000
A3S1CGGMXE41RR,B014IBJKNO,5,1492473600
A3B4FM5VE99X4P,B014IBJKNO,5,1492387200
AKJVCU7H1KDWI,B014IBJKNO,5,1492214400
AFD4WKNPLPS3I,B014IBJKNO,5,1492128000
A36GUL3Z65YSIP,B014IBJKNO,4,1491868800
AT72GRKOXVE25,B014IBJKNO,5,1491868800
A2AEJ9NTLWD61V,B014IBJKNO,5,1491782400
AWEIW3G1E0MKO,B014IBJKNO,5,1491782400
A2IFCGU2IQ6KAV,B014IBJKNO,4,1491782400
A2AGT9INDKDK6B,B014IBJKNO,5,1491609600
A2Q6OH5LUQXPFV,B014IBJKNO,4,1491350400
ADLAYE3PNYFJM,B014IBJKNO,5,1491350400
AZ7LUSY20ZFSC,B014IBJKNO,5,1491264000
A1L7TD1CZQDK6R,B014IBJKNO,5,1491091200
A3T1O294HJJTUH,B014IBJKNO,4,1490832000
A3EOYFVP68048C,B014IBJKNO,5,1490745600
A2JX7ESVMGXMJY,B014IBJKNO,2,1490486400
A2K5ZBX75J80TX,B014IBJKNO,1,1490400000
AY9TXNLYCD9L5,B014IBJKNO,5,1490313600
A9MOCNHJD03PI,B014IBJKNO,5,1490313600
AEUUYBIO73RLA,B014IBJKNO,5,1490227200
A3A2DRPMDCRFBC,B014IBJKNO,5,1490054400
A140XVPLRQYKYY,B014IBJKNO,4,1489968000
A2KMWD77XBGZ8K,B014IBJKNO,5,1489795200
A25SOIZ0IZE1YY,B014IBJKNO,5,1489795200
A1ZR8LQHUOUFJP,B014IBJKNO,3,1489708800
A2AAABWQUYH26V,B014IBJKNO,4,1489536000
A3LBTMJ453T4W6,B014IBJKNO,3,1489536000
A2NBGWZH3VC2EW,B014IBJKNO,5,1489536000
A3B5TYITM5FKRO,B014IBJKNO,5,1489449600
A2O3GSYI4B5Z9H,B014IBJKNO,5,1489363200
AG1CF6PFNBOQH,B014IBJKNO,5,1489276800
A1LLDHUO4OLXYI,B014IBJKNO,5,1488931200
A37K0VP2H8FKOU,B014IBJKNO,4,1488931200
A37K0VP2H8FKOU,B014IBJKNO,4,1488931200
AZYHPRWLMSY9O,B014IBJKNO,5,1488758400
A1GZ9Z5M3Q4FDK,B014IBJKNO,5,1488067200
A3F5015D4BBJM9,B014IBJKNO,4,1487894400
ABKS5CX4GI72B,B014IBJKNO,5,1487894400
A2A1WECA7Y5UPN,B014IBJKNO,4,1487635200
A3PRZ9ESGB2KPU,B014IBJKNO,5,1487635200
A3JGWZXFBDENRB,B014IBJKNO,3,1487203200
A6BHQ6FNIRI1K,B014IBJKNO,5,1487116800
A1EE1EP2G0HKQ,B014IBJKNO,5,1486944000
A2DDYH2QTGQ6FZ,B014IBJKNO,5,1486857600
A2T47RI1J0I7JM,B014IBJKNO,5,1486771200
ABWHIDHK8JSRD,B014IBJKNO,4,1486512000
ADUWEIS0CHJV8,B014IBJKNO,4,1486339200
A2JD3RN8JCO62Z,B014IBJKNO,2,1485993600
A3BN0MRGRDKM0J,B014IBJKNO,5,1485907200
AODFGQL9CC7G7,B014IBJKNO,3,1485820800
A13P82MG3XFWV1,B014IBJKNO,5,1485302400
A8I41EKH4UI1Y,B014IBJKNO,5,1485043200
ADJRDVMENHF0J,B014IBJKNO,5,1484870400
A3QKKFB26AZSMG,B014IBJKNO,5,1484697600
A1IE5BGNY2JTF4,B014IBJKNO,2,1484697600
A1F6LKEC43RSZM,B014IBJKNO,5,1484697600
A3BZKR332FQEP8,B014IBJKNO,5,1484697600
ARY4E7Y947T9P,B014IBJKNO,4,1484697600
A8DR2Z71DERN0,B014IBJKNO,1,1484438400
A3RP2S6J4VUA7D,B014IBJKNO,4,1484265600
A34NDY5V71MVJ6,B014IBJKNO,5,1484179200
A2AXI9WHORKU6X,B014IBJKNO,5,1484179200
AOYR5V85UYA8O,B014IBJKNO,5,1484006400
A38Z4KJHHVY0AU,B014IBJKNO,5,1483747200
A1WK3VVSUB1FY7,B014IBJKNO,5,1483747200
A3KWGJH9EBRLE8,B014IBJKNO,4,1483660800
A199ICSPL9EXJ5,B014IBJKNO,1,1483488000
A11D8CLU9H24YK,B014IBJKNO,5,1483488000
A3A90ECS7ALV4T,B014IBJKNO,5,1483228800
A1LLX8PMQSAUHT,B014IBJKNO,5,1483228800
A62VUJ6MUZU6M,B014IBJKNO,5,1483142400
A37RTXMIC21YOH,B014IBJKNO,5,1482969600
A2JMHGCCBZPYP4,B014IBJKNO,5,1482969600
A29KOO6WMPLGOQ,B014IBJKNO,5,1482883200
A3LWEZO2OWFJX5,B014IBJKNO,5,1482883200
A1IR4GED6BXNSR,B014IBJKNO,5,1482796800
A9MNC403IAKFS,B014IBJKNO,2,1482624000
ASEXDKPTYY14D,B014IBJKNO,5,1482451200
AEHOCC2S72M38,B014IBJKNO,5,1482364800
A1R7S4XNZLSLBH,B014IBJKNO,2,1481846400
A3PTZ7IHGU9BA8,B014IBJKNO,1,1481760000
AZ7P3NH09B66S,B014IBJKNO,5,1481500800
A37OEAOYVLKYC,B014IBJKNO,5,1481500800
A1QGX3IWOHIZYA,B014IBJKNO,4,1481155200
A1DF4MM3K93J0W,B014IBJKNO,4,1480809600
A2VMKNYTJ973O3,B014IBJKNO,4,1480636800
A1OZMZ4FLR5UPW,B014IBJKNO,5,1480636800
A3G2IEH99QRNYP,B014IBJKNO,5,1480550400
A9E07GS8ZV3ON,B014IBJKNO,5,1480291200
ACDIEMICS7XGC,B014IBJKNO,5,1480204800
A1223JGQ0GRSPT,B014IBJKNO,5,1479859200
AUDAQGK21DH1Z,B014IBJKNO,4,1479686400
ATSUXY7ASCGPY,B014IBJKNO,4,1479254400
AY6GA8WZR3JKV,B014IBJKNO,5,1479254400
A1NBH6OGAD3BSK,B014IBJKNO,3,1479081600
A3DIMXA53RL7P,B014IBJKNO,5,1478822400
A2RI4IA5982B8I,B014IBJKNO,4,1478822400
A1EWNWTJPKEO4Z,B014IBJKNO,5,1478649600
AXKDU1CHG7Y4,B014IBJKNO,4,1478563200
A2FCRNY9C46Q4H,B014IBJKNO,5,1478476800
AJWSFNS4F87M6,B014IBJKNO,3,1478390400
A2KGKIJ528667I,B014IBJKNO,3,1477785600
A2CP5A30XO5JUO,B014IBJKNO,5,1477699200
A6IYTCB1PQ6NR,B014IBJKNO,3,1477440000
A3CXL2P49AQQRH,B014IBJKNO,5,1477353600
A1TEBP1FCCJW5V,B014IBJKNO,5,1477267200
AD7ZF3D5JH9HL,B014IBJKNO,5,1477267200
A2HL6AXS8GU07F,B014IBJKNO,5,1476835200
A3GJ2XW7W3VC5L,B014IBJKNO,5,1476662400
A1X1ZJUOWLSFPG,B014IBJKNO,5,1476489600
A2QVLSH9P0BFA6,B014IBJKNO,4,1476144000
A17SQ5GHL7FCTZ,B014IBJKNO,3,1475971200
A2JYB3OMH5QEBV,B014IBJKNO,4,1475625600
A717DJ1DZRTC5,B014IBJKNO,3,1475280000
A2NKNE9SV2KIN2,B014IBJKNO,5,1474848000
AZ3KLARHNWMNZ,B014IBJKNO,5,1474588800
A218T4MO2D9DF3,B014IBJKNO,5,1474156800
A39XW67H6XEUOJ,B014IBJKNO,1,1473638400
A3SM5XENOINDNH,B014IBJKNO,1,1473552000
AMDBCZOTA9PVG,B014IBJKNO,5,1473379200
AIIPH3GX5LWS0,B014IBJKNO,4,1473120000
ASOSP4VAUDB7I,B014IBJKNO,4,1472774400
A11JLWK8H96AU,B014IBJKNO,5,1472428800
AC5WLG32YTU5K,B014IBJKNO,5,1472256000
A2MIBT81MX859C,B014IBJKNO,5,1472256000
A2YPMEQ0QQ2I50,B014IBJKNO,3,1472169600
A12LDKOWDBPQTC,B014IBJKNO,5,1471910400
A2S1234WV0NH27,B014IBJKNO,5,1471651200
A3R2PQ01UGPDOX,B014IBJKNO,5,1471219200
AV2MXVWMTERBK,B014IBJKNO,5,1471219200
A2UE1H1A7NH56P,B014IBJKNO,5,1471132800
A36XF6818PQ4DJ,B014IBJKNO,5,1470614400
A2SF88GW3AWEFK,B014IBJKNO,3,1470355200
AIM9MWMG87AWG,B014IBJKNO,5,1469577600
AK1X6JAJ2L389,B014IBJKNO,5,1469145600
A3IO5BLF4EPZDR,B014IBJKNO,3,1469059200
A26TU9F2BSPSGT,B014IBJKNO,5,1468886400
ABRX0RQNRXX85,B014IBJKNO,5,1468800000
A2GXUQFUWMZ2FH,B014IBJKNO,5,1468368000
AS378UOMHULXO,B014IBJKNO,5,1467331200
A3QX1A6IPFQTN9,B014IBJKNO,5,1467331200
A3LJ4LLR2UX4CB,B014IBJKNO,5,1467072000
A34WSGSH5OBAM2,B014IBJKNO,5,1466812800
A2QJWHL4HY9FMF,B014IBJKNO,3,1466467200
AXVYVUK058AM3,B014IBJKNO,5,1466294400
A1AS1520CGYJ79,B014IBJKNO,5,1466035200
AIP4C9MG13COB,B014IBJKNO,5,1465516800
A1X1DXP9HGXG27,B014IBJKNO,5,1465084800
AIO1XEP0AIDQJ,B014IBJKNO,5,1464825600
AYNXCABS73RDW,B014IBJKNO,5,1464480000
A2X2KP4XXM06OU,B014IBJKNO,5,1464393600
A15DWAOMHKY7F2,B014IBJKNO,5,1464048000
A2P87PVYP2KLT6,B014IBJKNO,4,1464048000
A1OOBIVO3APP7E,B014IBJKNO,5,1463702400
A2G9JO5SZ3GUXH,B014IBJKNO,5,1463529600
A14NH559TEDFQL,B014IBJKNO,5,1463356800
A2KCFRMKVHYSU7,B014IBJKNO,5,1463270400
A10RXRZE0TAKPU,B014IBJKNO,4,1462924800
A22WG2NE4D47UM,B014IBJKNO,5,1462838400
A1SC6HVU28ND3D,B014IBJKNO,5,1462752000
AJDH2WVLX79KA,B014IBJKNO,5,1462665600
AVHVZJ5HB6FSK,B014IBJKNO,4,1462579200
AG8MPE8CQAPM7,B014IBJKNO,4,1462320000
A1AWX0M8R6A2I1,B014IBJKNO,5,1462320000
AT5OQFDS6PEE1,B014IBJKNO,5,1461369600
AOFQAZVA6Q6E7,B014IBJKNO,5,1461196800
A2C6XHB0AEBNEG,B014IBJKNO,4,1461110400
A3UMNRR89DIZRM,B014IBJKNO,4,1461024000
AZRZ2FB7CFNOE,B014IBJKNO,5,1460937600
A4M7JTCBXRAT3,B014IBJKNO,3,1459728000
A2TRI54C8EMCX,B014IBJKNO,5,1459382400
AGZ5OOZVDO194,B01595OS62,5,1518048000
A3VGHF7VNFBMCQ,B016XAJLVO,5,1517443200
A12DWXDNZQTKXQ,B01H7KY678,4,1500422400
A1T708NWV60HSO,B001IKJOLW,5,1526947200
ASECGGNQIT2RN,B001IKJOLW,5,1526428800
A39LISAY8SNHM,B001IKJOLW,5,1526428800
A1A8RABZPTD7HL,B001IKJOLW,3,1526342400
A2BM6XH033ZQ3I,B001IKJOLW,3,1526342400
A2N97FVE233YZ4,B001IKJOLW,5,1525478400
A2YIR9LKJO8W37,B001IKJOLW,5,1525305600
A3NAUSUOBMW1XH,B001IKJOLW,3,1525046400
AHZ8GGXF4BCNP,B001IKJOLW,5,1524700800
A1OWUKMLTHKYG,B001IKJOLW,5,1524528000
A21HH0VIBKK80J,B001LNSY2Q,1,1486512000
A2BFZUQ2XV535H,B001LNSY2Q,5,1485129600
A1EZN3E9R322YJ,B003M6060S,4,1513555200
A311XHHLM12MUT,B0058YEJ5K,5,1529452800
A135SGOQMVWABQ,B0058YEJ5K,5,1529107200
A3H6A9RH9LN2LJ,B0058YEJ5K,5,1527984000
A1T708NWV60HSO,B0058YEJ5K,5,1526947200
ASECGGNQIT2RN,B0058YEJ5K,5,1526428800
A39LISAY8SNHM,B0058YEJ5K,5,1526428800
A1A8RABZPTD7HL,B0058YEJ5K,3,1526342400
A2BM6XH033ZQ3I,B0058YEJ5K,3,1526342400
A2N97FVE233YZ4,B0058YEJ5K,5,1525478400
A2YIR9LKJO8W37,B0058YEJ5K,5,1525305600
A2IBS6PIPAGAB5,B0014F7B98,5,1530144000
A1GTC5EVSJNCQ8,B0014F7B98,5,1529884800
A311XHHLM12MUT,B0014F7B98,5,1529452800
A135SGOQMVWABQ,B0014F7B98,5,1529107200
A3H6A9RH9LN2LJ,B0014F7B98,5,1527984000
A1T708NWV60HSO,B0014F7B98,5,1526947200
ASECGGNQIT2RN,B0014F7B98,5,1526428800
A39LISAY8SNHM,B0014F7B98,5,1526428800
A1A8RABZPTD7HL,B0014F7B98,3,1526342400
A2BM6XH033ZQ3I,B0014F7B98,3,1526342400
A3331XPWE0QR9O,B009MA34NY,5,1530748800
A1DHIMM5SZGIIL,B009MA34NY,5,1530662400
A2077NII5H62R2,B009MA34NY,5,1530489600
A2IBS6PIPAGAB5,B009MA34NY,5,1530144000
A1GTC5EVSJNCQ8,B009MA34NY,5,1529884800
A311XHHLM12MUT,B009MA34NY,5,1529452800
A135SGOQMVWABQ,B009MA34NY,5,1529107200
A3H6A9RH9LN2LJ,B009MA34NY,5,1527984000
A1T708NWV60HSO,B009MA34NY,5,1526947200
ASECGGNQIT2RN,B009MA34NY,5,1526428800
A3331XPWE0QR9O,B0092UF54A,5,1530748800
A1DHIMM5SZGIIL,B0092UF54A,5,1530662400
A2077NII5H62R2,B0092UF54A,5,1530489600
A2IBS6PIPAGAB5,B0092UF54A,5,1530144000
A1GTC5EVSJNCQ8,B0092UF54A,5,1529884800
A311XHHLM12MUT,B0092UF54A,5,1529452800
A135SGOQMVWABQ,B0092UF54A,5,1529107200
A3H6A9RH9LN2LJ,B0092UF54A,5,1527984000
A3331XPWE0QR9O,B005AGO4LU,5,1530748800
A1DHIMM5SZGIIL,B005AGO4LU,5,1530662400
A2077NII5H62R2,B005AGO4LU,5,1530489600
A2IBS6PIPAGAB5,B005AGO4LU,5,1530144000
A1GTC5EVSJNCQ8,B005AGO4LU,5,1529884800
A311XHHLM12MUT,B005AGO4LU,5,1529452800
A135SGOQMVWABQ,B005AGO4LU,5,1529107200
